<?xml version="1.0" encoding="UTF-8"?>
<gpx schemaLocation="http://www.topografix.com/GPX/1/1 http://www.topografix.com/GPX/1/1/gpx.xsd" version="1.1" creator="EditGPX" xmlns="http://www.topografix.com/GPX/1/1" xmlns:xsi="http://www.w3.org/2001/XMLSchema-instance" xsi:schemaLocation="http://www.topografix.com/GPX/1/1 http://www.topografix.com/GPX/1/1/gpx.xsd http://www.garmin.com/xmlschemas/GpxExtensions/v3 http://www.garmin.com/xmlschemas/GpxExtensionsv3.xsd http://www.garmin.com/xmlschemas/TrackPointExtension/v1 http://www.garmin.com/xmlschemas/TrackPointExtensionv1.xsd http://www.garmin.com/xmlschemas/PowerExtension/v1 http://www.garmin.com/xmlschemas/PowerExtensionv1.xsd http://www.topografix.com/GPX/gpx_style/0/2 http://www.topografix.com/GPX/gpx_style/0/2/gpx_style.xsd" xmlns:gpxtpx="http://www.garmin.com/xmlschemas/TrackPointExtension/v1" xmlns:gpxx="http://www.garmin.com/xmlschemas/GpxExtensions/v3" xmlns:gpxpx="http://www.garmin.com/xmlschemas/PowerExtension/v1" xmlns:gpx_style="http://www.topografix.com/GPX/gpx_style/0/2">
  <metadata>
    <name>1994-07 Wainwrights Coast to Coast walk</name>
    <desc>1994-07 Wainwrights Coast to Coast walk merged</desc>
    <author>
      <name>gpx.studio</name>
      <link href="https://gpx.studio"/>
    </author>
  </metadata>
  <wpt lat="54.405588" lon="-2.169645">
    <ele>339.9265631218388</ele>
    <name>Keld campsite</name>
  </wpt>
  <wpt lat="54.37551" lon="-1.89679">
    <ele>179.09356575063808</ele>
    <name>Marrick Abbey</name>
  </wpt>
  <wpt lat="54.386955" lon="-1.613457">
    <ele>51.49647334872962</ele>
    <name>Laylands Farm campsite in Bolton-on-Swale</name>
  </wpt>
  <wpt lat="54.398277" lon="-1.308514">
    <ele>71.65621343444415</ele>
    <name>Blue Bell Inn Ingleby Cross Camping</name>
  </wpt>
  <wpt lat="54.388787" lon="-0.957803">
    <ele>395.5175124243664</ele>
    <name> The Lion Inn on Blakey Ridge camping</name>
  </wpt>
  <wpt lat="54.431795" lon="-0.710294">
    <ele>181.42959289283297</ele>
    <name>Fairhead Farm Grosmont camping</name>
  </wpt>
  <wpt lat="54.458085" lon="-0.549963">
    <ele>99.0897638706013</ele>
    <name>North Cliff Hawsker Holiday Park camping</name>
  </wpt>
  <trk>
    <name>St Bees to Ennerdale</name>
    <extensions>
      <gpx_style:line>
        <gpx_style:color>0000FF</gpx_style:color>
        <gpx_style:opacity>1</gpx_style:opacity>
        <gpx_style:width>4</gpx_style:width>
      </gpx_style:line>
    </extensions>
    <trkseg>
      <trkpt lat="54.49022" lon="-3.60751"/>
      <trkpt lat="54.49134" lon="-3.60666">
        <ele>4.9</ele>
      </trkpt>
      <trkpt lat="54.49134" lon="-3.60969">
        <ele>4.2</ele>
      </trkpt>
      <trkpt lat="54.49066" lon="-3.61074">
        <ele>2.1</ele>
      </trkpt>
      <trkpt lat="54.49086" lon="-3.61521">
        <ele>15.7</ele>
      </trkpt>
      <trkpt lat="54.49132" lon="-3.61801">
        <ele>25.1</ele>
      </trkpt>
      <trkpt lat="54.49458" lon="-3.62106">
        <ele>40</ele>
      </trkpt>
      <trkpt lat="54.50186" lon="-3.62612">
        <ele>32.6</ele>
      </trkpt>
      <trkpt lat="54.50435" lon="-3.6295">
        <ele>10.9</ele>
      </trkpt>
      <trkpt lat="54.50513" lon="-3.62938">
        <ele>27.8</ele>
      </trkpt>
      <trkpt lat="54.50477" lon="-3.63111">
        <ele>7.5</ele>
      </trkpt>
      <trkpt lat="54.50512" lon="-3.63281">
        <ele>4.2</ele>
      </trkpt>
      <trkpt lat="54.50879" lon="-3.63632">
        <ele>28.7</ele>
      </trkpt>
      <trkpt lat="54.51511" lon="-3.63862">
        <ele>66.4</ele>
      </trkpt>
      <trkpt lat="54.51717" lon="-3.63731">
        <ele>81.1</ele>
      </trkpt>
      <trkpt lat="54.51704" lon="-3.63542">
        <ele>94.8</ele>
      </trkpt>
      <trkpt lat="54.51787" lon="-3.63305">
        <ele>91.4</ele>
      </trkpt>
      <trkpt lat="54.52032" lon="-3.62348">
        <ele>97.9</ele>
      </trkpt>
      <trkpt lat="54.52206" lon="-3.62215">
        <ele>85.2</ele>
      </trkpt>
      <trkpt lat="54.52248" lon="-3.61827">
        <ele>104.2</ele>
      </trkpt>
      <trkpt lat="54.52291" lon="-3.61345">
        <ele>111.1</ele>
      </trkpt>
      <trkpt lat="54.52088" lon="-3.61267">
        <ele>110.3</ele>
      </trkpt>
      <trkpt lat="54.51895" lon="-3.61134">
        <ele>105</ele>
      </trkpt>
      <trkpt lat="54.51875" lon="-3.60817">
        <ele>92.8</ele>
      </trkpt>
      <trkpt lat="54.51749" lon="-3.60133">
        <ele>76.2</ele>
      </trkpt>
      <trkpt lat="54.51809" lon="-3.60094">
        <ele>77.7</ele>
      </trkpt>
      <trkpt lat="54.5181" lon="-3.60093">
        <ele>77.7</ele>
      </trkpt>
      <trkpt lat="54.51904" lon="-3.59952">
        <ele>82.2</ele>
      </trkpt>
      <trkpt lat="54.51952" lon="-3.59743">
        <ele>87.4</ele>
      </trkpt>
      <trkpt lat="54.51926" lon="-3.59497">
        <ele>88.8</ele>
      </trkpt>
      <trkpt lat="54.5184" lon="-3.59376">
        <ele>86.4</ele>
      </trkpt>
      <trkpt lat="54.5175" lon="-3.59331">
        <ele>83.9</ele>
      </trkpt>
      <trkpt lat="54.51772" lon="-3.59045">
        <ele>78.9</ele>
      </trkpt>
      <trkpt lat="54.51728" lon="-3.58957">
        <ele>79.5</ele>
      </trkpt>
      <trkpt lat="54.51603" lon="-3.5878">
        <ele>83.1</ele>
      </trkpt>
      <trkpt lat="54.51604" lon="-3.58695">
        <ele>85.6</ele>
      </trkpt>
      <trkpt lat="54.51387" lon="-3.58608">
        <ele>85.3</ele>
      </trkpt>
      <trkpt lat="54.51352" lon="-3.57912">
        <ele>91.9</ele>
      </trkpt>
      <trkpt lat="54.51257" lon="-3.57534">
        <ele>72.2</ele>
      </trkpt>
      <trkpt lat="54.51106" lon="-3.57279">
        <ele>22.8</ele>
      </trkpt>
      <trkpt lat="54.51122" lon="-3.57139">
        <ele>12.5</ele>
      </trkpt>
      <trkpt lat="54.51258" lon="-3.56949">
        <ele>13.1</ele>
      </trkpt>
      <trkpt lat="54.51246" lon="-3.56325">
        <ele>22.5</ele>
      </trkpt>
      <trkpt lat="54.51328" lon="-3.56328">
        <ele>21.3</ele>
      </trkpt>
      <trkpt lat="54.51423" lon="-3.55733">
        <ele>43.6</ele>
      </trkpt>
      <trkpt lat="54.51442" lon="-3.5532">
        <ele>64.8</ele>
      </trkpt>
      <trkpt lat="54.5147" lon="-3.55066">
        <ele>71</ele>
      </trkpt>
      <trkpt lat="54.51371" lon="-3.53897">
        <ele>82.8</ele>
      </trkpt>
      <trkpt lat="54.51445" lon="-3.53741">
        <ele>81.9</ele>
      </trkpt>
      <trkpt lat="54.5118" lon="-3.53464">
        <ele>83.7</ele>
      </trkpt>
      <trkpt lat="54.51092" lon="-3.53437">
        <ele>79.9</ele>
      </trkpt>
      <trkpt lat="54.51067" lon="-3.53215">
        <ele>72.7</ele>
      </trkpt>
      <trkpt lat="54.51027" lon="-3.53228">
        <ele>73.2</ele>
      </trkpt>
      <trkpt lat="54.51035" lon="-3.53142">
        <ele>70.6</ele>
      </trkpt>
      <trkpt lat="54.50927" lon="-3.53083">
        <ele>70</ele>
      </trkpt>
      <trkpt lat="54.50895" lon="-3.52881">
        <ele>64.4</ele>
      </trkpt>
      <trkpt lat="54.50724" lon="-3.52643">
        <ele>55.5</ele>
      </trkpt>
      <trkpt lat="54.50715" lon="-3.52399">
        <ele>62.3</ele>
      </trkpt>
      <trkpt lat="54.50685" lon="-3.52267">
        <ele>63.6</ele>
      </trkpt>
      <trkpt lat="54.50712" lon="-3.52212">
        <ele>62.9</ele>
      </trkpt>
      <trkpt lat="54.507" lon="-3.52016">
        <ele>60.3</ele>
      </trkpt>
      <trkpt lat="54.5063" lon="-3.52012">
        <ele>58.9</ele>
      </trkpt>
      <trkpt lat="54.5057" lon="-3.51776">
        <ele>60</ele>
      </trkpt>
      <trkpt lat="54.50487" lon="-3.5157">
        <ele>72.8</ele>
      </trkpt>
      <trkpt lat="54.50564" lon="-3.51479">
        <ele>72.5</ele>
      </trkpt>
      <trkpt lat="54.50568" lon="-3.51427">
        <ele>75</ele>
      </trkpt>
      <trkpt lat="54.50565" lon="-3.51278">
        <ele>82.9</ele>
      </trkpt>
      <trkpt lat="54.50537" lon="-3.5115">
        <ele>89.7</ele>
      </trkpt>
      <trkpt lat="54.50624" lon="-3.51132">
        <ele>89.8</ele>
      </trkpt>
      <trkpt lat="54.506" lon="-3.50993">
        <ele>99</ele>
      </trkpt>
      <trkpt lat="54.50705" lon="-3.50829">
        <ele>121.5</ele>
      </trkpt>
      <trkpt lat="54.50761" lon="-3.50523">
        <ele>156</ele>
      </trkpt>
      <trkpt lat="54.50773" lon="-3.50417">
        <ele>162</ele>
      </trkpt>
      <trkpt lat="54.50808" lon="-3.50397">
        <ele>160.4</ele>
      </trkpt>
      <trkpt lat="54.5071" lon="-3.50117">
        <ele>188.9</ele>
      </trkpt>
      <trkpt lat="54.50612" lon="-3.4987">
        <ele>217.1</ele>
      </trkpt>
      <trkpt lat="54.50219" lon="-3.48111">
        <ele>335.8</ele>
      </trkpt>
      <trkpt lat="54.50167" lon="-3.47979">
        <ele>321.8</ele>
      </trkpt>
      <trkpt lat="54.50115" lon="-3.47836">
        <ele>310.1</ele>
      </trkpt>
      <trkpt lat="54.50066" lon="-3.47738">
        <ele>296.8</ele>
      </trkpt>
      <trkpt lat="54.50045" lon="-3.47608">
        <ele>282.2</ele>
      </trkpt>
      <trkpt lat="54.50083" lon="-3.47364">
        <ele>269.2</ele>
      </trkpt>
      <trkpt lat="54.50177" lon="-3.46936">
        <ele>264.1</ele>
      </trkpt>
      <trkpt lat="54.50106" lon="-3.46502">
        <ele>165.6</ele>
      </trkpt>
      <trkpt lat="54.50061" lon="-3.46272">
        <ele>145</ele>
      </trkpt>
      <trkpt lat="54.50272" lon="-3.46006">
        <ele>147.2</ele>
      </trkpt>
      <trkpt lat="54.5029" lon="-3.4603">
        <ele>150.1</ele>
      </trkpt>
      <trkpt lat="54.5034" lon="-3.46055">
        <ele>156.4</ele>
      </trkpt>
      <trkpt lat="54.5042" lon="-3.4584">
        <ele>159.4</ele>
      </trkpt>
      <trkpt lat="54.50479" lon="-3.45788">
        <ele>166.5</ele>
      </trkpt>
      <trkpt lat="54.50788" lon="-3.45792">
        <ele>190.8</ele>
      </trkpt>
      <trkpt lat="54.50834" lon="-3.45739">
        <ele>192.9</ele>
      </trkpt>
      <trkpt lat="54.51029" lon="-3.45793">
        <ele>196.9</ele>
      </trkpt>
      <trkpt lat="54.51098" lon="-3.4578">
        <ele>197.3</ele>
      </trkpt>
      <trkpt lat="54.51153" lon="-3.4572">
        <ele>202.8</ele>
      </trkpt>
      <trkpt lat="54.51224" lon="-3.45519">
        <ele>215.3</ele>
      </trkpt>
      <trkpt lat="54.51366" lon="-3.45431">
        <ele>219</ele>
      </trkpt>
      <trkpt lat="54.51435" lon="-3.45347">
        <ele>223</ele>
      </trkpt>
      <trkpt lat="54.5153" lon="-3.45343">
        <ele>217</ele>
      </trkpt>
      <trkpt lat="54.51524" lon="-3.45241">
        <ele>222.4</ele>
      </trkpt>
      <trkpt lat="54.51547" lon="-3.45141">
        <ele>225.6</ele>
      </trkpt>
      <trkpt lat="54.51611" lon="-3.45088">
        <ele>222.2</ele>
      </trkpt>
      <trkpt lat="54.51629" lon="-3.45128">
        <ele>219.8</ele>
      </trkpt>
      <trkpt lat="54.52094" lon="-3.45021">
        <ele>177.4</ele>
      </trkpt>
      <trkpt lat="54.52395" lon="-3.44962">
        <ele>142</ele>
      </trkpt>
      <trkpt lat="54.52491" lon="-3.44895">
        <ele>135.5</ele>
      </trkpt>
      <trkpt lat="54.52506" lon="-3.44794">
        <ele>134.3</ele>
      </trkpt>
      <trkpt lat="54.52701" lon="-3.44682">
        <ele>127.1</ele>
      </trkpt>
      <trkpt lat="54.52724" lon="-3.44611">
        <ele>125.5</ele>
      </trkpt>
      <trkpt lat="54.52775" lon="-3.44363">
        <ele>119.6</ele>
      </trkpt>
      <trkpt lat="54.52856" lon="-3.44235">
        <ele>115.3</ele>
      </trkpt>
      <trkpt lat="54.52908" lon="-3.43923">
        <ele>109.9</ele>
      </trkpt>
      <trkpt lat="54.5292" lon="-3.43749">
        <ele>107</ele>
      </trkpt>
      <trkpt lat="54.52925" lon="-3.43767">
        <ele>107</ele>
      </trkpt>
      <trkpt lat="54.52913" lon="-3.43499">
        <ele>108.9</ele>
      </trkpt>
      <trkpt lat="54.52913" lon="-3.43242">
        <ele>116</ele>
      </trkpt>
      <trkpt lat="54.52935" lon="-3.42739">
        <ele>119.7</ele>
      </trkpt>
      <trkpt lat="54.52636" lon="-3.42157">
        <ele>113.6</ele>
      </trkpt>
      <trkpt lat="54.52749" lon="-3.41779">
        <ele>120.2</ele>
      </trkpt>
      <trkpt lat="54.52727" lon="-3.41687">
        <ele>121.1</ele>
      </trkpt>
      <trkpt lat="54.52463" lon="-3.41492">
        <ele>121.1</ele>
      </trkpt>
      <trkpt lat="54.52454" lon="-3.41258">
        <ele>119.8</ele>
      </trkpt>
      <trkpt lat="54.52448" lon="-3.41114">
        <ele>120.3</ele>
      </trkpt>
      <trkpt lat="54.52429" lon="-3.40984">
        <ele>120.1</ele>
      </trkpt>
      <trkpt lat="54.52326" lon="-3.40823">
        <ele>131.6</ele>
      </trkpt>
      <trkpt lat="54.52321" lon="-3.40717">
        <ele>139.5</ele>
      </trkpt>
      <trkpt lat="54.52269" lon="-3.4066">
        <ele>177.5</ele>
      </trkpt>
      <trkpt lat="54.5228" lon="-3.40312">
        <ele>178.1</ele>
      </trkpt>
      <trkpt lat="54.52325" lon="-3.40023">
        <ele>164.5</ele>
      </trkpt>
      <trkpt lat="54.52327" lon="-3.39719">
        <ele>173.8</ele>
      </trkpt>
      <trkpt lat="54.52365" lon="-3.39319">
        <ele>196.9</ele>
      </trkpt>
      <trkpt lat="54.52348" lon="-3.39129">
        <ele>186.6</ele>
      </trkpt>
      <trkpt lat="54.52242" lon="-3.38962">
        <ele>163.4</ele>
      </trkpt>
      <trkpt lat="54.52185" lon="-3.38956">
        <ele>166.7</ele>
      </trkpt>
      <trkpt lat="54.52141" lon="-3.38868">
        <ele>155.4</ele>
      </trkpt>
      <trkpt lat="54.52078" lon="-3.38694">
        <ele>139.7</ele>
      </trkpt>
      <trkpt lat="54.52" lon="-3.38604">
        <ele>149.2</ele>
      </trkpt>
      <trkpt lat="54.51852" lon="-3.38243">
        <ele>149.3</ele>
      </trkpt>
      <trkpt lat="54.51663" lon="-3.37675">
        <ele>157</ele>
      </trkpt>
      <trkpt lat="54.51571" lon="-3.37308">
        <ele>162.7</ele>
      </trkpt>
      <trkpt lat="54.51544" lon="-3.36909">
        <ele>149.5</ele>
      </trkpt>
      <trkpt lat="54.51472" lon="-3.36476">
        <ele>146.8</ele>
      </trkpt>
      <trkpt lat="54.51226" lon="-3.35499">
        <ele>154.3</ele>
      </trkpt>
      <trkpt lat="54.51323" lon="-3.35103">
        <ele>118.8</ele>
      </trkpt>
      <trkpt lat="54.51339" lon="-3.34614">
        <ele>140.3</ele>
      </trkpt>
      <trkpt lat="54.51225" lon="-3.34405">
        <ele>146.6</ele>
      </trkpt>
      <trkpt lat="54.51587" lon="-3.33903">
        <ele>123.1</ele>
      </trkpt>
      <trkpt lat="54.51544" lon="-3.33384">
        <ele>128</ele>
      </trkpt>
      <trkpt lat="54.51527" lon="-3.31976">
        <ele>150.3</ele>
      </trkpt>
      <trkpt lat="54.51528" lon="-3.31867">
        <ele>149</ele>
      </trkpt>
      <trkpt lat="54.51521" lon="-3.31773">
        <ele>145.6</ele>
      </trkpt>
      <trkpt lat="54.51505" lon="-3.31593">
        <ele>140.9</ele>
      </trkpt>
      <trkpt lat="54.51466" lon="-3.31385">
        <ele>142.1</ele>
      </trkpt>
      <trkpt lat="54.51465" lon="-3.31233">
        <ele>145.1</ele>
      </trkpt>
      <trkpt lat="54.51438" lon="-3.31127">
        <ele>146.9</ele>
      </trkpt>
      <trkpt lat="54.51437" lon="-3.30934">
        <ele>148.9</ele>
      </trkpt>
      <trkpt lat="54.51421" lon="-3.30714">
        <ele>148.7</ele>
      </trkpt>
      <trkpt lat="54.51402" lon="-3.30594">
        <ele>149.1</ele>
      </trkpt>
      <trkpt lat="54.51389" lon="-3.30416">
        <ele>155.4</ele>
      </trkpt>
      <trkpt lat="54.51311" lon="-3.30326">
        <ele>157.5</ele>
      </trkpt>
      <trkpt lat="54.51272" lon="-3.30018">
        <ele>166.6</ele>
      </trkpt>
      <trkpt lat="54.51236" lon="-3.2994">
        <ele>166.3</ele>
      </trkpt>
      <trkpt lat="54.51217" lon="-3.29768">
        <ele>167</ele>
      </trkpt>
      <trkpt lat="54.5115" lon="-3.29518">
        <ele>175.3</ele>
      </trkpt>
      <trkpt lat="54.51108" lon="-3.29393">
        <ele>181.7</ele>
      </trkpt>
      <trkpt lat="54.51115" lon="-3.29268">
        <ele>182.5</ele>
      </trkpt>
      <trkpt lat="54.51076" lon="-3.29143">
        <ele>184.6</ele>
      </trkpt>
      <trkpt lat="54.51034" lon="-3.28992">
        <ele>185.4</ele>
      </trkpt>
      <trkpt lat="54.50999" lon="-3.28735">
        <ele>186.6</ele>
      </trkpt>
      <trkpt lat="54.50975" lon="-3.2854">
        <ele>193.9</ele>
      </trkpt>
      <trkpt lat="54.50975" lon="-3.28468">
        <ele>194.4</ele>
      </trkpt>
      <trkpt lat="54.50944" lon="-3.28352">
        <ele>200.7</ele>
      </trkpt>
      <trkpt lat="54.50937" lon="-3.28293">
        <ele>201.3</ele>
      </trkpt>
      <trkpt lat="54.50914" lon="-3.28237">
        <ele>202.5</ele>
      </trkpt>
      <trkpt lat="54.50894" lon="-3.27948">
        <ele>204.7</ele>
      </trkpt>
      <trkpt lat="54.50879" lon="-3.27835">
        <ele>212</ele>
      </trkpt>
      <trkpt lat="54.50802" lon="-3.27501">
        <ele>223.1</ele>
      </trkpt>
      <trkpt lat="54.50794" lon="-3.27435">
        <ele>223.7</ele>
      </trkpt>
      <trkpt lat="54.50775" lon="-3.27376">
        <ele>223.2</ele>
      </trkpt>
      <trkpt lat="54.5076" lon="-3.27239">
        <ele>221.5</ele>
      </trkpt>
      <trkpt lat="54.50714" lon="-3.2707">
        <ele>228.9</ele>
      </trkpt>
      <trkpt lat="54.50677" lon="-3.26979">
        <ele>231.4</ele>
      </trkpt>
      <trkpt lat="54.50653" lon="-3.26836">
        <ele>233.5</ele>
      </trkpt>
      <trkpt lat="54.50574" lon="-3.26674">
        <ele>233.2</ele>
      </trkpt>
      <trkpt lat="54.50487" lon="-3.26468">
        <ele>243.5</ele>
      </trkpt>
      <trkpt lat="54.50373" lon="-3.26129">
        <ele>245.9</ele>
      </trkpt>
      <trkpt lat="54.5032" lon="-3.26012">
        <ele>245.5</ele>
      </trkpt>
      <trkpt lat="54.50279" lon="-3.25784">
        <ele>250.3</ele>
      </trkpt>
      <trkpt lat="54.50212" lon="-3.25357">
        <ele>264.1</ele>
      </trkpt>
      <trkpt lat="54.50151" lon="-3.25118">
        <ele>274.5</ele>
      </trkpt>
      <trkpt lat="54.50085" lon="-3.24874">
        <ele>269.7</ele>
      </trkpt>
      <trkpt lat="54.50067" lon="-3.24536">
        <ele>280.1</ele>
      </trkpt>
      <trkpt lat="54.49848" lon="-3.24244">
        <ele>282.9</ele>
      </trkpt>
      <trkpt lat="54.49751" lon="-3.23977">
        <ele>294.2</ele>
      </trkpt>
      <trkpt lat="54.49703" lon="-3.23799">
        <ele>300.5</ele>
      </trkpt>
      <trkpt lat="54.49671" lon="-3.23677">
        <ele>301.1</ele>
      </trkpt>
      <trkpt lat="54.49722" lon="-3.23404">
        <ele>318.8</ele>
      </trkpt>
      <trkpt lat="54.49744" lon="-3.23151">
        <ele>353</ele>
      </trkpt>
      <trkpt lat="54.49842" lon="-3.22961">
        <ele>422.6</ele>
      </trkpt>
      <trkpt lat="54.49993" lon="-3.22831">
        <ele>488.2</ele>
      </trkpt>
      <trkpt lat="54.50037" lon="-3.22614">
        <ele>557.4</ele>
      </trkpt>
      <trkpt lat="54.50138" lon="-3.21883">
        <ele>618.5</ele>
      </trkpt>
      <trkpt lat="54.5031" lon="-3.21525">
        <ele>621.3</ele>
      </trkpt>
      <trkpt lat="54.50418" lon="-3.21337">
        <ele>620.3</ele>
      </trkpt>
      <trkpt lat="54.50656" lon="-3.21228">
        <ele>585.5</ele>
      </trkpt>
      <trkpt lat="54.51062" lon="-3.21233">
        <ele>531.3</ele>
      </trkpt>
      <trkpt lat="54.51114" lon="-3.20411">
        <ele>441</ele>
      </trkpt>
      <trkpt lat="54.51138" lon="-3.20294">
        <ele>414.1</ele>
      </trkpt>
      <trkpt lat="54.51121" lon="-3.20012">
        <ele>379.3</ele>
      </trkpt>
      <trkpt lat="54.51172" lon="-3.19711">
        <ele>353</ele>
      </trkpt>
      <trkpt lat="54.513" lon="-3.19374">
        <ele>322</ele>
      </trkpt>
      <trkpt lat="54.51314" lon="-3.19162">
        <ele>308.7</ele>
      </trkpt>
      <trkpt lat="54.51281" lon="-3.18819">
        <ele>300.9</ele>
      </trkpt>
      <trkpt lat="54.5126" lon="-3.18597">
        <ele>302.4</ele>
      </trkpt>
      <trkpt lat="54.51363" lon="-3.18524">
        <ele>292.9</ele>
      </trkpt>
      <trkpt lat="54.5149" lon="-3.18094">
        <ele>264.6</ele>
      </trkpt>
      <trkpt lat="54.51566" lon="-3.17697">
        <ele>229.6</ele>
      </trkpt>
      <trkpt lat="54.51676" lon="-3.17235">
        <ele>198.7</ele>
      </trkpt>
      <trkpt lat="54.51665" lon="-3.17197">
        <ele>192.8</ele>
      </trkpt>
      <trkpt lat="54.5161" lon="-3.17012">
        <ele>168.7</ele>
      </trkpt>
      <trkpt lat="54.51629" lon="-3.16873">
        <ele>168.6</ele>
      </trkpt>
      <trkpt lat="54.51576" lon="-3.16487">
        <ele>139.9</ele>
      </trkpt>
      <trkpt lat="54.51441" lon="-3.16844">
        <ele>128.9</ele>
      </trkpt>
      <trkpt lat="54.51356" lon="-3.16737">
        <ele>127</ele>
      </trkpt>
      <trkpt lat="54.51427" lon="-3.16689">
        <ele>119.5</ele>
      </trkpt>
      <trkpt lat="54.51512" lon="-3.15979">
        <ele>109.7</ele>
      </trkpt>
      <trkpt lat="54.51613" lon="-3.15724">
        <ele>114.5</ele>
      </trkpt>
      <trkpt lat="54.51635" lon="-3.15503">
        <ele>107.1</ele>
      </trkpt>
      <trkpt lat="54.51797" lon="-3.15163">
        <ele>99.9</ele>
      </trkpt>
      <trkpt lat="54.51894" lon="-3.15116">
        <ele>99</ele>
      </trkpt>
      <trkpt lat="54.51911" lon="-3.15012">
        <ele>99</ele>
      </trkpt>
      <trkpt lat="54.52119" lon="-3.1491">
        <ele>98.5</ele>
      </trkpt>
      <trkpt lat="54.52235" lon="-3.14993">
        <ele>99.9</ele>
      </trkpt>
      <trkpt lat="54.52259" lon="-3.14922">
        <ele>100.8</ele>
      </trkpt>
      <trkpt lat="54.52316" lon="-3.14819">
        <ele>104.1</ele>
      </trkpt>
      <trkpt lat="54.52357" lon="-3.14674">
        <ele>97.2</ele>
      </trkpt>
      <trkpt lat="54.5243" lon="-3.1474">
        <ele>91.7</ele>
      </trkpt>
      <trkpt lat="54.52471" lon="-3.14566">
        <ele>94.3</ele>
      </trkpt>
      <trkpt lat="54.52471" lon="-3.14566">
        <ele>94.3</ele>
      </trkpt>
      <trkpt lat="54.52311" lon="-3.14477">
        <ele>98.5</ele>
      </trkpt>
      <trkpt lat="54.52167" lon="-3.14482">
        <ele>95.4</ele>
      </trkpt>
      <trkpt lat="54.5206" lon="-3.14379">
        <ele>95.7</ele>
      </trkpt>
      <trkpt lat="54.52051" lon="-3.14203">
        <ele>116.6</ele>
      </trkpt>
      <trkpt lat="54.51957" lon="-3.14179">
        <ele>115.3</ele>
      </trkpt>
      <trkpt lat="54.51935" lon="-3.14264">
        <ele>103.2</ele>
      </trkpt>
      <trkpt lat="54.51738" lon="-3.14158">
        <ele>99.1</ele>
      </trkpt>
      <trkpt lat="54.51668" lon="-3.14017">
        <ele>107.9</ele>
      </trkpt>
      <trkpt lat="54.51542" lon="-3.13909">
        <ele>104.6</ele>
      </trkpt>
      <trkpt lat="54.51422" lon="-3.13698">
        <ele>104.5</ele>
      </trkpt>
      <trkpt lat="54.51326" lon="-3.13588">
        <ele>104.8</ele>
      </trkpt>
      <trkpt lat="54.51249" lon="-3.13511">
        <ele>103.2</ele>
      </trkpt>
      <trkpt lat="54.51061" lon="-3.13194">
        <ele>111.8</ele>
      </trkpt>
      <trkpt lat="54.5101" lon="-3.13038">
        <ele>118.9</ele>
      </trkpt>
      <trkpt lat="54.50996" lon="-3.12791">
        <ele>117.2</ele>
      </trkpt>
      <trkpt lat="54.50918" lon="-3.12596">
        <ele>122.5</ele>
      </trkpt>
      <trkpt lat="54.5085" lon="-3.12488">
        <ele>128.4</ele>
      </trkpt>
      <trkpt lat="54.50812" lon="-3.12427">
        <ele>131</ele>
      </trkpt>
      <trkpt lat="54.5077" lon="-3.12347">
        <ele>134.2</ele>
      </trkpt>
      <trkpt lat="54.50689" lon="-3.12134">
        <ele>150.4</ele>
      </trkpt>
      <trkpt lat="54.50463" lon="-3.1183">
        <ele>197.9</ele>
      </trkpt>
      <trkpt lat="54.5023" lon="-3.11479">
        <ele>255.5</ele>
      </trkpt>
      <trkpt lat="54.49887" lon="-3.11177">
        <ele>337.7</ele>
      </trkpt>
      <trkpt lat="54.49813" lon="-3.11104">
        <ele>362.4</ele>
      </trkpt>
      <trkpt lat="54.49751" lon="-3.11116">
        <ele>369.5</ele>
      </trkpt>
      <trkpt lat="54.49647" lon="-3.1105">
        <ele>392.2</ele>
      </trkpt>
      <trkpt lat="54.49591" lon="-3.11062">
        <ele>403.2</ele>
      </trkpt>
      <trkpt lat="54.49532" lon="-3.11011">
        <ele>404.1</ele>
      </trkpt>
      <trkpt lat="54.49498" lon="-3.11021">
        <ele>404.5</ele>
      </trkpt>
      <trkpt lat="54.49463" lon="-3.10978">
        <ele>411</ele>
      </trkpt>
      <trkpt lat="54.49414" lon="-3.10916">
        <ele>424.7</ele>
      </trkpt>
      <trkpt lat="54.49272" lon="-3.10841">
        <ele>472.1</ele>
      </trkpt>
      <trkpt lat="54.49137" lon="-3.10719">
        <ele>549.5</ele>
      </trkpt>
      <trkpt lat="54.49098" lon="-3.10798">
        <ele>536.7</ele>
      </trkpt>
      <trkpt lat="54.49022" lon="-3.10694">
        <ele>572.6</ele>
      </trkpt>
      <trkpt lat="54.48797" lon="-3.10556">
        <ele>600.5</ele>
      </trkpt>
      <trkpt lat="54.48645" lon="-3.10497">
        <ele>606.9</ele>
      </trkpt>
      <trkpt lat="54.48565" lon="-3.10426">
        <ele>611.6</ele>
      </trkpt>
      <trkpt lat="54.48523" lon="-3.1037">
        <ele>611.2</ele>
      </trkpt>
      <trkpt lat="54.48473" lon="-3.09963">
        <ele>569.2</ele>
      </trkpt>
      <trkpt lat="54.48499" lon="-3.09731">
        <ele>527</ele>
      </trkpt>
      <trkpt lat="54.48292" lon="-3.08976">
        <ele>487.4</ele>
      </trkpt>
      <trkpt lat="54.48293" lon="-3.08962">
        <ele>486.7</ele>
      </trkpt>
      <trkpt lat="54.48085" lon="-3.08372">
        <ele>377.3</ele>
      </trkpt>
      <trkpt lat="54.4796" lon="-3.07966">
        <ele>348.1</ele>
      </trkpt>
      <trkpt lat="54.47923" lon="-3.07536">
        <ele>295</ele>
      </trkpt>
      <trkpt lat="54.47886" lon="-3.06713">
        <ele>260.8</ele>
      </trkpt>
      <trkpt lat="54.47864" lon="-3.06422">
        <ele>240</ele>
      </trkpt>
      <trkpt lat="54.47816" lon="-3.06134">
        <ele>232.9</ele>
      </trkpt>
      <trkpt lat="54.47725" lon="-3.05882">
        <ele>194.8</ele>
      </trkpt>
      <trkpt lat="54.47602" lon="-3.05747">
        <ele>196.1</ele>
      </trkpt>
      <trkpt lat="54.47514" lon="-3.05556">
        <ele>185.9</ele>
      </trkpt>
      <trkpt lat="54.4751" lon="-3.05225">
        <ele>159.4</ele>
      </trkpt>
      <trkpt lat="54.47385" lon="-3.0516">
        <ele>151.2</ele>
      </trkpt>
      <trkpt lat="54.47151" lon="-3.04865">
        <ele>114.5</ele>
      </trkpt>
      <trkpt lat="54.4713" lon="-3.04722">
        <ele>117.9</ele>
      </trkpt>
      <trkpt lat="54.4691" lon="-3.04592">
        <ele>103.6</ele>
      </trkpt>
      <trkpt lat="54.46833" lon="-3.04138">
        <ele>99.7</ele>
      </trkpt>
      <trkpt lat="54.46807" lon="-3.04015">
        <ele>103.5</ele>
      </trkpt>
      <trkpt lat="54.45982" lon="-3.02443">
        <ele>72</ele>
      </trkpt>
      <trkpt lat="54.46096" lon="-3.02574">
        <ele>78.6</ele>
      </trkpt>
      <trkpt lat="54.46167" lon="-3.02631">
        <ele>83.6</ele>
      </trkpt>
      <trkpt lat="54.46339" lon="-3.02991">
        <ele>79.1</ele>
      </trkpt>
      <trkpt lat="54.46369" lon="-3.03123">
        <ele>82.7</ele>
      </trkpt>
      <trkpt lat="54.46408" lon="-3.03074">
        <ele>81.8</ele>
      </trkpt>
      <trkpt lat="54.46862" lon="-3.03152">
        <ele>103.8</ele>
      </trkpt>
      <trkpt lat="54.46929" lon="-3.03084">
        <ele>101.1</ele>
      </trkpt>
      <trkpt lat="54.46989" lon="-3.03082">
        <ele>105.9</ele>
      </trkpt>
      <trkpt lat="54.47071" lon="-3.03018">
        <ele>100.9</ele>
      </trkpt>
      <trkpt lat="54.47217" lon="-3.03035">
        <ele>104</ele>
      </trkpt>
      <trkpt lat="54.47271" lon="-3.03033">
        <ele>100.6</ele>
      </trkpt>
      <trkpt lat="54.47352" lon="-3.02934">
        <ele>93.2</ele>
      </trkpt>
      <trkpt lat="54.47311" lon="-3.02825">
        <ele>91</ele>
      </trkpt>
      <trkpt lat="54.4735" lon="-3.02701">
        <ele>95.1</ele>
      </trkpt>
      <trkpt lat="54.47348" lon="-3.02636">
        <ele>96.7</ele>
      </trkpt>
      <trkpt lat="54.47547" lon="-3.02446">
        <ele>125.9</ele>
      </trkpt>
      <trkpt lat="54.47731" lon="-3.02384">
        <ele>151.4</ele>
      </trkpt>
      <trkpt lat="54.47954" lon="-3.02099">
        <ele>200.5</ele>
      </trkpt>
      <trkpt lat="54.4823" lon="-3.02031">
        <ele>238.2</ele>
      </trkpt>
      <trkpt lat="54.48484" lon="-3.01929">
        <ele>276.3</ele>
      </trkpt>
      <trkpt lat="54.48541" lon="-3.01834">
        <ele>292.3</ele>
      </trkpt>
      <trkpt lat="54.48652" lon="-3.01817">
        <ele>319.6</ele>
      </trkpt>
      <trkpt lat="54.48779" lon="-3.01699">
        <ele>368.8</ele>
      </trkpt>
      <trkpt lat="54.48924" lon="-3.01691">
        <ele>417.7</ele>
      </trkpt>
      <trkpt lat="54.48992" lon="-3.01564">
        <ele>447.4</ele>
      </trkpt>
      <trkpt lat="54.48999" lon="-3.01217">
        <ele>451.4</ele>
      </trkpt>
      <trkpt lat="54.49046" lon="-3.01008">
        <ele>448.4</ele>
      </trkpt>
      <trkpt lat="54.49163" lon="-3.00804">
        <ele>467.9</ele>
      </trkpt>
      <trkpt lat="54.49306" lon="-3.00691">
        <ele>515.1</ele>
      </trkpt>
      <trkpt lat="54.4972" lon="-3.00684">
        <ele>582.8</ele>
      </trkpt>
      <trkpt lat="54.49798" lon="-3.00606">
        <ele>579.6</ele>
      </trkpt>
      <trkpt lat="54.49944" lon="-3.00402">
        <ele>570.3</ele>
      </trkpt>
      <trkpt lat="54.50058" lon="-3.00277">
        <ele>561.1</ele>
      </trkpt>
      <trkpt lat="54.50182" lon="-3.00291">
        <ele>542.2</ele>
      </trkpt>
      <trkpt lat="54.50205" lon="-3.00292">
        <ele>543.4</ele>
      </trkpt>
      <trkpt lat="54.5032" lon="-3.00172">
        <ele>538.6</ele>
      </trkpt>
      <trkpt lat="54.5041" lon="-3.00039">
        <ele>516.9</ele>
      </trkpt>
      <trkpt lat="54.5053" lon="-3.00003">
        <ele>501.1</ele>
      </trkpt>
      <trkpt lat="54.50589" lon="-3.00038">
        <ele>504.5</ele>
      </trkpt>
      <trkpt lat="54.51332" lon="-2.99736">
        <ele>391</ele>
      </trkpt>
      <trkpt lat="54.51657" lon="-2.99008">
        <ele>308.1</ele>
      </trkpt>
      <trkpt lat="54.51824" lon="-2.98912">
        <ele>294.6</ele>
      </trkpt>
      <trkpt lat="54.52111" lon="-2.98383">
        <ele>235.9</ele>
      </trkpt>
      <trkpt lat="54.52298" lon="-2.9776">
        <ele>267.1</ele>
      </trkpt>
      <trkpt lat="54.52586" lon="-2.97401">
        <ele>240.1</ele>
      </trkpt>
      <trkpt lat="54.52658" lon="-2.97213">
        <ele>245.4</ele>
      </trkpt>
      <trkpt lat="54.52764" lon="-2.969">
        <ele>233.2</ele>
      </trkpt>
      <trkpt lat="54.52876" lon="-2.96674">
        <ele>217.4</ele>
      </trkpt>
      <trkpt lat="54.5292" lon="-2.96328">
        <ele>243.5</ele>
      </trkpt>
      <trkpt lat="54.53042" lon="-2.96171">
        <ele>217.6</ele>
      </trkpt>
      <trkpt lat="54.53183" lon="-2.9583">
        <ele>212.5</ele>
      </trkpt>
      <trkpt lat="54.53251" lon="-2.95553">
        <ele>214.3</ele>
      </trkpt>
      <trkpt lat="54.53277" lon="-2.95393">
        <ele>224</ele>
      </trkpt>
      <trkpt lat="54.5332" lon="-2.95162">
        <ele>228.7</ele>
      </trkpt>
      <trkpt lat="54.5338" lon="-2.95026">
        <ele>215.9</ele>
      </trkpt>
      <trkpt lat="54.53412" lon="-2.94882">
        <ele>207</ele>
      </trkpt>
      <trkpt lat="54.53479" lon="-2.94665">
        <ele>186.6</ele>
      </trkpt>
      <trkpt lat="54.53528" lon="-2.9445">
        <ele>166.3</ele>
      </trkpt>
      <trkpt lat="54.53406" lon="-2.94278">
        <ele>182.1</ele>
      </trkpt>
      <trkpt lat="54.53385" lon="-2.93949">
        <ele>198.6</ele>
      </trkpt>
      <trkpt lat="54.53374" lon="-2.93669">
        <ele>180.5</ele>
      </trkpt>
      <trkpt lat="54.53373" lon="-2.93379">
        <ele>169.4</ele>
      </trkpt>
      <trkpt lat="54.53415" lon="-2.93379">
        <ele>164.1</ele>
      </trkpt>
      <trkpt lat="54.53411" lon="-2.93271">
        <ele>163.4</ele>
      </trkpt>
      <trkpt lat="54.53395" lon="-2.93231">
        <ele>163.4</ele>
      </trkpt>
      <trkpt lat="54.53394" lon="-2.93202">
        <ele>162.1</ele>
      </trkpt>
      <trkpt lat="54.53409" lon="-2.93175">
        <ele>159.2</ele>
      </trkpt>
      <trkpt lat="54.53556" lon="-2.92944">
        <ele>155.7</ele>
      </trkpt>
      <trkpt lat="54.53419" lon="-2.93327">
        <ele>164.5</ele>
      </trkpt>
      <trkpt lat="54.53405" lon="-2.93206">
        <ele>161.1</ele>
      </trkpt>
      <trkpt lat="54.53563" lon="-2.92952">
        <ele>155.7</ele>
      </trkpt>
      <trkpt lat="54.53563" lon="-2.92822">
        <ele>159</ele>
      </trkpt>
      <trkpt lat="54.53613" lon="-2.92826">
        <ele>161.3</ele>
      </trkpt>
      <trkpt lat="54.53671" lon="-2.92868">
        <ele>163</ele>
      </trkpt>
      <trkpt lat="54.53707" lon="-2.92765">
        <ele>178.6</ele>
      </trkpt>
      <trkpt lat="54.53539" lon="-2.92361">
        <ele>215.7</ele>
      </trkpt>
      <trkpt lat="54.53268" lon="-2.91874">
        <ele>336.6</ele>
      </trkpt>
      <trkpt lat="54.53237" lon="-2.91623">
        <ele>388.4</ele>
      </trkpt>
      <trkpt lat="54.52817" lon="-2.91432">
        <ele>468.4</ele>
      </trkpt>
      <trkpt lat="54.5264" lon="-2.91252">
        <ele>447</ele>
      </trkpt>
      <trkpt lat="54.52641" lon="-2.91045">
        <ele>493.2</ele>
      </trkpt>
      <trkpt lat="54.5231" lon="-2.90741">
        <ele>495.6</ele>
      </trkpt>
      <trkpt lat="54.52313" lon="-2.90218">
        <ele>478.1</ele>
      </trkpt>
      <trkpt lat="54.52171" lon="-2.8998">
        <ele>486.3</ele>
      </trkpt>
      <trkpt lat="54.52058" lon="-2.8995">
        <ele>495.7</ele>
      </trkpt>
      <trkpt lat="54.51978" lon="-2.8976">
        <ele>516.9</ele>
      </trkpt>
      <trkpt lat="54.51926" lon="-2.89819">
        <ele>513.6</ele>
      </trkpt>
      <trkpt lat="54.51913" lon="-2.89738">
        <ele>522.3</ele>
      </trkpt>
      <trkpt lat="54.51735" lon="-2.8961">
        <ele>538.1</ele>
      </trkpt>
      <trkpt lat="54.51499" lon="-2.89159">
        <ele>543.2</ele>
      </trkpt>
      <trkpt lat="54.51429" lon="-2.88894">
        <ele>528.8</ele>
      </trkpt>
      <trkpt lat="54.51426" lon="-2.88587">
        <ele>538.6</ele>
      </trkpt>
      <trkpt lat="54.5121" lon="-2.8838">
        <ele>540.1</ele>
      </trkpt>
      <trkpt lat="54.5102" lon="-2.87958">
        <ele>560.8</ele>
      </trkpt>
      <trkpt lat="54.50737" lon="-2.87601">
        <ele>592.2</ele>
      </trkpt>
      <trkpt lat="54.50786" lon="-2.87331">
        <ele>680.5</ele>
      </trkpt>
      <trkpt lat="54.5077" lon="-2.87115">
        <ele>716.1</ele>
      </trkpt>
      <trkpt lat="54.50701" lon="-2.86966">
        <ele>724.2</ele>
      </trkpt>
      <trkpt lat="54.50486" lon="-2.86938">
        <ele>714.1</ele>
      </trkpt>
      <trkpt lat="54.50263" lon="-2.86775">
        <ele>693.6</ele>
      </trkpt>
      <trkpt lat="54.50364" lon="-2.86639">
        <ele>714.3</ele>
      </trkpt>
      <trkpt lat="54.5047" lon="-2.86614">
        <ele>739</ele>
      </trkpt>
      <trkpt lat="54.50668" lon="-2.86228">
        <ele>754.6</ele>
      </trkpt>
      <trkpt lat="54.50654" lon="-2.85864">
        <ele>729</ele>
      </trkpt>
      <trkpt lat="54.50562" lon="-2.84836">
        <ele>663.4</ele>
      </trkpt>
      <trkpt lat="54.50588" lon="-2.84305">
        <ele>618.6</ele>
      </trkpt>
      <trkpt lat="54.50577" lon="-2.83769">
        <ele>555.8</ele>
      </trkpt>
      <trkpt lat="54.50481" lon="-2.83261">
        <ele>487.7</ele>
      </trkpt>
      <trkpt lat="54.50419" lon="-2.82946">
        <ele>426.2</ele>
      </trkpt>
      <trkpt lat="54.50322" lon="-2.82933">
        <ele>386.1</ele>
      </trkpt>
      <trkpt lat="54.50235" lon="-2.82904">
        <ele>358.3</ele>
      </trkpt>
      <trkpt lat="54.50209" lon="-2.82776">
        <ele>342.2</ele>
      </trkpt>
      <trkpt lat="54.5007" lon="-2.82605">
        <ele>296.4</ele>
      </trkpt>
      <trkpt lat="54.50038" lon="-2.8247">
        <ele>276.6</ele>
      </trkpt>
      <trkpt lat="54.49983" lon="-2.82372">
        <ele>257.6</ele>
      </trkpt>
      <trkpt lat="54.49954" lon="-2.82277">
        <ele>250.2</ele>
      </trkpt>
      <trkpt lat="54.5017" lon="-2.8185">
        <ele>249.5</ele>
      </trkpt>
      <trkpt lat="54.50676" lon="-2.81927">
        <ele>305.2</ele>
      </trkpt>
      <trkpt lat="54.50979" lon="-2.8195">
        <ele>279.6</ele>
      </trkpt>
      <trkpt lat="54.51107" lon="-2.82">
        <ele>270.3</ele>
      </trkpt>
      <trkpt lat="54.51428" lon="-2.81636">
        <ele>261.6</ele>
      </trkpt>
      <trkpt lat="54.51653" lon="-2.81409">
        <ele>261.1</ele>
      </trkpt>
      <trkpt lat="54.51965" lon="-2.81179">
        <ele>257.1</ele>
      </trkpt>
      <trkpt lat="54.52276" lon="-2.8099">
        <ele>268.4</ele>
      </trkpt>
      <trkpt lat="54.52455" lon="-2.80658">
        <ele>257</ele>
      </trkpt>
      <trkpt lat="54.52757" lon="-2.80273">
        <ele>273.2</ele>
      </trkpt>
      <trkpt lat="54.52819" lon="-2.80153">
        <ele>265.4</ele>
      </trkpt>
      <trkpt lat="54.5293" lon="-2.80078">
        <ele>268</ele>
      </trkpt>
      <trkpt lat="54.53096" lon="-2.79621">
        <ele>246.6</ele>
      </trkpt>
      <trkpt lat="54.5329" lon="-2.79201">
        <ele>248.8</ele>
      </trkpt>
      <trkpt lat="54.53361" lon="-2.78893">
        <ele>247.3</ele>
      </trkpt>
      <trkpt lat="54.53508" lon="-2.78623">
        <ele>250.4</ele>
      </trkpt>
      <trkpt lat="54.53638" lon="-2.7801">
        <ele>244.2</ele>
      </trkpt>
      <trkpt lat="54.53693" lon="-2.77799">
        <ele>249.4</ele>
      </trkpt>
      <trkpt lat="54.53704" lon="-2.77645">
        <ele>248.8</ele>
      </trkpt>
      <trkpt lat="54.53699" lon="-2.77416">
        <ele>245.9</ele>
      </trkpt>
      <trkpt lat="54.53785" lon="-2.76981">
        <ele>253.5</ele>
      </trkpt>
      <trkpt lat="54.53818" lon="-2.76887">
        <ele>256</ele>
      </trkpt>
      <trkpt lat="54.53836" lon="-2.76682">
        <ele>245.6</ele>
      </trkpt>
      <trkpt lat="54.53827" lon="-2.76544">
        <ele>235.1</ele>
      </trkpt>
      <trkpt lat="54.53774" lon="-2.7654">
        <ele>225.6</ele>
      </trkpt>
      <trkpt lat="54.53782" lon="-2.76343">
        <ele>217.9</ele>
      </trkpt>
      <trkpt lat="54.53788" lon="-2.76234">
        <ele>217.4</ele>
      </trkpt>
      <trkpt lat="54.53754" lon="-2.7606">
        <ele>214.8</ele>
      </trkpt>
      <trkpt lat="54.53691" lon="-2.76011">
        <ele>216.5</ele>
      </trkpt>
      <trkpt lat="54.53683" lon="-2.75874">
        <ele>215.2</ele>
      </trkpt>
      <trkpt lat="54.53664" lon="-2.75769">
        <ele>214.4</ele>
      </trkpt>
      <trkpt lat="54.53752" lon="-2.75303">
        <ele>207.4</ele>
      </trkpt>
      <trkpt lat="54.53756" lon="-2.75107">
        <ele>205.2</ele>
      </trkpt>
      <trkpt lat="54.53806" lon="-2.75004">
        <ele>200.6</ele>
      </trkpt>
      <trkpt lat="54.53792" lon="-2.74612">
        <ele>212.3</ele>
      </trkpt>
      <trkpt lat="54.53839" lon="-2.7446">
        <ele>205.6</ele>
      </trkpt>
      <trkpt lat="54.53903" lon="-2.74285">
        <ele>209.1</ele>
      </trkpt>
      <trkpt lat="54.5386" lon="-2.73933">
        <ele>238.5</ele>
      </trkpt>
      <trkpt lat="54.54033" lon="-2.73333">
        <ele>241.4</ele>
      </trkpt>
      <trkpt lat="54.54024" lon="-2.73137">
        <ele>242.5</ele>
      </trkpt>
      <trkpt lat="54.5393" lon="-2.72694">
        <ele>226.9</ele>
      </trkpt>
      <trkpt lat="54.53882" lon="-2.72484">
        <ele>220.5</ele>
      </trkpt>
      <trkpt lat="54.53986" lon="-2.72284">
        <ele>214.1</ele>
      </trkpt>
      <trkpt lat="54.54121" lon="-2.72212">
        <ele>201.2</ele>
      </trkpt>
      <trkpt lat="54.54101" lon="-2.72102">
        <ele>198.9</ele>
      </trkpt>
      <trkpt lat="54.53986" lon="-2.72081">
        <ele>203.2</ele>
      </trkpt>
      <trkpt lat="54.53807" lon="-2.72062">
        <ele>203.2</ele>
      </trkpt>
      <trkpt lat="54.53602" lon="-2.71953">
        <ele>213.1</ele>
      </trkpt>
      <trkpt lat="54.53537" lon="-2.71511">
        <ele>239.3</ele>
      </trkpt>
      <trkpt lat="54.53382" lon="-2.71443">
        <ele>250.7</ele>
      </trkpt>
      <trkpt lat="54.53426" lon="-2.71152">
        <ele>252.5</ele>
      </trkpt>
      <trkpt lat="54.53415" lon="-2.70834">
        <ele>254.1</ele>
      </trkpt>
      <trkpt lat="54.53336" lon="-2.70572">
        <ele>238.2</ele>
      </trkpt>
      <trkpt lat="54.53359" lon="-2.70433">
        <ele>232.3</ele>
      </trkpt>
      <trkpt lat="54.53204" lon="-2.7018">
        <ele>229</ele>
      </trkpt>
      <trkpt lat="54.53116" lon="-2.7014">
        <ele>230.3</ele>
      </trkpt>
      <trkpt lat="54.53145" lon="-2.69978">
        <ele>225.7</ele>
      </trkpt>
      <trkpt lat="54.53243" lon="-2.69949">
        <ele>229.7</ele>
      </trkpt>
      <trkpt lat="54.53191" lon="-2.69683">
        <ele>250.1</ele>
      </trkpt>
      <trkpt lat="54.53202" lon="-2.69529">
        <ele>260.2</ele>
      </trkpt>
      <trkpt lat="54.53211" lon="-2.69294">
        <ele>264.3</ele>
      </trkpt>
      <trkpt lat="54.53231" lon="-2.69183">
        <ele>264.7</ele>
      </trkpt>
      <trkpt lat="54.53219" lon="-2.68962">
        <ele>265.3</ele>
      </trkpt>
      <trkpt lat="54.53209" lon="-2.68869">
        <ele>264.6</ele>
      </trkpt>
      <trkpt lat="54.53207" lon="-2.68762">
        <ele>262.7</ele>
      </trkpt>
      <trkpt lat="54.53233" lon="-2.68572">
        <ele>259.6</ele>
      </trkpt>
      <trkpt lat="54.53231" lon="-2.68446">
        <ele>257.4</ele>
      </trkpt>
      <trkpt lat="54.53237" lon="-2.6838">
        <ele>256.6</ele>
      </trkpt>
      <trkpt lat="54.53402" lon="-2.68114">
        <ele>253.8</ele>
      </trkpt>
      <trkpt lat="54.53369" lon="-2.67882">
        <ele>255.5</ele>
      </trkpt>
      <trkpt lat="54.53328" lon="-2.67833">
        <ele>255.1</ele>
      </trkpt>
      <trkpt lat="54.53097" lon="-2.67744">
        <ele>256.2</ele>
      </trkpt>
      <trkpt lat="54.52638" lon="-2.67457">
        <ele>258.7</ele>
      </trkpt>
      <trkpt lat="54.52665" lon="-2.67311">
        <ele>262.2</ele>
      </trkpt>
      <trkpt lat="54.52567" lon="-2.67266">
        <ele>261</ele>
      </trkpt>
      <trkpt lat="54.52579" lon="-2.67151">
        <ele>262.6</ele>
      </trkpt>
      <trkpt lat="54.52543" lon="-2.67116">
        <ele>263.5</ele>
      </trkpt>
      <trkpt lat="54.52606" lon="-2.66855">
        <ele>274.8</ele>
      </trkpt>
      <trkpt lat="54.52551" lon="-2.66585">
        <ele>278</ele>
      </trkpt>
      <trkpt lat="54.52263" lon="-2.66049">
        <ele>293.3</ele>
      </trkpt>
      <trkpt lat="54.52116" lon="-2.65934">
        <ele>296.7</ele>
      </trkpt>
      <trkpt lat="54.52152" lon="-2.65739">
        <ele>310.2</ele>
      </trkpt>
      <trkpt lat="54.5192" lon="-2.65551">
        <ele>304.5</ele>
      </trkpt>
      <trkpt lat="54.51871" lon="-2.65455">
        <ele>308.1</ele>
      </trkpt>
      <trkpt lat="54.51826" lon="-2.65333">
        <ele>312.3</ele>
      </trkpt>
      <trkpt lat="54.51768" lon="-2.65012">
        <ele>317.3</ele>
      </trkpt>
      <trkpt lat="54.51762" lon="-2.64953">
        <ele>318.3</ele>
      </trkpt>
      <trkpt lat="54.51665" lon="-2.64647">
        <ele>324.1</ele>
      </trkpt>
      <trkpt lat="54.51688" lon="-2.64411">
        <ele>330.2</ele>
      </trkpt>
      <trkpt lat="54.51569" lon="-2.64049">
        <ele>329.1</ele>
      </trkpt>
      <trkpt lat="54.51532" lon="-2.6381">
        <ele>328.2</ele>
      </trkpt>
      <trkpt lat="54.51448" lon="-2.6345">
        <ele>324.8</ele>
      </trkpt>
      <trkpt lat="54.51472" lon="-2.63226">
        <ele>326</ele>
      </trkpt>
      <trkpt lat="54.51477" lon="-2.63168">
        <ele>325.3</ele>
      </trkpt>
      <trkpt lat="54.51406" lon="-2.63128">
        <ele>326.3</ele>
      </trkpt>
      <trkpt lat="54.51401" lon="-2.63058">
        <ele>326.5</ele>
      </trkpt>
      <trkpt lat="54.51403" lon="-2.63047">
        <ele>326.5</ele>
      </trkpt>
      <trkpt lat="54.51124" lon="-2.62926">
        <ele>333.7</ele>
      </trkpt>
      <trkpt lat="54.50591" lon="-2.62685">
        <ele>340.8</ele>
      </trkpt>
      <trkpt lat="54.5032" lon="-2.62354">
        <ele>339.2</ele>
      </trkpt>
      <trkpt lat="54.50076" lon="-2.62118">
        <ele>334</ele>
      </trkpt>
      <trkpt lat="54.49934" lon="-2.6156">
        <ele>348.5</ele>
      </trkpt>
      <trkpt lat="54.49913" lon="-2.61178">
        <ele>354</ele>
      </trkpt>
      <trkpt lat="54.49817" lon="-2.61024">
        <ele>343.2</ele>
      </trkpt>
      <trkpt lat="54.4956" lon="-2.60936">
        <ele>313.7</ele>
      </trkpt>
      <trkpt lat="54.49184" lon="-2.60657">
        <ele>329.2</ele>
      </trkpt>
      <trkpt lat="54.49092" lon="-2.60631">
        <ele>333.2</ele>
      </trkpt>
      <trkpt lat="54.4899" lon="-2.6035">
        <ele>325.8</ele>
      </trkpt>
      <trkpt lat="54.4898" lon="-2.60107">
        <ele>311.7</ele>
      </trkpt>
      <trkpt lat="54.49059" lon="-2.59978">
        <ele>303</ele>
      </trkpt>
      <trkpt lat="54.49077" lon="-2.59351">
        <ele>316.2</ele>
      </trkpt>
      <trkpt lat="54.49274" lon="-2.59065">
        <ele>325</ele>
      </trkpt>
      <trkpt lat="54.49332" lon="-2.58827">
        <ele>341.1</ele>
      </trkpt>
      <trkpt lat="54.49447" lon="-2.58527">
        <ele>334.7</ele>
      </trkpt>
      <trkpt lat="54.49416" lon="-2.58203">
        <ele>324.8</ele>
      </trkpt>
      <trkpt lat="54.49331" lon="-2.58118">
        <ele>325.3</ele>
      </trkpt>
      <trkpt lat="54.49319" lon="-2.57808">
        <ele>315.9</ele>
      </trkpt>
      <trkpt lat="54.48777" lon="-2.57502">
        <ele>341.1</ele>
      </trkpt>
      <trkpt lat="54.48346" lon="-2.57493">
        <ele>338.8</ele>
      </trkpt>
      <trkpt lat="54.48279" lon="-2.57591">
        <ele>324.6</ele>
      </trkpt>
      <trkpt lat="54.48169" lon="-2.5754">
        <ele>306.9</ele>
      </trkpt>
      <trkpt lat="54.47304" lon="-2.57989">
        <ele>244.8</ele>
      </trkpt>
      <trkpt lat="54.47083" lon="-2.58149">
        <ele>240.4</ele>
      </trkpt>
      <trkpt lat="54.47038" lon="-2.58114">
        <ele>239.4</ele>
      </trkpt>
      <trkpt lat="54.46939" lon="-2.58128">
        <ele>234.9</ele>
      </trkpt>
      <trkpt lat="54.46795" lon="-2.58114">
        <ele>232.7</ele>
      </trkpt>
      <trkpt lat="54.46658" lon="-2.58199">
        <ele>235.9</ele>
      </trkpt>
      <trkpt lat="54.46596" lon="-2.58126">
        <ele>234.5</ele>
      </trkpt>
      <trkpt lat="54.46957" lon="-2.58118">
        <ele>235.9</ele>
      </trkpt>
      <trkpt lat="54.46794" lon="-2.58102">
        <ele>232.8</ele>
      </trkpt>
      <trkpt lat="54.46657" lon="-2.58188">
        <ele>235.6</ele>
      </trkpt>
      <trkpt lat="54.46597" lon="-2.58113">
        <ele>234.4</ele>
      </trkpt>
      <trkpt lat="54.46605" lon="-2.5742">
        <ele>230.6</ele>
      </trkpt>
      <trkpt lat="54.46624" lon="-2.57151">
        <ele>238.5</ele>
      </trkpt>
      <trkpt lat="54.46721" lon="-2.56495">
        <ele>244.5</ele>
      </trkpt>
      <trkpt lat="54.46696" lon="-2.56346">
        <ele>249.8</ele>
      </trkpt>
      <trkpt lat="54.46576" lon="-2.55846">
        <ele>268.2</ele>
      </trkpt>
      <trkpt lat="54.46881" lon="-2.5573">
        <ele>266.8</ele>
      </trkpt>
      <trkpt lat="54.46847" lon="-2.55269">
        <ele>263.6</ele>
      </trkpt>
      <trkpt lat="54.46858" lon="-2.54865">
        <ele>255.3</ele>
      </trkpt>
      <trkpt lat="54.46884" lon="-2.54276">
        <ele>260</ele>
      </trkpt>
      <trkpt lat="54.46883" lon="-2.53807">
        <ele>261.7</ele>
      </trkpt>
      <trkpt lat="54.4686" lon="-2.53641">
        <ele>256.4</ele>
      </trkpt>
      <trkpt lat="54.46999" lon="-2.53357">
        <ele>264.7</ele>
      </trkpt>
      <trkpt lat="54.47098" lon="-2.53108">
        <ele>269.1</ele>
      </trkpt>
      <trkpt lat="54.47132" lon="-2.53026">
        <ele>271.3</ele>
      </trkpt>
      <trkpt lat="54.47167" lon="-2.5298">
        <ele>273.8</ele>
      </trkpt>
      <trkpt lat="54.47184" lon="-2.52928">
        <ele>274.4</ele>
      </trkpt>
      <trkpt lat="54.47155" lon="-2.52852">
        <ele>271.6</ele>
      </trkpt>
      <trkpt lat="54.47153" lon="-2.52443">
        <ele>274.5</ele>
      </trkpt>
      <trkpt lat="54.47136" lon="-2.52182">
        <ele>274</ele>
      </trkpt>
      <trkpt lat="54.46988" lon="-2.51875">
        <ele>264.4</ele>
      </trkpt>
      <trkpt lat="54.46942" lon="-2.5172">
        <ele>261.8</ele>
      </trkpt>
      <trkpt lat="54.46866" lon="-2.51363">
        <ele>270.7</ele>
      </trkpt>
      <trkpt lat="54.46861" lon="-2.51212">
        <ele>271.4</ele>
      </trkpt>
      <trkpt lat="54.46706" lon="-2.51076">
        <ele>271.2</ele>
      </trkpt>
      <trkpt lat="54.46625" lon="-2.5079">
        <ele>265.2</ele>
      </trkpt>
      <trkpt lat="54.46499" lon="-2.50764">
        <ele>257.9</ele>
      </trkpt>
      <trkpt lat="54.46436" lon="-2.5057">
        <ele>256.7</ele>
      </trkpt>
      <trkpt lat="54.46321" lon="-2.50471">
        <ele>258.6</ele>
      </trkpt>
      <trkpt lat="54.4648" lon="-2.50224">
        <ele>255.9</ele>
      </trkpt>
      <trkpt lat="54.46812" lon="-2.49812">
        <ele>261.8</ele>
      </trkpt>
      <trkpt lat="54.47372" lon="-2.49196">
        <ele>294</ele>
      </trkpt>
      <trkpt lat="54.47674" lon="-2.48717">
        <ele>315.5</ele>
      </trkpt>
      <trkpt lat="54.47261" lon="-2.48672">
        <ele>298.2</ele>
      </trkpt>
      <trkpt lat="54.47175" lon="-2.48521">
        <ele>286.4</ele>
      </trkpt>
      <trkpt lat="54.47074" lon="-2.48456">
        <ele>274.9</ele>
      </trkpt>
      <trkpt lat="54.46954" lon="-2.48263">
        <ele>263.6</ele>
      </trkpt>
      <trkpt lat="54.46698" lon="-2.48141">
        <ele>255.1</ele>
      </trkpt>
      <trkpt lat="54.46515" lon="-2.48109">
        <ele>264.1</ele>
      </trkpt>
      <trkpt lat="54.46414" lon="-2.48107">
        <ele>267.2</ele>
      </trkpt>
      <trkpt lat="54.46313" lon="-2.47966">
        <ele>268.5</ele>
      </trkpt>
      <trkpt lat="54.46065" lon="-2.47515">
        <ele>284.1</ele>
      </trkpt>
      <trkpt lat="54.45916" lon="-2.47386">
        <ele>291.7</ele>
      </trkpt>
      <trkpt lat="54.45537" lon="-2.47409">
        <ele>300.6</ele>
      </trkpt>
      <trkpt lat="54.45521" lon="-2.47276">
        <ele>303.4</ele>
      </trkpt>
      <trkpt lat="54.45505" lon="-2.47067">
        <ele>307.9</ele>
      </trkpt>
      <trkpt lat="54.45486" lon="-2.46957">
        <ele>306.6</ele>
      </trkpt>
      <trkpt lat="54.45376" lon="-2.46706">
        <ele>299.8</ele>
      </trkpt>
      <trkpt lat="54.4541" lon="-2.46337">
        <ele>295.7</ele>
      </trkpt>
      <trkpt lat="54.45468" lon="-2.46079">
        <ele>302.5</ele>
      </trkpt>
      <trkpt lat="54.45473" lon="-2.4562">
        <ele>303.3</ele>
      </trkpt>
      <trkpt lat="54.45531" lon="-2.45428">
        <ele>306.9</ele>
      </trkpt>
      <trkpt lat="54.45481" lon="-2.45088">
        <ele>298.2</ele>
      </trkpt>
      <trkpt lat="54.4549" lon="-2.45045">
        <ele>298.1</ele>
      </trkpt>
      <trkpt lat="54.45642" lon="-2.44634">
        <ele>299</ele>
      </trkpt>
      <trkpt lat="54.45662" lon="-2.44375">
        <ele>298.3</ele>
      </trkpt>
      <trkpt lat="54.45599" lon="-2.4397">
        <ele>296.3</ele>
      </trkpt>
      <trkpt lat="54.45529" lon="-2.43909">
        <ele>299.1</ele>
      </trkpt>
      <trkpt lat="54.45404" lon="-2.43523">
        <ele>300.6</ele>
      </trkpt>
      <trkpt lat="54.4533" lon="-2.43352">
        <ele>292.4</ele>
      </trkpt>
      <trkpt lat="54.45317" lon="-2.43088">
        <ele>276.9</ele>
      </trkpt>
      <trkpt lat="54.45144" lon="-2.4291">
        <ele>240.4</ele>
      </trkpt>
      <trkpt lat="54.45097" lon="-2.42883">
        <ele>231.9</ele>
      </trkpt>
      <trkpt lat="54.44991" lon="-2.43091">
        <ele>226.3</ele>
      </trkpt>
      <trkpt lat="54.44916" lon="-2.4327">
        <ele>226.3</ele>
      </trkpt>
      <trkpt lat="54.44839" lon="-2.43261">
        <ele>229.1</ele>
      </trkpt>
      <trkpt lat="54.44848" lon="-2.42731">
        <ele>263.4</ele>
      </trkpt>
      <trkpt lat="54.44819" lon="-2.42559">
        <ele>285.5</ele>
      </trkpt>
      <trkpt lat="54.44945" lon="-2.42407">
        <ele>288.9</ele>
      </trkpt>
      <trkpt lat="54.45085" lon="-2.42069">
        <ele>303</ele>
      </trkpt>
      <trkpt lat="54.4517" lon="-2.41638">
        <ele>318.9</ele>
      </trkpt>
      <trkpt lat="54.45382" lon="-2.41227">
        <ele>326.5</ele>
      </trkpt>
      <trkpt lat="54.45483" lon="-2.40969">
        <ele>322.3</ele>
      </trkpt>
      <trkpt lat="54.45786" lon="-2.40505">
        <ele>345.2</ele>
      </trkpt>
      <trkpt lat="54.45743" lon="-2.40194">
        <ele>341.8</ele>
      </trkpt>
      <trkpt lat="54.4574" lon="-2.39998">
        <ele>331.4</ele>
      </trkpt>
      <trkpt lat="54.45865" lon="-2.39595">
        <ele>309.6</ele>
      </trkpt>
      <trkpt lat="54.45978" lon="-2.39337">
        <ele>292.3</ele>
      </trkpt>
      <trkpt lat="54.46022" lon="-2.39184">
        <ele>281.5</ele>
      </trkpt>
      <trkpt lat="54.4599" lon="-2.39122">
        <ele>281.1</ele>
      </trkpt>
      <trkpt lat="54.45908" lon="-2.39011">
        <ele>283</ele>
      </trkpt>
      <trkpt lat="54.46059" lon="-2.38919">
        <ele>268.5</ele>
      </trkpt>
      <trkpt lat="54.46071" lon="-2.38653">
        <ele>259.4</ele>
      </trkpt>
      <trkpt lat="54.4605" lon="-2.38392">
        <ele>251.2</ele>
      </trkpt>
      <trkpt lat="54.461" lon="-2.38222">
        <ele>245.9</ele>
      </trkpt>
      <trkpt lat="54.46174" lon="-2.38111">
        <ele>247</ele>
      </trkpt>
      <trkpt lat="54.46217" lon="-2.37733">
        <ele>252</ele>
      </trkpt>
      <trkpt lat="54.46312" lon="-2.37422">
        <ele>243.1</ele>
      </trkpt>
      <trkpt lat="54.46416" lon="-2.37016">
        <ele>231</ele>
      </trkpt>
      <trkpt lat="54.46477" lon="-2.36562">
        <ele>202</ele>
      </trkpt>
      <trkpt lat="54.46499" lon="-2.36437">
        <ele>197.3</ele>
      </trkpt>
      <trkpt lat="54.46537" lon="-2.36354">
        <ele>195.4</ele>
      </trkpt>
      <trkpt lat="54.46524" lon="-2.36253">
        <ele>196.2</ele>
      </trkpt>
      <trkpt lat="54.46484" lon="-2.36192">
        <ele>196.6</ele>
      </trkpt>
      <trkpt lat="54.46472" lon="-2.36102">
        <ele>201.1</ele>
      </trkpt>
      <trkpt lat="54.4652" lon="-2.35983">
        <ele>209</ele>
      </trkpt>
      <trkpt lat="54.46547" lon="-2.35911">
        <ele>211.5</ele>
      </trkpt>
      <trkpt lat="54.46587" lon="-2.35831">
        <ele>212.4</ele>
      </trkpt>
      <trkpt lat="54.46629" lon="-2.35655">
        <ele>201.8</ele>
      </trkpt>
      <trkpt lat="54.46694" lon="-2.35459">
        <ele>189.3</ele>
      </trkpt>
      <trkpt lat="54.46809" lon="-2.35305">
        <ele>186.9</ele>
      </trkpt>
      <trkpt lat="54.46875" lon="-2.3525">
        <ele>184.5</ele>
      </trkpt>
      <trkpt lat="54.46921" lon="-2.35232">
        <ele>181.9</ele>
      </trkpt>
      <trkpt lat="54.4697" lon="-2.35163">
        <ele>180.1</ele>
      </trkpt>
      <trkpt lat="54.4702" lon="-2.35095">
        <ele>179</ele>
      </trkpt>
      <trkpt lat="54.47061" lon="-2.35031">
        <ele>178.5</ele>
      </trkpt>
      <trkpt lat="54.4703" lon="-2.34954">
        <ele>179</ele>
      </trkpt>
      <trkpt lat="54.47093" lon="-2.34873">
        <ele>177.3</ele>
      </trkpt>
      <trkpt lat="54.47143" lon="-2.34858">
        <ele>176.1</ele>
      </trkpt>
      <trkpt lat="54.472" lon="-2.34865">
        <ele>176</ele>
      </trkpt>
      <trkpt lat="54.47344" lon="-2.34869">
        <ele>175.9</ele>
      </trkpt>
      <trkpt lat="54.47346" lon="-2.34737">
        <ele>175.3</ele>
      </trkpt>
      <trkpt lat="54.47346" lon="-2.34737">
        <ele>175.3</ele>
      </trkpt>
      <trkpt lat="54.47322" lon="-2.3458">
        <ele>175.7</ele>
      </trkpt>
      <trkpt lat="54.47235" lon="-2.33641">
        <ele>194.1</ele>
      </trkpt>
      <trkpt lat="54.4714" lon="-2.33647">
        <ele>201.8</ele>
      </trkpt>
      <trkpt lat="54.47062" lon="-2.33403">
        <ele>210.9</ele>
      </trkpt>
      <trkpt lat="54.47116" lon="-2.33162">
        <ele>223.2</ele>
      </trkpt>
      <trkpt lat="54.47096" lon="-2.32994">
        <ele>233.4</ele>
      </trkpt>
      <trkpt lat="54.47128" lon="-2.32919">
        <ele>229.9</ele>
      </trkpt>
      <trkpt lat="54.47148" lon="-2.32744">
        <ele>233.9</ele>
      </trkpt>
      <trkpt lat="54.47199" lon="-2.32472">
        <ele>246.2</ele>
      </trkpt>
      <trkpt lat="54.47231" lon="-2.32263">
        <ele>257.3</ele>
      </trkpt>
      <trkpt lat="54.47194" lon="-2.32224">
        <ele>259</ele>
      </trkpt>
      <trkpt lat="54.47139" lon="-2.32041">
        <ele>268.4</ele>
      </trkpt>
      <trkpt lat="54.47053" lon="-2.31817">
        <ele>306.7</ele>
      </trkpt>
      <trkpt lat="54.46956" lon="-2.31706">
        <ele>306.4</ele>
      </trkpt>
      <trkpt lat="54.46894" lon="-2.31544">
        <ele>307.5</ele>
      </trkpt>
      <trkpt lat="54.46881" lon="-2.31332">
        <ele>313.6</ele>
      </trkpt>
      <trkpt lat="54.4681" lon="-2.31259">
        <ele>314.2</ele>
      </trkpt>
      <trkpt lat="54.46681" lon="-2.3122">
        <ele>317.6</ele>
      </trkpt>
      <trkpt lat="54.46669" lon="-2.3114">
        <ele>325.2</ele>
      </trkpt>
      <trkpt lat="54.4655" lon="-2.31207">
        <ele>334.8</ele>
      </trkpt>
      <trkpt lat="54.46429" lon="-2.31248">
        <ele>333.1</ele>
      </trkpt>
      <trkpt lat="54.46307" lon="-2.31193">
        <ele>346.2</ele>
      </trkpt>
      <trkpt lat="54.46186" lon="-2.31041">
        <ele>369.5</ele>
      </trkpt>
      <trkpt lat="54.46055" lon="-2.3083">
        <ele>387.6</ele>
      </trkpt>
      <trkpt lat="54.45844" lon="-2.30783">
        <ele>387.5</ele>
      </trkpt>
      <trkpt lat="54.45712" lon="-2.30123">
        <ele>424</ele>
      </trkpt>
      <trkpt lat="54.45704" lon="-2.29603">
        <ele>467.6</ele>
      </trkpt>
      <trkpt lat="54.45622" lon="-2.29467">
        <ele>477.5</ele>
      </trkpt>
      <trkpt lat="54.4556" lon="-2.2937">
        <ele>486.2</ele>
      </trkpt>
      <trkpt lat="54.45498" lon="-2.29074">
        <ele>513.9</ele>
      </trkpt>
      <trkpt lat="54.45467" lon="-2.28672">
        <ele>542.6</ele>
      </trkpt>
      <trkpt lat="54.45349" lon="-2.27146">
        <ele>653.5</ele>
      </trkpt>
      <trkpt lat="54.44656" lon="-2.26748">
        <ele>647.2</ele>
      </trkpt>
      <trkpt lat="54.44603" lon="-2.25798">
        <ele>626.9</ele>
      </trkpt>
      <trkpt lat="54.44474" lon="-2.24813">
        <ele>575.4</ele>
      </trkpt>
      <trkpt lat="54.44394" lon="-2.24199">
        <ele>517.1</ele>
      </trkpt>
      <trkpt lat="54.44187" lon="-2.23841">
        <ele>472.8</ele>
      </trkpt>
      <trkpt lat="54.43952" lon="-2.23891">
        <ele>467.3</ele>
      </trkpt>
      <trkpt lat="54.43592" lon="-2.23996">
        <ele>463.1</ele>
      </trkpt>
      <trkpt lat="54.43264" lon="-2.23825">
        <ele>460.1</ele>
      </trkpt>
      <trkpt lat="54.42962" lon="-2.23574">
        <ele>443.7</ele>
      </trkpt>
      <trkpt lat="54.42716" lon="-2.23298">
        <ele>446.9</ele>
      </trkpt>
      <trkpt lat="54.42545" lon="-2.22927">
        <ele>434.1</ele>
      </trkpt>
      <trkpt lat="54.42483" lon="-2.22508">
        <ele>419.2</ele>
      </trkpt>
      <trkpt lat="54.4225" lon="-2.22464">
        <ele>420.6</ele>
      </trkpt>
      <trkpt lat="54.42177" lon="-2.22217">
        <ele>426.5</ele>
      </trkpt>
      <trkpt lat="54.42181" lon="-2.21885">
        <ele>435.1</ele>
      </trkpt>
      <trkpt lat="54.42348" lon="-2.21432">
        <ele>407.6</ele>
      </trkpt>
      <trkpt lat="54.42484" lon="-2.21386">
        <ele>400.2</ele>
      </trkpt>
      <trkpt lat="54.42526" lon="-2.21254">
        <ele>398.6</ele>
      </trkpt>
      <trkpt lat="54.42185" lon="-2.21005">
        <ele>402.6</ele>
      </trkpt>
      <trkpt lat="54.42089" lon="-2.20956">
        <ele>394.6</ele>
      </trkpt>
      <trkpt lat="54.41834" lon="-2.20619">
        <ele>394.2</ele>
      </trkpt>
      <trkpt lat="54.41362" lon="-2.20297">
        <ele>386.6</ele>
      </trkpt>
      <trkpt lat="54.41117" lon="-2.19791">
        <ele>365.9</ele>
      </trkpt>
      <trkpt lat="54.41103" lon="-2.19543">
        <ele>365.3</ele>
      </trkpt>
      <trkpt lat="54.40987" lon="-2.19177">
        <ele>340.3</ele>
      </trkpt>
      <trkpt lat="54.41012" lon="-2.19012">
        <ele>340.2</ele>
      </trkpt>
      <trkpt lat="54.41033" lon="-2.18342">
        <ele>339</ele>
      </trkpt>
      <trkpt lat="54.40984" lon="-2.1772">
        <ele>326.5</ele>
      </trkpt>
      <trkpt lat="54.40817" lon="-2.17713">
        <ele>349.9</ele>
      </trkpt>
      <trkpt lat="54.40787" lon="-2.17492">
        <ele>347.2</ele>
      </trkpt>
      <trkpt lat="54.40669" lon="-2.17197">
        <ele>355.8</ele>
      </trkpt>
      <trkpt lat="54.40461" lon="-2.16899">
        <ele>342.1</ele>
      </trkpt>
      <trkpt lat="54.40454" lon="-2.16866">
        <ele>341.1</ele>
      </trkpt>
      <trkpt lat="54.40481" lon="-2.16823">
        <ele>337.6</ele>
      </trkpt>
      <trkpt lat="54.40482" lon="-2.16707">
        <ele>331.5</ele>
      </trkpt>
      <trkpt lat="54.40588" lon="-2.16629">
        <ele>322.1</ele>
      </trkpt>
      <trkpt lat="54.40464" lon="-2.16318">
        <ele>317.9</ele>
      </trkpt>
      <trkpt lat="54.40477" lon="-2.16208">
        <ele>315.1</ele>
      </trkpt>
      <trkpt lat="54.40535" lon="-2.16138">
        <ele>305.9</ele>
      </trkpt>
      <trkpt lat="54.40502" lon="-2.16074">
        <ele>304.7</ele>
      </trkpt>
      <trkpt lat="54.40476" lon="-2.15946">
        <ele>309.1</ele>
      </trkpt>
      <trkpt lat="54.40514" lon="-2.15824">
        <ele>307.9</ele>
      </trkpt>
      <trkpt lat="54.40477" lon="-2.15732">
        <ele>311</ele>
      </trkpt>
      <trkpt lat="54.40456" lon="-2.15615">
        <ele>311.8</ele>
      </trkpt>
      <trkpt lat="54.4037" lon="-2.15337">
        <ele>303.9</ele>
      </trkpt>
      <trkpt lat="54.40337" lon="-2.15115">
        <ele>308.1</ele>
      </trkpt>
      <trkpt lat="54.40339" lon="-2.15056">
        <ele>315.2</ele>
      </trkpt>
      <trkpt lat="54.40394" lon="-2.1504">
        <ele>339.1</ele>
      </trkpt>
      <trkpt lat="54.40375" lon="-2.14956">
        <ele>339.5</ele>
      </trkpt>
      <trkpt lat="54.40308" lon="-2.14806">
        <ele>326.3</ele>
      </trkpt>
      <trkpt lat="54.40292" lon="-2.14681">
        <ele>328.6</ele>
      </trkpt>
      <trkpt lat="54.40291" lon="-2.14606">
        <ele>334.7</ele>
      </trkpt>
      <trkpt lat="54.40338" lon="-2.14609">
        <ele>355.5</ele>
      </trkpt>
      <trkpt lat="54.40368" lon="-2.14518">
        <ele>373.2</ele>
      </trkpt>
      <trkpt lat="54.40348" lon="-2.14452">
        <ele>370.4</ele>
      </trkpt>
      <trkpt lat="54.40326" lon="-2.14068">
        <ele>362.8</ele>
      </trkpt>
      <trkpt lat="54.40401" lon="-2.14062">
        <ele>389.1</ele>
      </trkpt>
      <trkpt lat="54.40433" lon="-2.13976">
        <ele>387.1</ele>
      </trkpt>
      <trkpt lat="54.4062" lon="-2.13765">
        <ele>408</ele>
      </trkpt>
      <trkpt lat="54.40622" lon="-2.13767">
        <ele>408</ele>
      </trkpt>
      <trkpt lat="54.40657" lon="-2.13761">
        <ele>412.1</ele>
      </trkpt>
      <trkpt lat="54.40623" lon="-2.13665">
        <ele>418.8</ele>
      </trkpt>
      <trkpt lat="54.40617" lon="-2.13586">
        <ele>442</ele>
      </trkpt>
      <trkpt lat="54.40668" lon="-2.13523">
        <ele>446.3</ele>
      </trkpt>
      <trkpt lat="54.40681" lon="-2.13438">
        <ele>460</ele>
      </trkpt>
      <trkpt lat="54.40667" lon="-2.13345">
        <ele>478.8</ele>
      </trkpt>
      <trkpt lat="54.40672" lon="-2.13274">
        <ele>487</ele>
      </trkpt>
      <trkpt lat="54.4067" lon="-2.13208">
        <ele>495.4</ele>
      </trkpt>
      <trkpt lat="54.40669" lon="-2.1312">
        <ele>505.1</ele>
      </trkpt>
      <trkpt lat="54.40693" lon="-2.12906">
        <ele>519.2</ele>
      </trkpt>
      <trkpt lat="54.40721" lon="-2.12791">
        <ele>524.8</ele>
      </trkpt>
      <trkpt lat="54.40742" lon="-2.1271">
        <ele>529.7</ele>
      </trkpt>
      <trkpt lat="54.40776" lon="-2.126">
        <ele>541.5</ele>
      </trkpt>
      <trkpt lat="54.40733" lon="-2.12474">
        <ele>552.2</ele>
      </trkpt>
      <trkpt lat="54.40701" lon="-2.12178">
        <ele>563.6</ele>
      </trkpt>
      <trkpt lat="54.4065" lon="-2.1183">
        <ele>570.3</ele>
      </trkpt>
      <trkpt lat="54.40625" lon="-2.11733">
        <ele>570.9</ele>
      </trkpt>
      <trkpt lat="54.40623" lon="-2.11614">
        <ele>571.1</ele>
      </trkpt>
      <trkpt lat="54.4062" lon="-2.11485">
        <ele>566.7</ele>
      </trkpt>
      <trkpt lat="54.40644" lon="-2.11227">
        <ele>558.9</ele>
      </trkpt>
      <trkpt lat="54.40655" lon="-2.11057">
        <ele>555.5</ele>
      </trkpt>
      <trkpt lat="54.40669" lon="-2.10961">
        <ele>553.3</ele>
      </trkpt>
      <trkpt lat="54.40706" lon="-2.10768">
        <ele>544.6</ele>
      </trkpt>
      <trkpt lat="54.40713" lon="-2.10647">
        <ele>536.8</ele>
      </trkpt>
      <trkpt lat="54.40751" lon="-2.10596">
        <ele>534.8</ele>
      </trkpt>
      <trkpt lat="54.40851" lon="-2.10177">
        <ele>496.4</ele>
      </trkpt>
      <trkpt lat="54.41022" lon="-2.1">
        <ele>464.9</ele>
      </trkpt>
      <trkpt lat="54.4111" lon="-2.09971">
        <ele>454.2</ele>
      </trkpt>
      <trkpt lat="54.4105" lon="-2.09912">
        <ele>443.5</ele>
      </trkpt>
      <trkpt lat="54.41125" lon="-2.09902">
        <ele>439.4</ele>
      </trkpt>
      <trkpt lat="54.4115" lon="-2.09864">
        <ele>431.7</ele>
      </trkpt>
      <trkpt lat="54.4114" lon="-2.09753">
        <ele>442.8</ele>
      </trkpt>
      <trkpt lat="54.41064" lon="-2.0973">
        <ele>436</ele>
      </trkpt>
      <trkpt lat="54.4096" lon="-2.09594">
        <ele>433.6</ele>
      </trkpt>
      <trkpt lat="54.40817" lon="-2.09458">
        <ele>422.2</ele>
      </trkpt>
      <trkpt lat="54.40698" lon="-2.09305">
        <ele>434.7</ele>
      </trkpt>
      <trkpt lat="54.407" lon="-2.09136">
        <ele>475.1</ele>
      </trkpt>
      <trkpt lat="54.4074" lon="-2.08994">
        <ele>503.4</ele>
      </trkpt>
      <trkpt lat="54.40729" lon="-2.08799">
        <ele>526.1</ele>
      </trkpt>
      <trkpt lat="54.40755" lon="-2.08568">
        <ele>551.4</ele>
      </trkpt>
      <trkpt lat="54.4082" lon="-2.08339">
        <ele>560.6</ele>
      </trkpt>
      <trkpt lat="54.40786" lon="-2.0806">
        <ele>558.4</ele>
      </trkpt>
      <trkpt lat="54.4078" lon="-2.07898">
        <ele>556.4</ele>
      </trkpt>
      <trkpt lat="54.4076" lon="-2.07683">
        <ele>556.1</ele>
      </trkpt>
      <trkpt lat="54.40792" lon="-2.07495">
        <ele>553.4</ele>
      </trkpt>
      <trkpt lat="54.4082" lon="-2.07289">
        <ele>549.1</ele>
      </trkpt>
      <trkpt lat="54.40879" lon="-2.07071">
        <ele>539.8</ele>
      </trkpt>
      <trkpt lat="54.40839" lon="-2.06755">
        <ele>531.8</ele>
      </trkpt>
      <trkpt lat="54.40817" lon="-2.06586">
        <ele>521.8</ele>
      </trkpt>
      <trkpt lat="54.40824" lon="-2.06378">
        <ele>502.9</ele>
      </trkpt>
      <trkpt lat="54.40837" lon="-2.06247">
        <ele>490.7</ele>
      </trkpt>
      <trkpt lat="54.40831" lon="-2.06139">
        <ele>481.5</ele>
      </trkpt>
      <trkpt lat="54.40792" lon="-2.05971">
        <ele>473.2</ele>
      </trkpt>
      <trkpt lat="54.40737" lon="-2.05722">
        <ele>457.2</ele>
      </trkpt>
      <trkpt lat="54.40693" lon="-2.05668">
        <ele>454.8</ele>
      </trkpt>
      <trkpt lat="54.40626" lon="-2.05543">
        <ele>449.6</ele>
      </trkpt>
      <trkpt lat="54.40491" lon="-2.05392">
        <ele>444</ele>
      </trkpt>
      <trkpt lat="54.40437" lon="-2.05261">
        <ele>440</ele>
      </trkpt>
      <trkpt lat="54.40373" lon="-2.05095">
        <ele>432.9</ele>
      </trkpt>
      <trkpt lat="54.4034" lon="-2.04959">
        <ele>426.1</ele>
      </trkpt>
      <trkpt lat="54.40202" lon="-2.04827">
        <ele>423</ele>
      </trkpt>
      <trkpt lat="54.40145" lon="-2.04535">
        <ele>415</ele>
      </trkpt>
      <trkpt lat="54.40105" lon="-2.04439">
        <ele>416.1</ele>
      </trkpt>
      <trkpt lat="54.40075" lon="-2.04246">
        <ele>404.9</ele>
      </trkpt>
      <trkpt lat="54.4001" lon="-2.0408">
        <ele>408.5</ele>
      </trkpt>
      <trkpt lat="54.40009" lon="-2.03929">
        <ele>396.6</ele>
      </trkpt>
      <trkpt lat="54.39961" lon="-2.03848">
        <ele>397.3</ele>
      </trkpt>
      <trkpt lat="54.39862" lon="-2.03522">
        <ele>389.1</ele>
      </trkpt>
      <trkpt lat="54.39757" lon="-2.0317">
        <ele>381.6</ele>
      </trkpt>
      <trkpt lat="54.39729" lon="-2.0287">
        <ele>370.5</ele>
      </trkpt>
      <trkpt lat="54.39661" lon="-2.02585">
        <ele>363.4</ele>
      </trkpt>
      <trkpt lat="54.39607" lon="-2.02409">
        <ele>367.9</ele>
      </trkpt>
      <trkpt lat="54.39567" lon="-2.02252">
        <ele>362.9</ele>
      </trkpt>
      <trkpt lat="54.3952" lon="-2.02021">
        <ele>355.9</ele>
      </trkpt>
      <trkpt lat="54.39481" lon="-2.01735">
        <ele>345.7</ele>
      </trkpt>
      <trkpt lat="54.39506" lon="-2.01622">
        <ele>341.5</ele>
      </trkpt>
      <trkpt lat="54.39484" lon="-2.0151">
        <ele>339.6</ele>
      </trkpt>
      <trkpt lat="54.3954" lon="-2.01195">
        <ele>338.8</ele>
      </trkpt>
      <trkpt lat="54.39687" lon="-2.00894">
        <ele>348</ele>
      </trkpt>
      <trkpt lat="54.39717" lon="-2.00673">
        <ele>358.7</ele>
      </trkpt>
      <trkpt lat="54.39646" lon="-2.00035">
        <ele>360.4</ele>
      </trkpt>
      <trkpt lat="54.39587" lon="-1.99623">
        <ele>366.1</ele>
      </trkpt>
      <trkpt lat="54.39452" lon="-1.99375">
        <ele>343.3</ele>
      </trkpt>
      <trkpt lat="54.39455" lon="-1.99237">
        <ele>350.4</ele>
      </trkpt>
      <trkpt lat="54.39383" lon="-1.99115">
        <ele>339.8</ele>
      </trkpt>
      <trkpt lat="54.39218" lon="-1.98739">
        <ele>312.7</ele>
      </trkpt>
      <trkpt lat="54.39149" lon="-1.98484">
        <ele>296.6</ele>
      </trkpt>
      <trkpt lat="54.39152" lon="-1.98163">
        <ele>298.4</ele>
      </trkpt>
      <trkpt lat="54.39204" lon="-1.97532">
        <ele>323.1</ele>
      </trkpt>
      <trkpt lat="54.39183" lon="-1.97211">
        <ele>321</ele>
      </trkpt>
      <trkpt lat="54.39245" lon="-1.96968">
        <ele>323.2</ele>
      </trkpt>
      <trkpt lat="54.39222" lon="-1.96857">
        <ele>314.2</ele>
      </trkpt>
      <trkpt lat="54.39111" lon="-1.96816">
        <ele>285.1</ele>
      </trkpt>
      <trkpt lat="54.39096" lon="-1.96419">
        <ele>264</ele>
      </trkpt>
      <trkpt lat="54.39067" lon="-1.95945">
        <ele>248.9</ele>
      </trkpt>
      <trkpt lat="54.38999" lon="-1.95662">
        <ele>230.8</ele>
      </trkpt>
      <trkpt lat="54.38992" lon="-1.95448">
        <ele>227.6</ele>
      </trkpt>
      <trkpt lat="54.38972" lon="-1.95238">
        <ele>226.2</ele>
      </trkpt>
      <trkpt lat="54.38888" lon="-1.94997">
        <ele>212.5</ele>
      </trkpt>
      <trkpt lat="54.38967" lon="-1.94635">
        <ele>212.2</ele>
      </trkpt>
      <trkpt lat="54.3895" lon="-1.94469">
        <ele>205.2</ele>
      </trkpt>
      <trkpt lat="54.38952" lon="-1.94303">
        <ele>202.1</ele>
      </trkpt>
      <trkpt lat="54.38912" lon="-1.94251">
        <ele>197.7</ele>
      </trkpt>
      <trkpt lat="54.3891" lon="-1.94242">
        <ele>197.1</ele>
      </trkpt>
      <trkpt lat="54.38872" lon="-1.94208">
        <ele>192.8</ele>
      </trkpt>
      <trkpt lat="54.3885" lon="-1.94181">
        <ele>189.9</ele>
      </trkpt>
      <trkpt lat="54.38827" lon="-1.941">
        <ele>186.2</ele>
      </trkpt>
      <trkpt lat="54.3877" lon="-1.94045">
        <ele>182.8</ele>
      </trkpt>
      <trkpt lat="54.38777" lon="-1.93855">
        <ele>182.5</ele>
      </trkpt>
      <trkpt lat="54.38822" lon="-1.93744">
        <ele>183.7</ele>
      </trkpt>
      <trkpt lat="54.38693" lon="-1.93513">
        <ele>181.6</ele>
      </trkpt>
      <trkpt lat="54.38655" lon="-1.93291">
        <ele>179.9</ele>
      </trkpt>
      <trkpt lat="54.38544" lon="-1.93058">
        <ele>178.3</ele>
      </trkpt>
      <trkpt lat="54.38555" lon="-1.92953">
        <ele>179.2</ele>
      </trkpt>
      <trkpt lat="54.38397" lon="-1.92141">
        <ele>181.4</ele>
      </trkpt>
      <trkpt lat="54.38394" lon="-1.91974">
        <ele>179.4</ele>
      </trkpt>
      <trkpt lat="54.38281" lon="-1.91764">
        <ele>175.4</ele>
      </trkpt>
      <trkpt lat="54.38156" lon="-1.91333">
        <ele>173</ele>
      </trkpt>
      <trkpt lat="54.38113" lon="-1.91244">
        <ele>173.3</ele>
      </trkpt>
      <trkpt lat="54.38087" lon="-1.9109">
        <ele>172.3</ele>
      </trkpt>
      <trkpt lat="54.37868" lon="-1.90619">
        <ele>172.2</ele>
      </trkpt>
      <trkpt lat="54.37816" lon="-1.90444">
        <ele>173.4</ele>
      </trkpt>
      <trkpt lat="54.37744" lon="-1.90308">
        <ele>176.9</ele>
      </trkpt>
      <trkpt lat="54.37655" lon="-1.90184">
        <ele>179.9</ele>
      </trkpt>
      <trkpt lat="54.37594" lon="-1.89834">
        <ele>177.1</ele>
      </trkpt>
      <trkpt lat="54.37571" lon="-1.89523">
        <ele>180.7</ele>
      </trkpt>
      <trkpt lat="54.37535" lon="-1.88959">
        <ele>217.5</ele>
      </trkpt>
      <trkpt lat="54.3764" lon="-1.88682">
        <ele>260.8</ele>
      </trkpt>
      <trkpt lat="54.37759" lon="-1.88566">
        <ele>278.5</ele>
      </trkpt>
      <trkpt lat="54.37879" lon="-1.88367">
        <ele>288.4</ele>
      </trkpt>
      <trkpt lat="54.37924" lon="-1.88179">
        <ele>291.8</ele>
      </trkpt>
      <trkpt lat="54.37978" lon="-1.88202">
        <ele>296.3</ele>
      </trkpt>
      <trkpt lat="54.38003" lon="-1.88058">
        <ele>298.5</ele>
      </trkpt>
      <trkpt lat="54.37945" lon="-1.88023">
        <ele>293.6</ele>
      </trkpt>
      <trkpt lat="54.37906" lon="-1.8796">
        <ele>289.5</ele>
      </trkpt>
      <trkpt lat="54.37906" lon="-1.87862">
        <ele>288.7</ele>
      </trkpt>
      <trkpt lat="54.38173" lon="-1.87809">
        <ele>312.9</ele>
      </trkpt>
      <trkpt lat="54.38666" lon="-1.87166">
        <ele>264.1</ele>
      </trkpt>
      <trkpt lat="54.38793" lon="-1.86958">
        <ele>244.4</ele>
      </trkpt>
      <trkpt lat="54.38855" lon="-1.86758">
        <ele>236.1</ele>
      </trkpt>
      <trkpt lat="54.39062" lon="-1.86317">
        <ele>230.4</ele>
      </trkpt>
      <trkpt lat="54.39203" lon="-1.86144">
        <ele>247.3</ele>
      </trkpt>
      <trkpt lat="54.39206" lon="-1.86045">
        <ele>249.9</ele>
      </trkpt>
      <trkpt lat="54.39278" lon="-1.85884">
        <ele>260.1</ele>
      </trkpt>
      <trkpt lat="54.39386" lon="-1.85849">
        <ele>267.9</ele>
      </trkpt>
      <trkpt lat="54.39541" lon="-1.85462">
        <ele>273.3</ele>
      </trkpt>
      <trkpt lat="54.39646" lon="-1.85294">
        <ele>264.2</ele>
      </trkpt>
      <trkpt lat="54.39673" lon="-1.85193">
        <ele>261.8</ele>
      </trkpt>
      <trkpt lat="54.39679" lon="-1.85031">
        <ele>263.5</ele>
      </trkpt>
      <trkpt lat="54.39715" lon="-1.84892">
        <ele>251.2</ele>
      </trkpt>
      <trkpt lat="54.39719" lon="-1.84718">
        <ele>231</ele>
      </trkpt>
      <trkpt lat="54.39875" lon="-1.84323">
        <ele>180.6</ele>
      </trkpt>
      <trkpt lat="54.39907" lon="-1.84216">
        <ele>173.2</ele>
      </trkpt>
      <trkpt lat="54.39929" lon="-1.84161">
        <ele>168.8</ele>
      </trkpt>
      <trkpt lat="54.3994" lon="-1.84049">
        <ele>162.1</ele>
      </trkpt>
      <trkpt lat="54.39979" lon="-1.83943">
        <ele>160.8</ele>
      </trkpt>
      <trkpt lat="54.4007" lon="-1.83912">
        <ele>167.1</ele>
      </trkpt>
      <trkpt lat="54.40065" lon="-1.83695">
        <ele>169.6</ele>
      </trkpt>
      <trkpt lat="54.40136" lon="-1.83563">
        <ele>175.2</ele>
      </trkpt>
      <trkpt lat="54.40227" lon="-1.83552">
        <ele>179.2</ele>
      </trkpt>
      <trkpt lat="54.4036" lon="-1.83354">
        <ele>172.9</ele>
      </trkpt>
      <trkpt lat="54.40444" lon="-1.83069">
        <ele>162.7</ele>
      </trkpt>
      <trkpt lat="54.40661" lon="-1.82699">
        <ele>157.4</ele>
      </trkpt>
      <trkpt lat="54.40771" lon="-1.82569">
        <ele>153.8</ele>
      </trkpt>
      <trkpt lat="54.40838" lon="-1.82294">
        <ele>162.5</ele>
      </trkpt>
      <trkpt lat="54.40895" lon="-1.82117">
        <ele>172.9</ele>
      </trkpt>
      <trkpt lat="54.40872" lon="-1.81802">
        <ele>170</ele>
      </trkpt>
      <trkpt lat="54.40831" lon="-1.81466">
        <ele>172.2</ele>
      </trkpt>
      <trkpt lat="54.40866" lon="-1.81003">
        <ele>163.2</ele>
      </trkpt>
      <trkpt lat="54.40955" lon="-1.8075">
        <ele>167.7</ele>
      </trkpt>
      <trkpt lat="54.40984" lon="-1.8047">
        <ele>159.5</ele>
      </trkpt>
      <trkpt lat="54.41076" lon="-1.79843">
        <ele>174.1</ele>
      </trkpt>
      <trkpt lat="54.41074" lon="-1.79588">
        <ele>166.3</ele>
      </trkpt>
      <trkpt lat="54.41134" lon="-1.7944">
        <ele>174</ele>
      </trkpt>
      <trkpt lat="54.41188" lon="-1.79237">
        <ele>178.7</ele>
      </trkpt>
      <trkpt lat="54.41186" lon="-1.78999">
        <ele>170.3</ele>
      </trkpt>
      <trkpt lat="54.41211" lon="-1.78769">
        <ele>182</ele>
      </trkpt>
      <trkpt lat="54.41159" lon="-1.78438">
        <ele>190</ele>
      </trkpt>
      <trkpt lat="54.41073" lon="-1.7833">
        <ele>177.5</ele>
      </trkpt>
      <trkpt lat="54.4102" lon="-1.78154">
        <ele>193.4</ele>
      </trkpt>
      <trkpt lat="54.40992" lon="-1.78117">
        <ele>192.6</ele>
      </trkpt>
      <trkpt lat="54.40958" lon="-1.78063">
        <ele>193.1</ele>
      </trkpt>
      <trkpt lat="54.4091" lon="-1.77942">
        <ele>204.6</ele>
      </trkpt>
      <trkpt lat="54.40819" lon="-1.77834">
        <ele>197.4</ele>
      </trkpt>
      <trkpt lat="54.40796" lon="-1.77683">
        <ele>199.6</ele>
      </trkpt>
      <trkpt lat="54.40793" lon="-1.77405">
        <ele>203.7</ele>
      </trkpt>
      <trkpt lat="54.40835" lon="-1.76971">
        <ele>214.5</ele>
      </trkpt>
      <trkpt lat="54.40923" lon="-1.76296">
        <ele>195.9</ele>
      </trkpt>
      <trkpt lat="54.40883" lon="-1.7562">
        <ele>177.5</ele>
      </trkpt>
      <trkpt lat="54.40851" lon="-1.7526">
        <ele>170.4</ele>
      </trkpt>
      <trkpt lat="54.40747" lon="-1.74893">
        <ele>158.3</ele>
      </trkpt>
      <trkpt lat="54.40451" lon="-1.74405">
        <ele>136.6</ele>
      </trkpt>
      <trkpt lat="54.40371" lon="-1.74332">
        <ele>135.6</ele>
      </trkpt>
      <trkpt lat="54.40371" lon="-1.73952">
        <ele>132.1</ele>
      </trkpt>
      <trkpt lat="54.40328" lon="-1.73908">
        <ele>131</ele>
      </trkpt>
      <trkpt lat="54.40328" lon="-1.73884">
        <ele>132.8</ele>
      </trkpt>
      <trkpt lat="54.40253" lon="-1.73829">
        <ele>128.3</ele>
      </trkpt>
      <trkpt lat="54.40189" lon="-1.74027">
        <ele>105.8</ele>
      </trkpt>
      <trkpt lat="54.40067" lon="-1.74067">
        <ele>123.2</ele>
      </trkpt>
      <trkpt lat="54.39999" lon="-1.74039">
        <ele>142.4</ele>
      </trkpt>
      <trkpt lat="54.40042" lon="-1.73815">
        <ele>112.4</ele>
      </trkpt>
      <trkpt lat="54.39985" lon="-1.73448">
        <ele>130.5</ele>
      </trkpt>
      <trkpt lat="54.40014" lon="-1.7335">
        <ele>125.7</ele>
      </trkpt>
      <trkpt lat="54.40082" lon="-1.73275">
        <ele>118.8</ele>
      </trkpt>
      <trkpt lat="54.40152" lon="-1.72903">
        <ele>117.7</ele>
      </trkpt>
      <trkpt lat="54.4007" lon="-1.72588">
        <ele>113.5</ele>
      </trkpt>
      <trkpt lat="54.39854" lon="-1.72295">
        <ele>98.6</ele>
      </trkpt>
      <trkpt lat="54.39699" lon="-1.72315">
        <ele>116.5</ele>
      </trkpt>
      <trkpt lat="54.397" lon="-1.72169">
        <ele>99.7</ele>
      </trkpt>
      <trkpt lat="54.39556" lon="-1.72116">
        <ele>95.5</ele>
      </trkpt>
      <trkpt lat="54.39349" lon="-1.72053">
        <ele>92.5</ele>
      </trkpt>
      <trkpt lat="54.39178" lon="-1.72053">
        <ele>117.8</ele>
      </trkpt>
      <trkpt lat="54.39115" lon="-1.71884">
        <ele>113.4</ele>
      </trkpt>
      <trkpt lat="54.39083" lon="-1.71744">
        <ele>115.9</ele>
      </trkpt>
      <trkpt lat="54.39024" lon="-1.7161">
        <ele>117</ele>
      </trkpt>
      <trkpt lat="54.38956" lon="-1.71478">
        <ele>114.8</ele>
      </trkpt>
      <trkpt lat="54.38856" lon="-1.71391">
        <ele>118.2</ele>
      </trkpt>
      <trkpt lat="54.38871" lon="-1.71159">
        <ele>113.3</ele>
      </trkpt>
      <trkpt lat="54.38658" lon="-1.70611">
        <ele>110.9</ele>
      </trkpt>
      <trkpt lat="54.38689" lon="-1.70529">
        <ele>108.6</ele>
      </trkpt>
      <trkpt lat="54.38683" lon="-1.70328">
        <ele>99.9</ele>
      </trkpt>
      <trkpt lat="54.38639" lon="-1.70153">
        <ele>95.8</ele>
      </trkpt>
      <trkpt lat="54.38718" lon="-1.70086">
        <ele>95.6</ele>
      </trkpt>
      <trkpt lat="54.38747" lon="-1.69934">
        <ele>95</ele>
      </trkpt>
      <trkpt lat="54.38734" lon="-1.69749">
        <ele>94.4</ele>
      </trkpt>
      <trkpt lat="54.38736" lon="-1.6963">
        <ele>93.1</ele>
      </trkpt>
      <trkpt lat="54.38652" lon="-1.69567">
        <ele>93.8</ele>
      </trkpt>
      <trkpt lat="54.38799" lon="-1.68861">
        <ele>84.9</ele>
      </trkpt>
      <trkpt lat="54.39059" lon="-1.68931">
        <ele>85.7</ele>
      </trkpt>
      <trkpt lat="54.39122" lon="-1.68537">
        <ele>86.8</ele>
      </trkpt>
      <trkpt lat="54.39127" lon="-1.68012">
        <ele>87.8</ele>
      </trkpt>
      <trkpt lat="54.39085" lon="-1.6767">
        <ele>89.9</ele>
      </trkpt>
      <trkpt lat="54.38995" lon="-1.67461">
        <ele>86.6</ele>
      </trkpt>
      <trkpt lat="54.38932" lon="-1.67362">
        <ele>86</ele>
      </trkpt>
      <trkpt lat="54.389" lon="-1.66901">
        <ele>81.3</ele>
      </trkpt>
      <trkpt lat="54.38884" lon="-1.66807">
        <ele>81.3</ele>
      </trkpt>
      <trkpt lat="54.38891" lon="-1.66623">
        <ele>77.9</ele>
      </trkpt>
      <trkpt lat="54.3877" lon="-1.66452">
        <ele>77.9</ele>
      </trkpt>
      <trkpt lat="54.38751" lon="-1.66334">
        <ele>77</ele>
      </trkpt>
      <trkpt lat="54.3873" lon="-1.66264">
        <ele>76.3</ele>
      </trkpt>
      <trkpt lat="54.38697" lon="-1.66218">
        <ele>74.8</ele>
      </trkpt>
      <trkpt lat="54.38689" lon="-1.66031">
        <ele>73.4</ele>
      </trkpt>
      <trkpt lat="54.38691" lon="-1.65912">
        <ele>73.2</ele>
      </trkpt>
      <trkpt lat="54.38701" lon="-1.65815">
        <ele>74.6</ele>
      </trkpt>
      <trkpt lat="54.38746" lon="-1.65733">
        <ele>76.8</ele>
      </trkpt>
      <trkpt lat="54.38771" lon="-1.65647">
        <ele>75.8</ele>
      </trkpt>
      <trkpt lat="54.38867" lon="-1.65321">
        <ele>64.7</ele>
      </trkpt>
      <trkpt lat="54.38823" lon="-1.65189">
        <ele>63.5</ele>
      </trkpt>
      <trkpt lat="54.38852" lon="-1.65103">
        <ele>62.2</ele>
      </trkpt>
      <trkpt lat="54.38945" lon="-1.65175">
        <ele>61.7</ele>
      </trkpt>
      <trkpt lat="54.39025" lon="-1.64871">
        <ele>60.9</ele>
      </trkpt>
      <trkpt lat="54.39027" lon="-1.64515">
        <ele>58.6</ele>
      </trkpt>
      <trkpt lat="54.39145" lon="-1.64224">
        <ele>58.9</ele>
      </trkpt>
      <trkpt lat="54.39263" lon="-1.63989">
        <ele>58.9</ele>
      </trkpt>
      <trkpt lat="54.39338" lon="-1.63455">
        <ele>56</ele>
      </trkpt>
      <trkpt lat="54.39299" lon="-1.63214">
        <ele>55.8</ele>
      </trkpt>
      <trkpt lat="54.39213" lon="-1.63008">
        <ele>55.5</ele>
      </trkpt>
      <trkpt lat="54.39195" lon="-1.62887">
        <ele>56.8</ele>
      </trkpt>
      <trkpt lat="54.39138" lon="-1.62755">
        <ele>56.7</ele>
      </trkpt>
      <trkpt lat="54.39119" lon="-1.6264">
        <ele>54.9</ele>
      </trkpt>
      <trkpt lat="54.39107" lon="-1.62529">
        <ele>55.2</ele>
      </trkpt>
      <trkpt lat="54.39127" lon="-1.62317">
        <ele>57.2</ele>
      </trkpt>
      <trkpt lat="54.38862" lon="-1.6244">
        <ele>56</ele>
      </trkpt>
      <trkpt lat="54.38864" lon="-1.61991">
        <ele>53.3</ele>
      </trkpt>
      <trkpt lat="54.38782" lon="-1.61881">
        <ele>53.4</ele>
      </trkpt>
      <trkpt lat="54.38824" lon="-1.61711">
        <ele>53.4</ele>
      </trkpt>
      <trkpt lat="54.38859" lon="-1.61521">
        <ele>54.2</ele>
      </trkpt>
      <trkpt lat="54.38798" lon="-1.61478">
        <ele>53.7</ele>
      </trkpt>
      <trkpt lat="54.38753" lon="-1.61356">
        <ele>53.1</ele>
      </trkpt>
      <trkpt lat="54.38762" lon="-1.61223">
        <ele>53.7</ele>
      </trkpt>
      <trkpt lat="54.38735" lon="-1.61169">
        <ele>53.8</ele>
      </trkpt>
      <trkpt lat="54.38732" lon="-1.6089">
        <ele>50.7</ele>
      </trkpt>
      <trkpt lat="54.38738" lon="-1.60748">
        <ele>50</ele>
      </trkpt>
      <trkpt lat="54.38684" lon="-1.60529">
        <ele>52.2</ele>
      </trkpt>
      <trkpt lat="54.38476" lon="-1.60551">
        <ele>50.7</ele>
      </trkpt>
      <trkpt lat="54.38405" lon="-1.60524">
        <ele>49.9</ele>
      </trkpt>
      <trkpt lat="54.38289" lon="-1.60442">
        <ele>49.5</ele>
      </trkpt>
      <trkpt lat="54.38323" lon="-1.60354">
        <ele>48.4</ele>
      </trkpt>
      <trkpt lat="54.38207" lon="-1.60157">
        <ele>47</ele>
      </trkpt>
      <trkpt lat="54.38119" lon="-1.60037">
        <ele>47</ele>
      </trkpt>
      <trkpt lat="54.37999" lon="-1.59922">
        <ele>47</ele>
      </trkpt>
      <trkpt lat="54.37935" lon="-1.59966">
        <ele>47.8</ele>
      </trkpt>
      <trkpt lat="54.37885" lon="-1.59822">
        <ele>46.4</ele>
      </trkpt>
      <trkpt lat="54.37992" lon="-1.5965">
        <ele>52.6</ele>
      </trkpt>
      <trkpt lat="54.3802" lon="-1.59509">
        <ele>52.1</ele>
      </trkpt>
      <trkpt lat="54.38173" lon="-1.59118">
        <ele>45.9</ele>
      </trkpt>
      <trkpt lat="54.382" lon="-1.58769">
        <ele>46.1</ele>
      </trkpt>
      <trkpt lat="54.3817" lon="-1.58479">
        <ele>46.3</ele>
      </trkpt>
      <trkpt lat="54.38217" lon="-1.58194">
        <ele>56.7</ele>
      </trkpt>
      <trkpt lat="54.38282" lon="-1.58231">
        <ele>53.8</ele>
      </trkpt>
      <trkpt lat="54.38302" lon="-1.58178">
        <ele>53.9</ele>
      </trkpt>
      <trkpt lat="54.38341" lon="-1.57504">
        <ele>47.1</ele>
      </trkpt>
      <trkpt lat="54.38368" lon="-1.57505">
        <ele>47.8</ele>
      </trkpt>
      <trkpt lat="54.38401" lon="-1.57262">
        <ele>47.8</ele>
      </trkpt>
      <trkpt lat="54.38494" lon="-1.56925">
        <ele>46.9</ele>
      </trkpt>
      <trkpt lat="54.3851" lon="-1.56844">
        <ele>46.2</ele>
      </trkpt>
      <trkpt lat="54.38325" lon="-1.56657">
        <ele>45</ele>
      </trkpt>
      <trkpt lat="54.38224" lon="-1.56404">
        <ele>47.1</ele>
      </trkpt>
      <trkpt lat="54.38131" lon="-1.56186">
        <ele>48.9</ele>
      </trkpt>
      <trkpt lat="54.38038" lon="-1.55989">
        <ele>47.3</ele>
      </trkpt>
      <trkpt lat="54.37948" lon="-1.55621">
        <ele>43.4</ele>
      </trkpt>
      <trkpt lat="54.38012" lon="-1.55533">
        <ele>44.1</ele>
      </trkpt>
      <trkpt lat="54.38009" lon="-1.55316">
        <ele>45.1</ele>
      </trkpt>
      <trkpt lat="54.3807" lon="-1.55065">
        <ele>44.8</ele>
      </trkpt>
      <trkpt lat="54.38095" lon="-1.54806">
        <ele>44.1</ele>
      </trkpt>
      <trkpt lat="54.38235" lon="-1.54418">
        <ele>44.8</ele>
      </trkpt>
      <trkpt lat="54.3824" lon="-1.54363">
        <ele>43.7</ele>
      </trkpt>
      <trkpt lat="54.38353" lon="-1.54005">
        <ele>41.2</ele>
      </trkpt>
      <trkpt lat="54.38351" lon="-1.53962">
        <ele>41.6</ele>
      </trkpt>
      <trkpt lat="54.38371" lon="-1.53886">
        <ele>42.4</ele>
      </trkpt>
      <trkpt lat="54.38369" lon="-1.538">
        <ele>42.8</ele>
      </trkpt>
      <trkpt lat="54.38331" lon="-1.5362">
        <ele>42.1</ele>
      </trkpt>
      <trkpt lat="54.38372" lon="-1.53491">
        <ele>43.5</ele>
      </trkpt>
      <trkpt lat="54.384" lon="-1.533">
        <ele>44</ele>
      </trkpt>
      <trkpt lat="54.38476" lon="-1.53177">
        <ele>43.4</ele>
      </trkpt>
      <trkpt lat="54.38496" lon="-1.53129">
        <ele>43</ele>
      </trkpt>
      <trkpt lat="54.38522" lon="-1.52686">
        <ele>45.2</ele>
      </trkpt>
      <trkpt lat="54.38455" lon="-1.52573">
        <ele>45.7</ele>
      </trkpt>
      <trkpt lat="54.38466" lon="-1.52395">
        <ele>46.4</ele>
      </trkpt>
      <trkpt lat="54.38467" lon="-1.52393">
        <ele>46.4</ele>
      </trkpt>
      <trkpt lat="54.38447" lon="-1.52312">
        <ele>46.5</ele>
      </trkpt>
      <trkpt lat="54.385" lon="-1.51918">
        <ele>44</ele>
      </trkpt>
      <trkpt lat="54.38491" lon="-1.51431">
        <ele>42.2</ele>
      </trkpt>
      <trkpt lat="54.38437" lon="-1.5098">
        <ele>40.1</ele>
      </trkpt>
      <trkpt lat="54.38348" lon="-1.50798">
        <ele>40.6</ele>
      </trkpt>
      <trkpt lat="54.38362" lon="-1.50432">
        <ele>42.8</ele>
      </trkpt>
      <trkpt lat="54.38353" lon="-1.49845">
        <ele>39.9</ele>
      </trkpt>
      <trkpt lat="54.38411" lon="-1.49673">
        <ele>43.6</ele>
      </trkpt>
      <trkpt lat="54.383" lon="-1.49356">
        <ele>50.6</ele>
      </trkpt>
      <trkpt lat="54.38239" lon="-1.49115">
        <ele>49.9</ele>
      </trkpt>
      <trkpt lat="54.38222" lon="-1.48685">
        <ele>43.3</ele>
      </trkpt>
      <trkpt lat="54.3815" lon="-1.48536">
        <ele>42</ele>
      </trkpt>
      <trkpt lat="54.38183" lon="-1.48321">
        <ele>38.9</ele>
      </trkpt>
      <trkpt lat="54.38239" lon="-1.48199">
        <ele>36.8</ele>
      </trkpt>
      <trkpt lat="54.38286" lon="-1.48154">
        <ele>36</ele>
      </trkpt>
      <trkpt lat="54.38422" lon="-1.47812">
        <ele>39.6</ele>
      </trkpt>
      <trkpt lat="54.38459" lon="-1.47592">
        <ele>37</ele>
      </trkpt>
      <trkpt lat="54.38465" lon="-1.47195">
        <ele>42.3</ele>
      </trkpt>
      <trkpt lat="54.38359" lon="-1.46923">
        <ele>48.9</ele>
      </trkpt>
      <trkpt lat="54.38247" lon="-1.4666">
        <ele>54</ele>
      </trkpt>
      <trkpt lat="54.38092" lon="-1.46418">
        <ele>54</ele>
      </trkpt>
      <trkpt lat="54.37806" lon="-1.45935">
        <ele>54.7</ele>
      </trkpt>
      <trkpt lat="54.37864" lon="-1.45642">
        <ele>54</ele>
      </trkpt>
      <trkpt lat="54.3794" lon="-1.45656">
        <ele>54.3</ele>
      </trkpt>
      <trkpt lat="54.37954" lon="-1.45609">
        <ele>54.4</ele>
      </trkpt>
      <trkpt lat="54.38204" lon="-1.44683">
        <ele>62.9</ele>
      </trkpt>
      <trkpt lat="54.38312" lon="-1.44641">
        <ele>64.7</ele>
      </trkpt>
      <trkpt lat="54.3836" lon="-1.44616">
        <ele>63.9</ele>
      </trkpt>
      <trkpt lat="54.3853" lon="-1.44521">
        <ele>58.4</ele>
      </trkpt>
      <trkpt lat="54.38683" lon="-1.44513">
        <ele>58</ele>
      </trkpt>
      <trkpt lat="54.38637" lon="-1.44244">
        <ele>57.6</ele>
      </trkpt>
      <trkpt lat="54.38555" lon="-1.4407">
        <ele>55.6</ele>
      </trkpt>
      <trkpt lat="54.38544" lon="-1.4397">
        <ele>55.4</ele>
      </trkpt>
      <trkpt lat="54.38568" lon="-1.43863">
        <ele>57.2</ele>
      </trkpt>
      <trkpt lat="54.38593" lon="-1.43653">
        <ele>62.5</ele>
      </trkpt>
      <trkpt lat="54.38615" lon="-1.43482">
        <ele>65.3</ele>
      </trkpt>
      <trkpt lat="54.38657" lon="-1.43184">
        <ele>64.7</ele>
      </trkpt>
      <trkpt lat="54.3866" lon="-1.42914">
        <ele>63.9</ele>
      </trkpt>
      <trkpt lat="54.38765" lon="-1.42888">
        <ele>64.4</ele>
      </trkpt>
      <trkpt lat="54.38755" lon="-1.42468">
        <ele>59</ele>
      </trkpt>
      <trkpt lat="54.3885" lon="-1.42288">
        <ele>58.4</ele>
      </trkpt>
      <trkpt lat="54.38869" lon="-1.42161">
        <ele>59</ele>
      </trkpt>
      <trkpt lat="54.38829" lon="-1.42067">
        <ele>58.8</ele>
      </trkpt>
      <trkpt lat="54.38839" lon="-1.41844">
        <ele>55.3</ele>
      </trkpt>
      <trkpt lat="54.38897" lon="-1.41762">
        <ele>55.1</ele>
      </trkpt>
      <trkpt lat="54.39055" lon="-1.41033">
        <ele>57.7</ele>
      </trkpt>
      <trkpt lat="54.39083" lon="-1.40836">
        <ele>58</ele>
      </trkpt>
      <trkpt lat="54.39123" lon="-1.40821">
        <ele>59.5</ele>
      </trkpt>
      <trkpt lat="54.39198" lon="-1.40269">
        <ele>57.5</ele>
      </trkpt>
      <trkpt lat="54.39073" lon="-1.40238">
        <ele>57.7</ele>
      </trkpt>
      <trkpt lat="54.38996" lon="-1.4022">
        <ele>56.7</ele>
      </trkpt>
      <trkpt lat="54.39073" lon="-1.39629">
        <ele>57.8</ele>
      </trkpt>
      <trkpt lat="54.39065" lon="-1.39538">
        <ele>57.6</ele>
      </trkpt>
      <trkpt lat="54.39116" lon="-1.39499">
        <ele>58.8</ele>
      </trkpt>
      <trkpt lat="54.39124" lon="-1.39249">
        <ele>57.5</ele>
      </trkpt>
      <trkpt lat="54.39126" lon="-1.39167">
        <ele>58.5</ele>
      </trkpt>
      <trkpt lat="54.39308" lon="-1.38739">
        <ele>61.4</ele>
      </trkpt>
      <trkpt lat="54.39088" lon="-1.38589">
        <ele>62.9</ele>
      </trkpt>
      <trkpt lat="54.39118" lon="-1.38473">
        <ele>63.9</ele>
      </trkpt>
      <trkpt lat="54.39221" lon="-1.38464">
        <ele>63.4</ele>
      </trkpt>
      <trkpt lat="54.39339" lon="-1.38319">
        <ele>65.1</ele>
      </trkpt>
      <trkpt lat="54.3938" lon="-1.38137">
        <ele>66.4</ele>
      </trkpt>
      <trkpt lat="54.39584" lon="-1.38206">
        <ele>63.5</ele>
      </trkpt>
      <trkpt lat="54.39723" lon="-1.38008">
        <ele>64.3</ele>
      </trkpt>
      <trkpt lat="54.39864" lon="-1.37411">
        <ele>68</ele>
      </trkpt>
      <trkpt lat="54.39934" lon="-1.36871">
        <ele>70.4</ele>
      </trkpt>
      <trkpt lat="54.40118" lon="-1.36525">
        <ele>71.9</ele>
      </trkpt>
      <trkpt lat="54.40175" lon="-1.36269">
        <ele>73</ele>
      </trkpt>
      <trkpt lat="54.40248" lon="-1.36095">
        <ele>74</ele>
      </trkpt>
      <trkpt lat="54.40282" lon="-1.35946">
        <ele>74.4</ele>
      </trkpt>
      <trkpt lat="54.40287" lon="-1.35814">
        <ele>75.6</ele>
      </trkpt>
      <trkpt lat="54.40338" lon="-1.35807">
        <ele>75.9</ele>
      </trkpt>
      <trkpt lat="54.40509" lon="-1.34841">
        <ele>75.9</ele>
      </trkpt>
      <trkpt lat="54.40531" lon="-1.34656">
        <ele>77.1</ele>
      </trkpt>
      <trkpt lat="54.40636" lon="-1.33623">
        <ele>75.3</ele>
      </trkpt>
      <trkpt lat="54.40486" lon="-1.33301">
        <ele>74.4</ele>
      </trkpt>
      <trkpt lat="54.40613" lon="-1.33009">
        <ele>77.6</ele>
      </trkpt>
      <trkpt lat="54.40492" lon="-1.32767">
        <ele>75.8</ele>
      </trkpt>
      <trkpt lat="54.40582" lon="-1.32569">
        <ele>78.9</ele>
      </trkpt>
      <trkpt lat="54.40426" lon="-1.32076">
        <ele>79</ele>
      </trkpt>
      <trkpt lat="54.40366" lon="-1.31847">
        <ele>80.1</ele>
      </trkpt>
      <trkpt lat="54.40259" lon="-1.3164">
        <ele>85.2</ele>
      </trkpt>
      <trkpt lat="54.40135" lon="-1.31441">
        <ele>87.6</ele>
      </trkpt>
      <trkpt lat="54.4013" lon="-1.31371">
        <ele>87.3</ele>
      </trkpt>
      <trkpt lat="54.39933" lon="-1.30926">
        <ele>76.3</ele>
      </trkpt>
      <trkpt lat="54.3991" lon="-1.30874">
        <ele>75.3</ele>
      </trkpt>
      <trkpt lat="54.39763" lon="-1.30592">
        <ele>77.3</ele>
      </trkpt>
      <trkpt lat="54.3965" lon="-1.30503">
        <ele>88.7</ele>
      </trkpt>
      <trkpt lat="54.39587" lon="-1.3037">
        <ele>93.4</ele>
      </trkpt>
      <trkpt lat="54.39414" lon="-1.30188">
        <ele>107.7</ele>
      </trkpt>
      <trkpt lat="54.39333" lon="-1.30044">
        <ele>146.5</ele>
      </trkpt>
      <trkpt lat="54.38983" lon="-1.3032">
        <ele>122.9</ele>
      </trkpt>
      <trkpt lat="54.38812" lon="-1.30266">
        <ele>144</ele>
      </trkpt>
      <trkpt lat="54.38604" lon="-1.3037">
        <ele>154.4</ele>
      </trkpt>
      <trkpt lat="54.38465" lon="-1.30386">
        <ele>171</ele>
      </trkpt>
      <trkpt lat="54.38455" lon="-1.3046">
        <ele>156.2</ele>
      </trkpt>
      <trkpt lat="54.38312" lon="-1.30384">
        <ele>186.7</ele>
      </trkpt>
      <trkpt lat="54.38246" lon="-1.30448">
        <ele>182.1</ele>
      </trkpt>
      <trkpt lat="54.38227" lon="-1.30339">
        <ele>198.3</ele>
      </trkpt>
      <trkpt lat="54.38269" lon="-1.30255">
        <ele>208.6</ele>
      </trkpt>
      <trkpt lat="54.3811" lon="-1.3023">
        <ele>220.1</ele>
      </trkpt>
      <trkpt lat="54.38265" lon="-1.29982">
        <ele>247.3</ele>
      </trkpt>
      <trkpt lat="54.3858" lon="-1.29729">
        <ele>272.7</ele>
      </trkpt>
      <trkpt lat="54.38999" lon="-1.29372">
        <ele>294.1</ele>
      </trkpt>
      <trkpt lat="54.38208" lon="-1.30255">
        <ele>212.2</ele>
      </trkpt>
      <trkpt lat="54.38098" lon="-1.30194">
        <ele>225.8</ele>
      </trkpt>
      <trkpt lat="54.38182" lon="-1.3009">
        <ele>236.7</ele>
      </trkpt>
      <trkpt lat="54.3841" lon="-1.29826">
        <ele>264.9</ele>
      </trkpt>
      <trkpt lat="54.38577" lon="-1.29749">
        <ele>270.9</ele>
      </trkpt>
      <trkpt lat="54.38983" lon="-1.29393">
        <ele>293</ele>
      </trkpt>
      <trkpt lat="54.39125" lon="-1.29368">
        <ele>289.2</ele>
      </trkpt>
      <trkpt lat="54.39265" lon="-1.29154">
        <ele>287.5</ele>
      </trkpt>
      <trkpt lat="54.39346" lon="-1.28902">
        <ele>271.4</ele>
      </trkpt>
      <trkpt lat="54.39442" lon="-1.2824">
        <ele>254.7</ele>
      </trkpt>
      <trkpt lat="54.39461" lon="-1.27996">
        <ele>245.9</ele>
      </trkpt>
      <trkpt lat="54.39596" lon="-1.27665">
        <ele>239.4</ele>
      </trkpt>
      <trkpt lat="54.39636" lon="-1.27243">
        <ele>225.4</ele>
      </trkpt>
      <trkpt lat="54.39778" lon="-1.26737">
        <ele>216.1</ele>
      </trkpt>
      <trkpt lat="54.39906" lon="-1.26237">
        <ele>213.2</ele>
      </trkpt>
      <trkpt lat="54.40094" lon="-1.25954">
        <ele>155</ele>
      </trkpt>
      <trkpt lat="54.40121" lon="-1.25969">
        <ele>149</ele>
      </trkpt>
      <trkpt lat="54.40128" lon="-1.25886">
        <ele>146.1</ele>
      </trkpt>
      <trkpt lat="54.40015" lon="-1.25732">
        <ele>165</ele>
      </trkpt>
      <trkpt lat="54.40014" lon="-1.25638">
        <ele>155.5</ele>
      </trkpt>
      <trkpt lat="54.39806" lon="-1.25392">
        <ele>181.6</ele>
      </trkpt>
      <trkpt lat="54.39794" lon="-1.25216">
        <ele>163.7</ele>
      </trkpt>
      <trkpt lat="54.39566" lon="-1.24777">
        <ele>177.6</ele>
      </trkpt>
      <trkpt lat="54.39718" lon="-1.24389">
        <ele>135.5</ele>
      </trkpt>
      <trkpt lat="54.3973" lon="-1.24303">
        <ele>137.7</ele>
      </trkpt>
      <trkpt lat="54.39764" lon="-1.24178">
        <ele>142.7</ele>
      </trkpt>
      <trkpt lat="54.39802" lon="-1.24192">
        <ele>138</ele>
      </trkpt>
      <trkpt lat="54.39841" lon="-1.24293">
        <ele>134.6</ele>
      </trkpt>
      <trkpt lat="54.39969" lon="-1.24251">
        <ele>141.3</ele>
      </trkpt>
      <trkpt lat="54.40096" lon="-1.24">
        <ele>154.1</ele>
      </trkpt>
      <trkpt lat="54.40225" lon="-1.24077">
        <ele>160</ele>
      </trkpt>
      <trkpt lat="54.40415" lon="-1.24177">
        <ele>172.8</ele>
      </trkpt>
      <trkpt lat="54.40476" lon="-1.23803">
        <ele>231.2</ele>
      </trkpt>
      <trkpt lat="54.4052" lon="-1.23381">
        <ele>272.1</ele>
      </trkpt>
      <trkpt lat="54.40489" lon="-1.23191">
        <ele>289.2</ele>
      </trkpt>
      <trkpt lat="54.40443" lon="-1.23024">
        <ele>298</ele>
      </trkpt>
      <trkpt lat="54.40451" lon="-1.22591">
        <ele>311.2</ele>
      </trkpt>
      <trkpt lat="54.40446" lon="-1.22385">
        <ele>305.8</ele>
      </trkpt>
      <trkpt lat="54.40527" lon="-1.22134">
        <ele>300</ele>
      </trkpt>
      <trkpt lat="54.40554" lon="-1.21755">
        <ele>289.8</ele>
      </trkpt>
      <trkpt lat="54.40687" lon="-1.21151">
        <ele>319.4</ele>
      </trkpt>
      <trkpt lat="54.40716" lon="-1.20981">
        <ele>334.8</ele>
      </trkpt>
      <trkpt lat="54.40799" lon="-1.20801">
        <ele>351.9</ele>
      </trkpt>
      <trkpt lat="54.41117" lon="-1.20517">
        <ele>368.2</ele>
      </trkpt>
      <trkpt lat="54.41304" lon="-1.20337">
        <ele>374.8</ele>
      </trkpt>
      <trkpt lat="54.41516" lon="-1.20241">
        <ele>387.2</ele>
      </trkpt>
      <trkpt lat="54.41613" lon="-1.20119">
        <ele>399.2</ele>
      </trkpt>
      <trkpt lat="54.41636" lon="-1.19991">
        <ele>395.3</ele>
      </trkpt>
      <trkpt lat="54.41683" lon="-1.19925">
        <ele>379.7</ele>
      </trkpt>
      <trkpt lat="54.41687" lon="-1.19772">
        <ele>350.9</ele>
      </trkpt>
      <trkpt lat="54.41829" lon="-1.19738">
        <ele>330</ele>
      </trkpt>
      <trkpt lat="54.41868" lon="-1.19592">
        <ele>312.4</ele>
      </trkpt>
      <trkpt lat="54.42004" lon="-1.19461">
        <ele>298</ele>
      </trkpt>
      <trkpt lat="54.42095" lon="-1.19203">
        <ele>287.9</ele>
      </trkpt>
      <trkpt lat="54.42103" lon="-1.18913">
        <ele>284.7</ele>
      </trkpt>
      <trkpt lat="54.4208" lon="-1.18451">
        <ele>300.3</ele>
      </trkpt>
      <trkpt lat="54.42167" lon="-1.18117">
        <ele>335.6</ele>
      </trkpt>
      <trkpt lat="54.42196" lon="-1.1798">
        <ele>355.8</ele>
      </trkpt>
      <trkpt lat="54.42267" lon="-1.17718">
        <ele>396.6</ele>
      </trkpt>
      <trkpt lat="54.42168" lon="-1.17562">
        <ele>416.6</ele>
      </trkpt>
      <trkpt lat="54.42113" lon="-1.17453">
        <ele>423.2</ele>
      </trkpt>
      <trkpt lat="54.42084" lon="-1.17245">
        <ele>428.8</ele>
      </trkpt>
      <trkpt lat="54.42097" lon="-1.16947">
        <ele>412.4</ele>
      </trkpt>
      <trkpt lat="54.4211" lon="-1.16745">
        <ele>387.6</ele>
      </trkpt>
      <trkpt lat="54.42176" lon="-1.16601">
        <ele>358.3</ele>
      </trkpt>
      <trkpt lat="54.42252" lon="-1.16452">
        <ele>327</ele>
      </trkpt>
      <trkpt lat="54.42318" lon="-1.16172">
        <ele>310.7</ele>
      </trkpt>
      <trkpt lat="54.42272" lon="-1.15978">
        <ele>309.9</ele>
      </trkpt>
      <trkpt lat="54.42276" lon="-1.15776">
        <ele>320.1</ele>
      </trkpt>
      <trkpt lat="54.42324" lon="-1.15595">
        <ele>348.2</ele>
      </trkpt>
      <trkpt lat="54.42346" lon="-1.15239">
        <ele>387.1</ele>
      </trkpt>
      <trkpt lat="54.42346" lon="-1.15099">
        <ele>379.5</ele>
      </trkpt>
      <trkpt lat="54.42321" lon="-1.14812">
        <ele>344</ele>
      </trkpt>
      <trkpt lat="54.42365" lon="-1.1451">
        <ele>297.6</ele>
      </trkpt>
      <trkpt lat="54.42416" lon="-1.14129">
        <ele>326.7</ele>
      </trkpt>
      <trkpt lat="54.42459" lon="-1.13944">
        <ele>349.1</ele>
      </trkpt>
      <trkpt lat="54.42464" lon="-1.13717">
        <ele>362.1</ele>
      </trkpt>
      <trkpt lat="54.42541" lon="-1.13447">
        <ele>381.3</ele>
      </trkpt>
      <trkpt lat="54.42531" lon="-1.12971">
        <ele>376</ele>
      </trkpt>
      <trkpt lat="54.42555" lon="-1.12827">
        <ele>386.4</ele>
      </trkpt>
      <trkpt lat="54.42382" lon="-1.12606">
        <ele>369.8</ele>
      </trkpt>
      <trkpt lat="54.42322" lon="-1.12496">
        <ele>354.8</ele>
      </trkpt>
      <trkpt lat="54.42288" lon="-1.12306">
        <ele>313.4</ele>
      </trkpt>
      <trkpt lat="54.42289" lon="-1.12166">
        <ele>294.1</ele>
      </trkpt>
      <trkpt lat="54.42181" lon="-1.1196">
        <ele>259.4</ele>
      </trkpt>
      <trkpt lat="54.4218" lon="-1.11838">
        <ele>257.2</ele>
      </trkpt>
      <trkpt lat="54.4218" lon="-1.11823">
        <ele>258.3</ele>
      </trkpt>
      <trkpt lat="54.42172" lon="-1.11756">
        <ele>265.6</ele>
      </trkpt>
      <trkpt lat="54.42195" lon="-1.11597">
        <ele>281.2</ele>
      </trkpt>
      <trkpt lat="54.4219" lon="-1.11494">
        <ele>287.8</ele>
      </trkpt>
      <trkpt lat="54.42182" lon="-1.11415">
        <ele>296.4</ele>
      </trkpt>
      <trkpt lat="54.42136" lon="-1.1115">
        <ele>337.3</ele>
      </trkpt>
      <trkpt lat="54.42071" lon="-1.11008">
        <ele>363.5</ele>
      </trkpt>
      <trkpt lat="54.41818" lon="-1.10794">
        <ele>368.7</ele>
      </trkpt>
      <trkpt lat="54.41655" lon="-1.10557">
        <ele>368.9</ele>
      </trkpt>
      <trkpt lat="54.41445" lon="-1.10163">
        <ele>367.9</ele>
      </trkpt>
      <trkpt lat="54.41187" lon="-1.09825">
        <ele>388.9</ele>
      </trkpt>
      <trkpt lat="54.40907" lon="-1.097">
        <ele>410.3</ele>
      </trkpt>
      <trkpt lat="54.40879" lon="-1.09659">
        <ele>413.3</ele>
      </trkpt>
      <trkpt lat="54.40639" lon="-1.08996">
        <ele>441.1</ele>
      </trkpt>
      <trkpt lat="54.40546" lon="-1.08695">
        <ele>440.9</ele>
      </trkpt>
      <trkpt lat="54.40483" lon="-1.08187">
        <ele>444.5</ele>
      </trkpt>
      <trkpt lat="54.40535" lon="-1.07881">
        <ele>442.8</ele>
      </trkpt>
      <trkpt lat="54.40574" lon="-1.07603">
        <ele>438.8</ele>
      </trkpt>
      <trkpt lat="54.4054" lon="-1.07201">
        <ele>437.5</ele>
      </trkpt>
      <trkpt lat="54.40596" lon="-1.06825">
        <ele>436.5</ele>
      </trkpt>
      <trkpt lat="54.40655" lon="-1.06408">
        <ele>413.3</ele>
      </trkpt>
      <trkpt lat="54.40681" lon="-1.05861">
        <ele>397.5</ele>
      </trkpt>
      <trkpt lat="54.40585" lon="-1.05562">
        <ele>393.4</ele>
      </trkpt>
      <trkpt lat="54.40548" lon="-1.05415">
        <ele>391.2</ele>
      </trkpt>
      <trkpt lat="54.40501" lon="-1.05232">
        <ele>389.5</ele>
      </trkpt>
      <trkpt lat="54.40452" lon="-1.05043">
        <ele>389.3</ele>
      </trkpt>
      <trkpt lat="54.40371" lon="-1.0481">
        <ele>394.6</ele>
      </trkpt>
      <trkpt lat="54.40378" lon="-1.04568">
        <ele>394.1</ele>
      </trkpt>
      <trkpt lat="54.40453" lon="-1.04399">
        <ele>389.5</ele>
      </trkpt>
      <trkpt lat="54.40731" lon="-1.04305">
        <ele>390.6</ele>
      </trkpt>
      <trkpt lat="54.40849" lon="-1.04166">
        <ele>380.6</ele>
      </trkpt>
      <trkpt lat="54.40859" lon="-1.03991">
        <ele>378.3</ele>
      </trkpt>
      <trkpt lat="54.40739" lon="-1.03629">
        <ele>379.4</ele>
      </trkpt>
      <trkpt lat="54.40707" lon="-1.03413">
        <ele>381.4</ele>
      </trkpt>
      <trkpt lat="54.40776" lon="-1.03208">
        <ele>377.6</ele>
      </trkpt>
      <trkpt lat="54.40903" lon="-1.03098">
        <ele>377.2</ele>
      </trkpt>
      <trkpt lat="54.40954" lon="-1.02892">
        <ele>367.3</ele>
      </trkpt>
      <trkpt lat="54.4094" lon="-1.02723">
        <ele>369.2</ele>
      </trkpt>
      <trkpt lat="54.40848" lon="-1.02535">
        <ele>374.4</ele>
      </trkpt>
      <trkpt lat="54.40651" lon="-1.02385">
        <ele>361</ele>
      </trkpt>
      <trkpt lat="54.40574" lon="-1.02013">
        <ele>365.3</ele>
      </trkpt>
      <trkpt lat="54.4047" lon="-1.01832">
        <ele>365.3</ele>
      </trkpt>
      <trkpt lat="54.40314" lon="-1.01696">
        <ele>357.2</ele>
      </trkpt>
      <trkpt lat="54.40274" lon="-1.01527">
        <ele>357.7</ele>
      </trkpt>
      <trkpt lat="54.40327" lon="-1.01115">
        <ele>354.4</ele>
      </trkpt>
      <trkpt lat="54.40298" lon="-1.00778">
        <ele>348.6</ele>
      </trkpt>
      <trkpt lat="54.40129" lon="-1.00304">
        <ele>354.6</ele>
      </trkpt>
      <trkpt lat="54.39764" lon="-0.99351">
        <ele>346.8</ele>
      </trkpt>
      <trkpt lat="54.39542" lon="-0.98996">
        <ele>353.2</ele>
      </trkpt>
      <trkpt lat="54.39314" lon="-0.98754">
        <ele>357.3</ele>
      </trkpt>
      <trkpt lat="54.39047" lon="-0.98757">
        <ele>356.2</ele>
      </trkpt>
      <trkpt lat="54.38877" lon="-0.98616">
        <ele>353</ele>
      </trkpt>
      <trkpt lat="54.38815" lon="-0.98427">
        <ele>356.1</ele>
      </trkpt>
      <trkpt lat="54.38768" lon="-0.97943">
        <ele>357.2</ele>
      </trkpt>
      <trkpt lat="54.38607" lon="-0.97566">
        <ele>366.9</ele>
      </trkpt>
      <trkpt lat="54.38681" lon="-0.9727">
        <ele>363.9</ele>
      </trkpt>
      <trkpt lat="54.38923" lon="-0.97142">
        <ele>367.7</ele>
      </trkpt>
      <trkpt lat="54.39053" lon="-0.96919">
        <ele>362.4</ele>
      </trkpt>
      <trkpt lat="54.39079" lon="-0.96612">
        <ele>361.3</ele>
      </trkpt>
      <trkpt lat="54.38928" lon="-0.96241">
        <ele>366.1</ele>
      </trkpt>
      <trkpt lat="54.38868" lon="-0.96189">
        <ele>365</ele>
      </trkpt>
      <trkpt lat="54.38875" lon="-0.95932">
        <ele>379.9</ele>
      </trkpt>
      <trkpt lat="54.38937" lon="-0.95689">
        <ele>394.2</ele>
      </trkpt>
      <trkpt lat="54.38885" lon="-0.9558">
        <ele>392.5</ele>
      </trkpt>
      <trkpt lat="54.38867" lon="-0.95558">
        <ele>392</ele>
      </trkpt>
      <trkpt lat="54.39256" lon="-0.95662">
        <ele>397.6</ele>
      </trkpt>
      <trkpt lat="54.39341" lon="-0.95681">
        <ele>399.4</ele>
      </trkpt>
      <trkpt lat="54.3964" lon="-0.96012">
        <ele>405</ele>
      </trkpt>
      <trkpt lat="54.39866" lon="-0.96167">
        <ele>406.2</ele>
      </trkpt>
      <trkpt lat="54.40253" lon="-0.96136">
        <ele>411.2</ele>
      </trkpt>
      <trkpt lat="54.40285" lon="-0.96136">
        <ele>412.2</ele>
      </trkpt>
      <trkpt lat="54.40322" lon="-0.96141">
        <ele>413.5</ele>
      </trkpt>
      <trkpt lat="54.40445" lon="-0.96137">
        <ele>415.5</ele>
      </trkpt>
      <trkpt lat="54.40536" lon="-0.96109">
        <ele>416.1</ele>
      </trkpt>
      <trkpt lat="54.40692" lon="-0.96013">
        <ele>416.1</ele>
      </trkpt>
      <trkpt lat="54.40828" lon="-0.95879">
        <ele>414.5</ele>
      </trkpt>
      <trkpt lat="54.40828" lon="-0.95833">
        <ele>411.7</ele>
      </trkpt>
      <trkpt lat="54.40846" lon="-0.95754">
        <ele>410</ele>
      </trkpt>
      <trkpt lat="54.40899" lon="-0.95601">
        <ele>409</ele>
      </trkpt>
      <trkpt lat="54.4091" lon="-0.95548">
        <ele>408.6</ele>
      </trkpt>
      <trkpt lat="54.40869" lon="-0.95318">
        <ele>402.4</ele>
      </trkpt>
      <trkpt lat="54.40856" lon="-0.95052">
        <ele>403.2</ele>
      </trkpt>
      <trkpt lat="54.40856" lon="-0.95024">
        <ele>403.4</ele>
      </trkpt>
      <trkpt lat="54.4085" lon="-0.9499">
        <ele>403.3</ele>
      </trkpt>
      <trkpt lat="54.40813" lon="-0.94789">
        <ele>404.4</ele>
      </trkpt>
      <trkpt lat="54.40732" lon="-0.94696">
        <ele>403.3</ele>
      </trkpt>
      <trkpt lat="54.40536" lon="-0.94452">
        <ele>398.2</ele>
      </trkpt>
      <trkpt lat="54.40339" lon="-0.94044">
        <ele>397.4</ele>
      </trkpt>
      <trkpt lat="54.40355" lon="-0.93566">
        <ele>402.8</ele>
      </trkpt>
      <trkpt lat="54.40338" lon="-0.93242">
        <ele>404.3</ele>
      </trkpt>
      <trkpt lat="54.40328" lon="-0.93082">
        <ele>407</ele>
      </trkpt>
      <trkpt lat="54.40432" lon="-0.92737">
        <ele>416.1</ele>
      </trkpt>
      <trkpt lat="54.40527" lon="-0.92563">
        <ele>418.6</ele>
      </trkpt>
      <trkpt lat="54.40676" lon="-0.92493">
        <ele>423.3</ele>
      </trkpt>
      <trkpt lat="54.40779" lon="-0.92375">
        <ele>423.8</ele>
      </trkpt>
      <trkpt lat="54.40773" lon="-0.92246">
        <ele>422.3</ele>
      </trkpt>
      <trkpt lat="54.4083" lon="-0.91801">
        <ele>409.2</ele>
      </trkpt>
      <trkpt lat="54.40781" lon="-0.91418">
        <ele>397</ele>
      </trkpt>
      <trkpt lat="54.40681" lon="-0.91351">
        <ele>398.6</ele>
      </trkpt>
      <trkpt lat="54.40658" lon="-0.91155">
        <ele>394.4</ele>
      </trkpt>
      <trkpt lat="54.40637" lon="-0.90586">
        <ele>381.9</ele>
      </trkpt>
      <trkpt lat="54.40562" lon="-0.90247">
        <ele>376.9</ele>
      </trkpt>
      <trkpt lat="54.40548" lon="-0.89697">
        <ele>370.9</ele>
      </trkpt>
      <trkpt lat="54.40604" lon="-0.89405">
        <ele>373.5</ele>
      </trkpt>
      <trkpt lat="54.40812" lon="-0.89031">
        <ele>376</ele>
      </trkpt>
      <trkpt lat="54.40946" lon="-0.88707">
        <ele>377.1</ele>
      </trkpt>
      <trkpt lat="54.41097" lon="-0.88388">
        <ele>374.1</ele>
      </trkpt>
      <trkpt lat="54.41511" lon="-0.87818">
        <ele>351.9</ele>
      </trkpt>
      <trkpt lat="54.41583" lon="-0.87706">
        <ele>344.4</ele>
      </trkpt>
      <trkpt lat="54.41785" lon="-0.87666">
        <ele>336.4</ele>
      </trkpt>
      <trkpt lat="54.41969" lon="-0.8747">
        <ele>318.9</ele>
      </trkpt>
      <trkpt lat="54.42219" lon="-0.87025">
        <ele>307.3</ele>
      </trkpt>
      <trkpt lat="54.42271" lon="-0.86803">
        <ele>307.6</ele>
      </trkpt>
      <trkpt lat="54.42288" lon="-0.86666">
        <ele>309.1</ele>
      </trkpt>
      <trkpt lat="54.42601" lon="-0.86126">
        <ele>320.5</ele>
      </trkpt>
      <trkpt lat="54.42692" lon="-0.85984">
        <ele>318.5</ele>
      </trkpt>
      <trkpt lat="54.42856" lon="-0.85538">
        <ele>299.7</ele>
      </trkpt>
      <trkpt lat="54.43177" lon="-0.84479">
        <ele>256.3</ele>
      </trkpt>
      <trkpt lat="54.43246" lon="-0.84128">
        <ele>259.6</ele>
      </trkpt>
      <trkpt lat="54.43305" lon="-0.83671">
        <ele>254</ele>
      </trkpt>
      <trkpt lat="54.43364" lon="-0.83158">
        <ele>244.7</ele>
      </trkpt>
      <trkpt lat="54.434" lon="-0.82555">
        <ele>229.4</ele>
      </trkpt>
      <trkpt lat="54.4344" lon="-0.82177">
        <ele>226.5</ele>
      </trkpt>
      <trkpt lat="54.43566" lon="-0.82021">
        <ele>231</ele>
      </trkpt>
      <trkpt lat="54.43716" lon="-0.8179">
        <ele>222</ele>
      </trkpt>
      <trkpt lat="54.43787" lon="-0.81652">
        <ele>217</ele>
      </trkpt>
      <trkpt lat="54.43832" lon="-0.81526">
        <ele>209.9</ele>
      </trkpt>
      <trkpt lat="54.43837" lon="-0.81327">
        <ele>194.6</ele>
      </trkpt>
      <trkpt lat="54.4387" lon="-0.812">
        <ele>186.2</ele>
      </trkpt>
      <trkpt lat="54.43924" lon="-0.81073">
        <ele>178.4</ele>
      </trkpt>
      <trkpt lat="54.43996" lon="-0.80968">
        <ele>173.7</ele>
      </trkpt>
      <trkpt lat="54.44144" lon="-0.80857">
        <ele>165.8</ele>
      </trkpt>
      <trkpt lat="54.44053" lon="-0.80746">
        <ele>156.2</ele>
      </trkpt>
      <trkpt lat="54.43963" lon="-0.80724">
        <ele>150.2</ele>
      </trkpt>
      <trkpt lat="54.43883" lon="-0.80634">
        <ele>134.7</ele>
      </trkpt>
      <trkpt lat="54.43808" lon="-0.80635">
        <ele>126</ele>
      </trkpt>
      <trkpt lat="54.43661" lon="-0.80669">
        <ele>127.7</ele>
      </trkpt>
      <trkpt lat="54.43634" lon="-0.80538">
        <ele>128</ele>
      </trkpt>
      <trkpt lat="54.4362" lon="-0.80325">
        <ele>125.4</ele>
      </trkpt>
      <trkpt lat="54.43626" lon="-0.80145">
        <ele>124.4</ele>
      </trkpt>
      <trkpt lat="54.43682" lon="-0.79945">
        <ele>119.4</ele>
      </trkpt>
      <trkpt lat="54.4371" lon="-0.79801">
        <ele>113.8</ele>
      </trkpt>
      <trkpt lat="54.43742" lon="-0.7973">
        <ele>109.7</ele>
      </trkpt>
      <trkpt lat="54.43765" lon="-0.79658">
        <ele>105.8</ele>
      </trkpt>
      <trkpt lat="54.43888" lon="-0.79509">
        <ele>86.7</ele>
      </trkpt>
      <trkpt lat="54.43901" lon="-0.79354">
        <ele>87.4</ele>
      </trkpt>
      <trkpt lat="54.43854" lon="-0.79299">
        <ele>92.5</ele>
      </trkpt>
      <trkpt lat="54.43742" lon="-0.79313">
        <ele>103.1</ele>
      </trkpt>
      <trkpt lat="54.43631" lon="-0.79228">
        <ele>108.5</ele>
      </trkpt>
      <trkpt lat="54.43535" lon="-0.79155">
        <ele>117.4</ele>
      </trkpt>
      <trkpt lat="54.43479" lon="-0.79113">
        <ele>127.2</ele>
      </trkpt>
      <trkpt lat="54.43409" lon="-0.79032">
        <ele>133</ele>
      </trkpt>
      <trkpt lat="54.43351" lon="-0.78945">
        <ele>151.1</ele>
      </trkpt>
      <trkpt lat="54.43351" lon="-0.78608">
        <ele>134.3</ele>
      </trkpt>
      <trkpt lat="54.43306" lon="-0.78512">
        <ele>134</ele>
      </trkpt>
      <trkpt lat="54.43237" lon="-0.7843">
        <ele>136.9</ele>
      </trkpt>
      <trkpt lat="54.43148" lon="-0.78255">
        <ele>136.3</ele>
      </trkpt>
      <trkpt lat="54.43114" lon="-0.78163">
        <ele>131.1</ele>
      </trkpt>
      <trkpt lat="54.43121" lon="-0.78043">
        <ele>113.6</ele>
      </trkpt>
      <trkpt lat="54.43109" lon="-0.77976">
        <ele>104.2</ele>
      </trkpt>
      <trkpt lat="54.4309" lon="-0.77919">
        <ele>95.5</ele>
      </trkpt>
      <trkpt lat="54.43172" lon="-0.77678">
        <ele>71.3</ele>
      </trkpt>
      <trkpt lat="54.43285" lon="-0.77483">
        <ele>63.5</ele>
      </trkpt>
      <trkpt lat="54.43281" lon="-0.77338">
        <ele>62.1</ele>
      </trkpt>
      <trkpt lat="54.43341" lon="-0.77279">
        <ele>59.1</ele>
      </trkpt>
      <trkpt lat="54.43349" lon="-0.77201">
        <ele>62.1</ele>
      </trkpt>
      <trkpt lat="54.43399" lon="-0.77074">
        <ele>63.2</ele>
      </trkpt>
      <trkpt lat="54.43462" lon="-0.76995">
        <ele>57.6</ele>
      </trkpt>
      <trkpt lat="54.43522" lon="-0.76588">
        <ele>60.2</ele>
      </trkpt>
      <trkpt lat="54.43512" lon="-0.76184">
        <ele>52.2</ele>
      </trkpt>
      <trkpt lat="54.43575" lon="-0.76151">
        <ele>45.4</ele>
      </trkpt>
      <trkpt lat="54.43626" lon="-0.76123">
        <ele>45.8</ele>
      </trkpt>
      <trkpt lat="54.43546" lon="-0.75669">
        <ele>43.8</ele>
      </trkpt>
      <trkpt lat="54.43498" lon="-0.7539">
        <ele>35.9</ele>
      </trkpt>
      <trkpt lat="54.4346" lon="-0.74976">
        <ele>35</ele>
      </trkpt>
      <trkpt lat="54.43421" lon="-0.74689">
        <ele>35.3</ele>
      </trkpt>
      <trkpt lat="54.43418" lon="-0.74385">
        <ele>36.7</ele>
      </trkpt>
      <trkpt lat="54.4354" lon="-0.74127">
        <ele>34.4</ele>
      </trkpt>
      <trkpt lat="54.43753" lon="-0.7369">
        <ele>31.3</ele>
      </trkpt>
      <trkpt lat="54.4383" lon="-0.73475">
        <ele>29.9</ele>
      </trkpt>
      <trkpt lat="54.43879" lon="-0.73214">
        <ele>27.8</ele>
      </trkpt>
      <trkpt lat="54.43838" lon="-0.73137">
        <ele>27.1</ele>
      </trkpt>
      <trkpt lat="54.43775" lon="-0.73113">
        <ele>28.9</ele>
      </trkpt>
      <trkpt lat="54.43675" lon="-0.72862">
        <ele>35.8</ele>
      </trkpt>
      <trkpt lat="54.43589" lon="-0.72667">
        <ele>42.3</ele>
      </trkpt>
      <trkpt lat="54.43583" lon="-0.72376">
        <ele>39.5</ele>
      </trkpt>
      <trkpt lat="54.43576" lon="-0.7234">
        <ele>39.2</ele>
      </trkpt>
      <trkpt lat="54.43567" lon="-0.7206">
        <ele>66</ele>
      </trkpt>
      <trkpt lat="54.43502" lon="-0.71896">
        <ele>92.5</ele>
      </trkpt>
      <trkpt lat="54.43528" lon="-0.7175">
        <ele>112.3</ele>
      </trkpt>
      <trkpt lat="54.4342" lon="-0.71301">
        <ele>151.7</ele>
      </trkpt>
      <trkpt lat="54.43528" lon="-0.70587">
        <ele>203.4</ele>
      </trkpt>
      <trkpt lat="54.43481" lon="-0.70163">
        <ele>230.4</ele>
      </trkpt>
      <trkpt lat="54.43384" lon="-0.69807">
        <ele>249</ele>
      </trkpt>
      <trkpt lat="54.43309" lon="-0.69612">
        <ele>262.5</ele>
      </trkpt>
      <trkpt lat="54.43223" lon="-0.69496">
        <ele>269.8</ele>
      </trkpt>
      <trkpt lat="54.43017" lon="-0.6892">
        <ele>276.3</ele>
      </trkpt>
      <trkpt lat="54.4283" lon="-0.68597">
        <ele>278.6</ele>
      </trkpt>
      <trkpt lat="54.42608" lon="-0.68284">
        <ele>283.4</ele>
      </trkpt>
      <trkpt lat="54.42683" lon="-0.67623">
        <ele>262.6</ele>
      </trkpt>
      <trkpt lat="54.43022" lon="-0.67337">
        <ele>246.6</ele>
      </trkpt>
      <trkpt lat="54.43106" lon="-0.67272">
        <ele>243.3</ele>
      </trkpt>
      <trkpt lat="54.43103" lon="-0.66971">
        <ele>233.3</ele>
      </trkpt>
      <trkpt lat="54.43103" lon="-0.66727">
        <ele>223.7</ele>
      </trkpt>
      <trkpt lat="54.43101" lon="-0.66577">
        <ele>216.7</ele>
      </trkpt>
      <trkpt lat="54.43121" lon="-0.66462">
        <ele>210.5</ele>
      </trkpt>
      <trkpt lat="54.43118" lon="-0.66371">
        <ele>204.1</ele>
      </trkpt>
      <trkpt lat="54.43036" lon="-0.66176">
        <ele>187.3</ele>
      </trkpt>
      <trkpt lat="54.43053" lon="-0.66049">
        <ele>173.8</ele>
      </trkpt>
      <trkpt lat="54.43134" lon="-0.65994">
        <ele>167.2</ele>
      </trkpt>
      <trkpt lat="54.43205" lon="-0.65488">
        <ele>117.9</ele>
      </trkpt>
      <trkpt lat="54.43256" lon="-0.65149">
        <ele>98.9</ele>
      </trkpt>
      <trkpt lat="54.43315" lon="-0.65007">
        <ele>95.4</ele>
      </trkpt>
      <trkpt lat="54.43319" lon="-0.64883">
        <ele>85</ele>
      </trkpt>
      <trkpt lat="54.43333" lon="-0.64758">
        <ele>73</ele>
      </trkpt>
      <trkpt lat="54.43237" lon="-0.64693">
        <ele>73.2</ele>
      </trkpt>
      <trkpt lat="54.43199" lon="-0.64648">
        <ele>81.5</ele>
      </trkpt>
      <trkpt lat="54.43229" lon="-0.64621">
        <ele>74.6</ele>
      </trkpt>
      <trkpt lat="54.43253" lon="-0.6461">
        <ele>69.8</ele>
      </trkpt>
      <trkpt lat="54.43195" lon="-0.6458">
        <ele>81.9</ele>
      </trkpt>
      <trkpt lat="54.43164" lon="-0.64529">
        <ele>87.8</ele>
      </trkpt>
      <trkpt lat="54.43152" lon="-0.64488">
        <ele>88.9</ele>
      </trkpt>
      <trkpt lat="54.43125" lon="-0.64421">
        <ele>88.8</ele>
      </trkpt>
      <trkpt lat="54.43147" lon="-0.64322">
        <ele>79.7</ele>
      </trkpt>
      <trkpt lat="54.43134" lon="-0.64211">
        <ele>83.7</ele>
      </trkpt>
      <trkpt lat="54.43101" lon="-0.64163">
        <ele>85.8</ele>
      </trkpt>
      <trkpt lat="54.43065" lon="-0.64094">
        <ele>91.9</ele>
      </trkpt>
      <trkpt lat="54.42931" lon="-0.64013">
        <ele>100.2</ele>
      </trkpt>
      <trkpt lat="54.42824" lon="-0.63881">
        <ele>106.9</ele>
      </trkpt>
      <trkpt lat="54.42775" lon="-0.63851">
        <ele>107.4</ele>
      </trkpt>
      <trkpt lat="54.42648" lon="-0.63788">
        <ele>112.8</ele>
      </trkpt>
      <trkpt lat="54.42548" lon="-0.63703">
        <ele>125.2</ele>
      </trkpt>
      <trkpt lat="54.42498" lon="-0.63648">
        <ele>129.4</ele>
      </trkpt>
      <trkpt lat="54.42428" lon="-0.63629">
        <ele>131.1</ele>
      </trkpt>
      <trkpt lat="54.4236" lon="-0.63605">
        <ele>129.7</ele>
      </trkpt>
      <trkpt lat="54.42311" lon="-0.63586">
        <ele>127.6</ele>
      </trkpt>
      <trkpt lat="54.42154" lon="-0.63472">
        <ele>119.8</ele>
      </trkpt>
      <trkpt lat="54.42065" lon="-0.63407">
        <ele>124.1</ele>
      </trkpt>
      <trkpt lat="54.41989" lon="-0.63347">
        <ele>125.2</ele>
      </trkpt>
      <trkpt lat="54.41876" lon="-0.63237">
        <ele>136.2</ele>
      </trkpt>
      <trkpt lat="54.41826" lon="-0.63208">
        <ele>141</ele>
      </trkpt>
      <trkpt lat="54.41799" lon="-0.63129">
        <ele>141.4</ele>
      </trkpt>
      <trkpt lat="54.41786" lon="-0.63011">
        <ele>136.5</ele>
      </trkpt>
      <trkpt lat="54.41748" lon="-0.62935">
        <ele>135.1</ele>
      </trkpt>
      <trkpt lat="54.41696" lon="-0.6285">
        <ele>134.3</ele>
      </trkpt>
      <trkpt lat="54.41646" lon="-0.62813">
        <ele>138</ele>
      </trkpt>
      <trkpt lat="54.41531" lon="-0.62684">
        <ele>144.7</ele>
      </trkpt>
      <trkpt lat="54.41418" lon="-0.62663">
        <ele>146.3</ele>
      </trkpt>
      <trkpt lat="54.41307" lon="-0.62671">
        <ele>148.4</ele>
      </trkpt>
      <trkpt lat="54.41277" lon="-0.62676">
        <ele>148.9</ele>
      </trkpt>
      <trkpt lat="54.41218" lon="-0.62696">
        <ele>150.3</ele>
      </trkpt>
      <trkpt lat="54.41109" lon="-0.62688">
        <ele>149.9</ele>
      </trkpt>
      <trkpt lat="54.40978" lon="-0.6261">
        <ele>154.7</ele>
      </trkpt>
      <trkpt lat="54.40951" lon="-0.62627">
        <ele>158.9</ele>
      </trkpt>
      <trkpt lat="54.40899" lon="-0.62597">
        <ele>168.9</ele>
      </trkpt>
      <trkpt lat="54.41057" lon="-0.62587">
        <ele>152.2</ele>
      </trkpt>
      <trkpt lat="54.41183" lon="-0.62556">
        <ele>159.4</ele>
      </trkpt>
      <trkpt lat="54.41382" lon="-0.62456">
        <ele>170.8</ele>
      </trkpt>
      <trkpt lat="54.41603" lon="-0.62256">
        <ele>187.7</ele>
      </trkpt>
      <trkpt lat="54.41694" lon="-0.62145">
        <ele>194.1</ele>
      </trkpt>
      <trkpt lat="54.41663" lon="-0.61969">
        <ele>207.2</ele>
      </trkpt>
      <trkpt lat="54.41663" lon="-0.61889">
        <ele>207.6</ele>
      </trkpt>
      <trkpt lat="54.41768" lon="-0.61866">
        <ele>202.9</ele>
      </trkpt>
      <trkpt lat="54.42073" lon="-0.61295">
        <ele>218.8</ele>
      </trkpt>
      <trkpt lat="54.42244" lon="-0.61222">
        <ele>213.8</ele>
      </trkpt>
      <trkpt lat="54.42423" lon="-0.61246">
        <ele>212</ele>
      </trkpt>
      <trkpt lat="54.42314" lon="-0.61006">
        <ele>209.3</ele>
      </trkpt>
      <trkpt lat="54.42274" lon="-0.60707">
        <ele>207.7</ele>
      </trkpt>
      <trkpt lat="54.42321" lon="-0.60311">
        <ele>208.4</ele>
      </trkpt>
      <trkpt lat="54.42431" lon="-0.60136">
        <ele>207</ele>
      </trkpt>
      <trkpt lat="54.42518" lon="-0.5996">
        <ele>206</ele>
      </trkpt>
      <trkpt lat="54.42587" lon="-0.59798">
        <ele>202.8</ele>
      </trkpt>
      <trkpt lat="54.42702" lon="-0.59353">
        <ele>195.3</ele>
      </trkpt>
      <trkpt lat="54.42821" lon="-0.59047">
        <ele>194.5</ele>
      </trkpt>
      <trkpt lat="54.42834" lon="-0.58791">
        <ele>198.5</ele>
      </trkpt>
      <trkpt lat="54.42984" lon="-0.58544">
        <ele>198.3</ele>
      </trkpt>
      <trkpt lat="54.43143" lon="-0.58354">
        <ele>195.9</ele>
      </trkpt>
      <trkpt lat="54.43227" lon="-0.58234">
        <ele>195.8</ele>
      </trkpt>
      <trkpt lat="54.43321" lon="-0.58141">
        <ele>192.6</ele>
      </trkpt>
      <trkpt lat="54.43506" lon="-0.58063">
        <ele>193.4</ele>
      </trkpt>
      <trkpt lat="54.43641" lon="-0.58198">
        <ele>189.4</ele>
      </trkpt>
      <trkpt lat="54.43884" lon="-0.58236">
        <ele>184.8</ele>
      </trkpt>
      <trkpt lat="54.43989" lon="-0.58398">
        <ele>171.4</ele>
      </trkpt>
      <trkpt lat="54.441" lon="-0.58648">
        <ele>157.3</ele>
      </trkpt>
      <trkpt lat="54.44264" lon="-0.58692">
        <ele>149</ele>
      </trkpt>
      <trkpt lat="54.44332" lon="-0.5877">
        <ele>143.3</ele>
      </trkpt>
      <trkpt lat="54.44537" lon="-0.58929">
        <ele>128.3</ele>
      </trkpt>
      <trkpt lat="54.4467" lon="-0.5893">
        <ele>120.4</ele>
      </trkpt>
      <trkpt lat="54.44685" lon="-0.58836">
        <ele>123</ele>
      </trkpt>
      <trkpt lat="54.44769" lon="-0.58573">
        <ele>124.8</ele>
      </trkpt>
      <trkpt lat="54.44941" lon="-0.58301">
        <ele>118.2</ele>
      </trkpt>
      <trkpt lat="54.45095" lon="-0.5823">
        <ele>112</ele>
      </trkpt>
      <trkpt lat="54.45254" lon="-0.57409">
        <ele>108.8</ele>
      </trkpt>
      <trkpt lat="54.45325" lon="-0.57235">
        <ele>108.8</ele>
      </trkpt>
      <trkpt lat="54.45372" lon="-0.56982">
        <ele>116.1</ele>
      </trkpt>
      <trkpt lat="54.45426" lon="-0.56944">
        <ele>114.5</ele>
      </trkpt>
      <trkpt lat="54.45463" lon="-0.56511">
        <ele>126.6</ele>
      </trkpt>
      <trkpt lat="54.45498" lon="-0.56508">
        <ele>125.9</ele>
      </trkpt>
      <trkpt lat="54.45505" lon="-0.56404">
        <ele>126.2</ele>
      </trkpt>
      <trkpt lat="54.45495" lon="-0.56336">
        <ele>127.1</ele>
      </trkpt>
      <trkpt lat="54.45684" lon="-0.56015">
        <ele>126.4</ele>
      </trkpt>
      <trkpt lat="54.45818" lon="-0.55896">
        <ele>119.7</ele>
      </trkpt>
      <trkpt lat="54.4585" lon="-0.55791">
        <ele>116.9</ele>
      </trkpt>
      <trkpt lat="54.45818" lon="-0.55631">
        <ele>116.3</ele>
      </trkpt>
      <trkpt lat="54.45772" lon="-0.55571">
        <ele>117.7</ele>
      </trkpt>
      <trkpt lat="54.4581" lon="-0.55476">
        <ele>114.6</ele>
      </trkpt>
      <trkpt lat="54.45805" lon="-0.55351">
        <ele>113.6</ele>
      </trkpt>
      <trkpt lat="54.45983" lon="-0.55054">
        <ele>89.1</ele>
      </trkpt>
      <trkpt lat="54.46084" lon="-0.54925">
        <ele>69.3</ele>
      </trkpt>
      <trkpt lat="54.46088" lon="-0.54769">
        <ele>59.9</ele>
      </trkpt>
      <trkpt lat="54.45938" lon="-0.54578">
        <ele>71</ele>
      </trkpt>
      <trkpt lat="54.45886" lon="-0.54346">
        <ele>73.2</ele>
      </trkpt>
      <trkpt lat="54.45701" lon="-0.54041">
        <ele>74.9</ele>
      </trkpt>
      <trkpt lat="54.45438" lon="-0.53833">
        <ele>91.2</ele>
      </trkpt>
      <trkpt lat="54.45272" lon="-0.53585">
        <ele>89.8</ele>
      </trkpt>
      <trkpt lat="54.45023" lon="-0.53329">
        <ele>89</ele>
      </trkpt>
      <trkpt lat="54.44966" lon="-0.53321">
        <ele>98.1</ele>
      </trkpt>
      <trkpt lat="54.44967" lon="-0.53207">
        <ele>85.9</ele>
      </trkpt>
      <trkpt lat="54.44987" lon="-0.52869">
        <ele>59</ele>
      </trkpt>
      <trkpt lat="54.44891" lon="-0.52701">
        <ele>55.5</ele>
      </trkpt>
      <trkpt lat="54.44796" lon="-0.52616">
        <ele>62.7</ele>
      </trkpt>
      <trkpt lat="54.44667" lon="-0.52227">
        <ele>39.6</ele>
      </trkpt>
      <trkpt lat="54.44365" lon="-0.52212">
        <ele>31.6</ele>
      </trkpt>
      <trkpt lat="54.44091" lon="-0.52357">
        <ele>16.9</ele>
      </trkpt>
      <trkpt lat="54.43896" lon="-0.52702">
        <ele>17.9</ele>
      </trkpt>
      <trkpt lat="54.43617" lon="-0.5342">
        <ele>60.1</ele>
      </trkpt>
      <trkpt lat="54.43571" lon="-0.53571">
        <ele>58.5</ele>
      </trkpt>
      <trkpt lat="54.43355" lon="-0.53454">
        <ele>36.6</ele>
      </trkpt>
      <trkpt lat="54.43023" lon="-0.5327">
        <ele>15.3</ele>
      </trkpt>
      <trkpt lat="54.43004" lon="-0.53195">
        <ele>5.9</ele>
      </trkpt>
      <trkpt lat="54.43057" lon="-0.5272"/>
    </trkseg>
  </trk>
  <trk>
    <name>Rosthwaite to Grasmere</name>
    <extensions>
      <gpx_style:line>
        <gpx_style:color>00FFFF</gpx_style:color>
        <gpx_style:opacity>1</gpx_style:opacity>
        <gpx_style:width>4</gpx_style:width>
      </gpx_style:line>
    </extensions>
    <trkseg>
      <trkpt lat="54.46812" lon="-3.04015">
        <ele>104.2</ele>
      </trkpt>
      <trkpt lat="54.46658" lon="-3.03902">
        <ele>90.1</ele>
      </trkpt>
      <trkpt lat="54.46583" lon="-3.03557">
        <ele>88</ele>
      </trkpt>
      <trkpt lat="54.46556" lon="-3.034">
        <ele>94.4</ele>
      </trkpt>
      <trkpt lat="54.46454" lon="-3.03414">
        <ele>95</ele>
      </trkpt>
      <trkpt lat="54.46339" lon="-3.02991">
        <ele>79.1</ele>
      </trkpt>
      <trkpt lat="54.46167" lon="-3.02631">
        <ele>83.6</ele>
      </trkpt>
      <trkpt lat="54.46096" lon="-3.02574">
        <ele>78.6</ele>
      </trkpt>
      <trkpt lat="54.45982" lon="-3.02443">
        <ele>72</ele>
      </trkpt>
    </trkseg>
  </trk>
  <trk>
    <name>1994-07 Wainwrights Coast to Coast walk_3</name>
    <extensions>
      <gpx_style:line>
        <gpx_style:color>FF0000</gpx_style:color>
        <gpx_style:opacity>1</gpx_style:opacity>
        <gpx_style:width>4</gpx_style:width>
      </gpx_style:line>
    </extensions>
    <trkseg>
      <trkpt lat="54.45208" lon="-0.50451"/>
      <trkpt lat="54.45208" lon="-0.50451"/>
    </trkseg>
  </trk>
</gpx>
