<?xml version="1.0" encoding="UTF-8" standalone="no" ?>
<gpx xmlns="http://www.topografix.com/GPX/1/1" xmlns:xsi="http://www.w3.org/2001/XMLSchema-instance" xsi:schemaLocation="http://www.topografix.com/GPX/1/1 http://www.topografix.com/GPX/1/1/gpx.xsd" version="1.1" creator="EditGPX">
  <metadata>
    <name>1994-07 Wainwrights Coast to Coast walk</name>
    <desc>1994-07 Wainwrights Coast to Coast walk merged</desc>
    <extensions>
      <visugpx:groups xmlns:visugpx="https://www.visugpx.com/editgpx/">
        <visugpx:group>
          <visugpx:id>0</visugpx:id>
          <visugpx:name><![CDATA[Groupe 1]]></visugpx:name>
          <visugpx:collapsed>0</visugpx:collapsed>
          <visugpx:traces>0</visugpx:traces>
        </visugpx:group>
      </visugpx:groups>
    </extensions>
  </metadata>
  <trk>
    <name><![CDATA[St Bees to Ennerdale]]></name>
    <extensions>
      <line xmlns="http://www.topografix.com/GPX/gpx_style/0/2">
        <color>0000FF</color>
        <opacity>1</opacity>
        <width>4</width>
      </line>
    </extensions>
    <trkseg>
      <trkpt lat="54.490220" lon="-3.607510">
        <extensions>
          <visugpx:TrkExtension xmlns:visugpx="https://www.visugpx.com/editgpx/">
            <visugpx:node>1</visugpx:node>
          </visugpx:TrkExtension>
        </extensions>
      </trkpt>
      <trkpt lat="54.491340" lon="-3.606660">
        <ele>4.9</ele>
      </trkpt>
      <trkpt lat="54.491340" lon="-3.609690">
        <ele>4.2</ele>
      </trkpt>
      <trkpt lat="54.490660" lon="-3.610740">
        <ele>2.1</ele>
      </trkpt>
      <trkpt lat="54.490860" lon="-3.615210">
        <ele>15.7</ele>
      </trkpt>
      <trkpt lat="54.491320" lon="-3.618010">
        <ele>25.1</ele>
      </trkpt>
      <trkpt lat="54.494580" lon="-3.621060">
        <ele>40</ele>
      </trkpt>
      <trkpt lat="54.501860" lon="-3.626120">
        <ele>32.6</ele>
      </trkpt>
      <trkpt lat="54.504350" lon="-3.629500">
        <ele>10.9</ele>
      </trkpt>
      <trkpt lat="54.505130" lon="-3.629380">
        <ele>27.8</ele>
      </trkpt>
      <trkpt lat="54.504770" lon="-3.631110">
        <ele>7.5</ele>
      </trkpt>
      <trkpt lat="54.505120" lon="-3.632810">
        <ele>4.2</ele>
      </trkpt>
      <trkpt lat="54.508790" lon="-3.636320">
        <ele>28.7</ele>
      </trkpt>
      <trkpt lat="54.515110" lon="-3.638620">
        <ele>66.4</ele>
      </trkpt>
      <trkpt lat="54.517170" lon="-3.637310">
        <ele>81.1</ele>
      </trkpt>
      <trkpt lat="54.517040" lon="-3.635420">
        <ele>94.8</ele>
      </trkpt>
      <trkpt lat="54.517870" lon="-3.633050">
        <ele>91.4</ele>
      </trkpt>
      <trkpt lat="54.520320" lon="-3.623480">
        <ele>97.9</ele>
      </trkpt>
      <trkpt lat="54.522060" lon="-3.622150">
        <ele>85.2</ele>
      </trkpt>
      <trkpt lat="54.522480" lon="-3.618270">
        <ele>104.2</ele>
      </trkpt>
      <trkpt lat="54.522910" lon="-3.613450">
        <ele>111.1</ele>
      </trkpt>
      <trkpt lat="54.520880" lon="-3.612670">
        <ele>110.3</ele>
      </trkpt>
      <trkpt lat="54.518950" lon="-3.611340">
        <ele>105</ele>
      </trkpt>
      <trkpt lat="54.518750" lon="-3.608170">
        <ele>92.8</ele>
      </trkpt>
      <trkpt lat="54.517490" lon="-3.601330">
        <ele>76.2</ele>
      </trkpt>
      <trkpt lat="54.518090" lon="-3.600940">
        <ele>77.7</ele>
      </trkpt>
      <trkpt lat="54.518100" lon="-3.600930">
        <ele>77.7</ele>
      </trkpt>
      <trkpt lat="54.519040" lon="-3.599520">
        <ele>82.2</ele>
      </trkpt>
      <trkpt lat="54.519520" lon="-3.597430">
        <ele>87.4</ele>
      </trkpt>
      <trkpt lat="54.519260" lon="-3.594970">
        <ele>88.8</ele>
      </trkpt>
      <trkpt lat="54.518400" lon="-3.593760">
        <ele>86.4</ele>
      </trkpt>
      <trkpt lat="54.517500" lon="-3.593310">
        <ele>83.9</ele>
      </trkpt>
      <trkpt lat="54.517720" lon="-3.590450">
        <ele>78.9</ele>
      </trkpt>
      <trkpt lat="54.517280" lon="-3.589570">
        <ele>79.5</ele>
      </trkpt>
      <trkpt lat="54.516030" lon="-3.587800">
        <ele>83.1</ele>
      </trkpt>
      <trkpt lat="54.516040" lon="-3.586950">
        <ele>85.6</ele>
      </trkpt>
      <trkpt lat="54.513870" lon="-3.586080">
        <ele>85.3</ele>
      </trkpt>
      <trkpt lat="54.513520" lon="-3.579120">
        <ele>91.9</ele>
      </trkpt>
      <trkpt lat="54.512570" lon="-3.575340">
        <ele>72.2</ele>
      </trkpt>
      <trkpt lat="54.511060" lon="-3.572790">
        <ele>22.8</ele>
      </trkpt>
      <trkpt lat="54.511220" lon="-3.571390">
        <ele>12.5</ele>
      </trkpt>
      <trkpt lat="54.512580" lon="-3.569490">
        <ele>13.1</ele>
      </trkpt>
      <trkpt lat="54.512460" lon="-3.563250">
        <ele>22.5</ele>
      </trkpt>
      <trkpt lat="54.513280" lon="-3.563280">
        <ele>21.3</ele>
      </trkpt>
      <trkpt lat="54.514230" lon="-3.557330">
        <ele>43.6</ele>
      </trkpt>
      <trkpt lat="54.514420" lon="-3.553200">
        <ele>64.8</ele>
      </trkpt>
      <trkpt lat="54.514700" lon="-3.550660">
        <ele>71</ele>
      </trkpt>
      <trkpt lat="54.513710" lon="-3.538970">
        <ele>82.8</ele>
      </trkpt>
      <trkpt lat="54.514450" lon="-3.537410">
        <ele>81.9</ele>
      </trkpt>
      <trkpt lat="54.511800" lon="-3.534640">
        <ele>83.7</ele>
      </trkpt>
      <trkpt lat="54.510920" lon="-3.534370">
        <ele>79.9</ele>
      </trkpt>
      <trkpt lat="54.510670" lon="-3.532150">
        <ele>72.7</ele>
      </trkpt>
      <trkpt lat="54.510270" lon="-3.532280">
        <ele>73.2</ele>
      </trkpt>
      <trkpt lat="54.510350" lon="-3.531420">
        <ele>70.6</ele>
      </trkpt>
      <trkpt lat="54.509270" lon="-3.530830">
        <ele>70</ele>
      </trkpt>
      <trkpt lat="54.508950" lon="-3.528810">
        <ele>64.4</ele>
      </trkpt>
      <trkpt lat="54.507240" lon="-3.526430">
        <ele>55.5</ele>
      </trkpt>
      <trkpt lat="54.507150" lon="-3.523990">
        <ele>62.3</ele>
      </trkpt>
      <trkpt lat="54.506850" lon="-3.522670">
        <ele>63.6</ele>
      </trkpt>
      <trkpt lat="54.507120" lon="-3.522120">
        <ele>62.9</ele>
      </trkpt>
      <trkpt lat="54.507000" lon="-3.520160">
        <ele>60.3</ele>
      </trkpt>
      <trkpt lat="54.506300" lon="-3.520120">
        <ele>58.9</ele>
      </trkpt>
      <trkpt lat="54.505700" lon="-3.517760">
        <ele>60</ele>
      </trkpt>
      <trkpt lat="54.504870" lon="-3.515700">
        <ele>72.8</ele>
      </trkpt>
      <trkpt lat="54.505640" lon="-3.514790">
        <ele>72.5</ele>
      </trkpt>
      <trkpt lat="54.505680" lon="-3.514270">
        <ele>75</ele>
      </trkpt>
      <trkpt lat="54.505650" lon="-3.512780">
        <ele>82.9</ele>
      </trkpt>
      <trkpt lat="54.505370" lon="-3.511500">
        <ele>89.7</ele>
      </trkpt>
      <trkpt lat="54.506240" lon="-3.511320">
        <ele>89.8</ele>
      </trkpt>
      <trkpt lat="54.506000" lon="-3.509930">
        <ele>99</ele>
      </trkpt>
      <trkpt lat="54.507050" lon="-3.508290">
        <ele>121.5</ele>
      </trkpt>
      <trkpt lat="54.507610" lon="-3.505230">
        <ele>156</ele>
      </trkpt>
      <trkpt lat="54.507730" lon="-3.504170">
        <ele>162</ele>
      </trkpt>
      <trkpt lat="54.508080" lon="-3.503970">
        <ele>160.4</ele>
      </trkpt>
      <trkpt lat="54.507100" lon="-3.501170">
        <ele>188.9</ele>
      </trkpt>
      <trkpt lat="54.506120" lon="-3.498700">
        <ele>217.1</ele>
      </trkpt>
      <trkpt lat="54.502190" lon="-3.481110">
        <ele>335.8</ele>
      </trkpt>
      <trkpt lat="54.501670" lon="-3.479790">
        <ele>321.8</ele>
      </trkpt>
      <trkpt lat="54.501150" lon="-3.478360">
        <ele>310.1</ele>
      </trkpt>
      <trkpt lat="54.500660" lon="-3.477380">
        <ele>296.8</ele>
      </trkpt>
      <trkpt lat="54.500450" lon="-3.476080">
        <ele>282.2</ele>
      </trkpt>
      <trkpt lat="54.500830" lon="-3.473640">
        <ele>269.2</ele>
      </trkpt>
      <trkpt lat="54.501770" lon="-3.469360">
        <ele>264.1</ele>
      </trkpt>
      <trkpt lat="54.501060" lon="-3.465020">
        <ele>165.6</ele>
      </trkpt>
      <trkpt lat="54.500610" lon="-3.462720">
        <ele>145</ele>
      </trkpt>
      <trkpt lat="54.502720" lon="-3.460060">
        <ele>147.2</ele>
      </trkpt>
      <trkpt lat="54.502900" lon="-3.460300">
        <ele>150.1</ele>
      </trkpt>
      <trkpt lat="54.503400" lon="-3.460550">
        <ele>156.4</ele>
      </trkpt>
      <trkpt lat="54.504200" lon="-3.458400">
        <ele>159.4</ele>
      </trkpt>
      <trkpt lat="54.504790" lon="-3.457880">
        <ele>166.5</ele>
      </trkpt>
      <trkpt lat="54.507880" lon="-3.457920">
        <ele>190.8</ele>
      </trkpt>
      <trkpt lat="54.508340" lon="-3.457390">
        <ele>192.9</ele>
      </trkpt>
      <trkpt lat="54.510290" lon="-3.457930">
        <ele>196.9</ele>
      </trkpt>
      <trkpt lat="54.510980" lon="-3.457800">
        <ele>197.3</ele>
      </trkpt>
      <trkpt lat="54.511530" lon="-3.457200">
        <ele>202.8</ele>
      </trkpt>
      <trkpt lat="54.512240" lon="-3.455190">
        <ele>215.3</ele>
      </trkpt>
      <trkpt lat="54.513660" lon="-3.454310">
        <ele>219</ele>
      </trkpt>
      <trkpt lat="54.514350" lon="-3.453470">
        <ele>223</ele>
      </trkpt>
      <trkpt lat="54.515300" lon="-3.453430">
        <ele>217</ele>
      </trkpt>
      <trkpt lat="54.515240" lon="-3.452410">
        <ele>222.4</ele>
      </trkpt>
      <trkpt lat="54.515470" lon="-3.451410">
        <ele>225.6</ele>
      </trkpt>
      <trkpt lat="54.516110" lon="-3.450880">
        <ele>222.2</ele>
      </trkpt>
      <trkpt lat="54.516290" lon="-3.451280">
        <ele>219.8</ele>
      </trkpt>
      <trkpt lat="54.520940" lon="-3.450210">
        <ele>177.4</ele>
      </trkpt>
      <trkpt lat="54.523950" lon="-3.449620">
        <ele>142</ele>
      </trkpt>
      <trkpt lat="54.524910" lon="-3.448950">
        <ele>135.5</ele>
      </trkpt>
      <trkpt lat="54.525060" lon="-3.447940">
        <ele>134.3</ele>
      </trkpt>
      <trkpt lat="54.527010" lon="-3.446820">
        <ele>127.1</ele>
      </trkpt>
      <trkpt lat="54.527240" lon="-3.446110">
        <ele>125.5</ele>
      </trkpt>
      <trkpt lat="54.527750" lon="-3.443630">
        <ele>119.6</ele>
      </trkpt>
      <trkpt lat="54.528560" lon="-3.442350">
        <ele>115.3</ele>
      </trkpt>
      <trkpt lat="54.529080" lon="-3.439230">
        <ele>109.9</ele>
      </trkpt>
      <trkpt lat="54.529200" lon="-3.437490">
        <ele>107</ele>
      </trkpt>
      <trkpt lat="54.529250" lon="-3.437670">
        <ele>107</ele>
        <extensions>
          <visugpx:TrkExtension xmlns:visugpx="https://www.visugpx.com/editgpx/">
            <visugpx:node>1</visugpx:node>
          </visugpx:TrkExtension>
        </extensions>
      </trkpt>
      <trkpt lat="54.529130" lon="-3.434990">
        <ele>108.9</ele>
      </trkpt>
      <trkpt lat="54.529130" lon="-3.432420">
        <ele>116</ele>
      </trkpt>
      <trkpt lat="54.529350" lon="-3.427390">
        <ele>119.7</ele>
      </trkpt>
      <trkpt lat="54.526360" lon="-3.421570">
        <ele>113.6</ele>
      </trkpt>
      <trkpt lat="54.527490" lon="-3.417790">
        <ele>120.2</ele>
      </trkpt>
      <trkpt lat="54.527270" lon="-3.416870">
        <ele>121.1</ele>
      </trkpt>
      <trkpt lat="54.524630" lon="-3.414920">
        <ele>121.1</ele>
      </trkpt>
      <trkpt lat="54.524540" lon="-3.412580">
        <ele>119.8</ele>
      </trkpt>
      <trkpt lat="54.524480" lon="-3.411140">
        <ele>120.3</ele>
      </trkpt>
      <trkpt lat="54.524290" lon="-3.409840">
        <ele>120.1</ele>
      </trkpt>
      <trkpt lat="54.523260" lon="-3.408230">
        <ele>131.6</ele>
      </trkpt>
      <trkpt lat="54.523210" lon="-3.407170">
        <ele>139.5</ele>
      </trkpt>
      <trkpt lat="54.522690" lon="-3.406600">
        <ele>177.5</ele>
      </trkpt>
      <trkpt lat="54.522800" lon="-3.403120">
        <ele>178.1</ele>
      </trkpt>
      <trkpt lat="54.523250" lon="-3.400230">
        <ele>164.5</ele>
      </trkpt>
      <trkpt lat="54.523270" lon="-3.397190">
        <ele>173.8</ele>
      </trkpt>
      <trkpt lat="54.523650" lon="-3.393190">
        <ele>196.9</ele>
      </trkpt>
      <trkpt lat="54.523480" lon="-3.391290">
        <ele>186.6</ele>
      </trkpt>
      <trkpt lat="54.522420" lon="-3.389620">
        <ele>163.4</ele>
      </trkpt>
      <trkpt lat="54.521850" lon="-3.389560">
        <ele>166.7</ele>
      </trkpt>
      <trkpt lat="54.521410" lon="-3.388680">
        <ele>155.4</ele>
      </trkpt>
      <trkpt lat="54.520780" lon="-3.386940">
        <ele>139.7</ele>
      </trkpt>
      <trkpt lat="54.520000" lon="-3.386040">
        <ele>149.2</ele>
      </trkpt>
      <trkpt lat="54.518520" lon="-3.382430">
        <ele>149.3</ele>
      </trkpt>
      <trkpt lat="54.516630" lon="-3.376750">
        <ele>157</ele>
      </trkpt>
      <trkpt lat="54.515710" lon="-3.373080">
        <ele>162.7</ele>
      </trkpt>
      <trkpt lat="54.515440" lon="-3.369090">
        <ele>149.5</ele>
      </trkpt>
      <trkpt lat="54.514720" lon="-3.364760">
        <ele>146.8</ele>
      </trkpt>
      <trkpt lat="54.512260" lon="-3.354990">
        <ele>154.3</ele>
      </trkpt>
      <trkpt lat="54.513230" lon="-3.351030">
        <ele>118.8</ele>
      </trkpt>
      <trkpt lat="54.513390" lon="-3.346140">
        <ele>140.3</ele>
      </trkpt>
      <trkpt lat="54.512250" lon="-3.344050">
        <ele>146.6</ele>
      </trkpt>
      <trkpt lat="54.515870" lon="-3.339030">
        <ele>123.1</ele>
      </trkpt>
      <trkpt lat="54.515440" lon="-3.333840">
        <ele>128</ele>
      </trkpt>
      <trkpt lat="54.515270" lon="-3.319760">
        <ele>150.3</ele>
      </trkpt>
      <trkpt lat="54.515280" lon="-3.318670">
        <ele>149</ele>
      </trkpt>
      <trkpt lat="54.515210" lon="-3.317730">
        <ele>145.6</ele>
      </trkpt>
      <trkpt lat="54.515050" lon="-3.315930">
        <ele>140.9</ele>
      </trkpt>
      <trkpt lat="54.514660" lon="-3.313850">
        <ele>142.1</ele>
      </trkpt>
      <trkpt lat="54.514650" lon="-3.312330">
        <ele>145.1</ele>
      </trkpt>
      <trkpt lat="54.514380" lon="-3.311270">
        <ele>146.9</ele>
      </trkpt>
      <trkpt lat="54.514370" lon="-3.309340">
        <ele>148.9</ele>
      </trkpt>
      <trkpt lat="54.514210" lon="-3.307140">
        <ele>148.7</ele>
      </trkpt>
      <trkpt lat="54.514020" lon="-3.305940">
        <ele>149.1</ele>
      </trkpt>
      <trkpt lat="54.513890" lon="-3.304160">
        <ele>155.4</ele>
      </trkpt>
      <trkpt lat="54.513110" lon="-3.303260">
        <ele>157.5</ele>
      </trkpt>
      <trkpt lat="54.512720" lon="-3.300180">
        <ele>166.6</ele>
      </trkpt>
      <trkpt lat="54.512360" lon="-3.299400">
        <ele>166.3</ele>
      </trkpt>
      <trkpt lat="54.512170" lon="-3.297680">
        <ele>167</ele>
      </trkpt>
      <trkpt lat="54.511500" lon="-3.295180">
        <ele>175.3</ele>
      </trkpt>
      <trkpt lat="54.511080" lon="-3.293930">
        <ele>181.7</ele>
      </trkpt>
      <trkpt lat="54.511150" lon="-3.292680">
        <ele>182.5</ele>
      </trkpt>
      <trkpt lat="54.510760" lon="-3.291430">
        <ele>184.6</ele>
      </trkpt>
      <trkpt lat="54.510340" lon="-3.289920">
        <ele>185.4</ele>
      </trkpt>
      <trkpt lat="54.509990" lon="-3.287350">
        <ele>186.6</ele>
      </trkpt>
      <trkpt lat="54.509750" lon="-3.285400">
        <ele>193.9</ele>
      </trkpt>
      <trkpt lat="54.509750" lon="-3.284680">
        <ele>194.4</ele>
      </trkpt>
      <trkpt lat="54.509440" lon="-3.283520">
        <ele>200.7</ele>
      </trkpt>
      <trkpt lat="54.509370" lon="-3.282930">
        <ele>201.3</ele>
      </trkpt>
      <trkpt lat="54.509140" lon="-3.282370">
        <ele>202.5</ele>
      </trkpt>
      <trkpt lat="54.508940" lon="-3.279480">
        <ele>204.7</ele>
      </trkpt>
      <trkpt lat="54.508790" lon="-3.278350">
        <ele>212</ele>
      </trkpt>
      <trkpt lat="54.508020" lon="-3.275010">
        <ele>223.1</ele>
      </trkpt>
      <trkpt lat="54.507940" lon="-3.274350">
        <ele>223.7</ele>
      </trkpt>
      <trkpt lat="54.507750" lon="-3.273760">
        <ele>223.2</ele>
      </trkpt>
      <trkpt lat="54.507600" lon="-3.272390">
        <ele>221.5</ele>
      </trkpt>
      <trkpt lat="54.507140" lon="-3.270700">
        <ele>228.9</ele>
      </trkpt>
      <trkpt lat="54.506770" lon="-3.269790">
        <ele>231.4</ele>
      </trkpt>
      <trkpt lat="54.506530" lon="-3.268360">
        <ele>233.5</ele>
      </trkpt>
      <trkpt lat="54.505740" lon="-3.266740">
        <ele>233.2</ele>
      </trkpt>
      <trkpt lat="54.504870" lon="-3.264680">
        <ele>243.5</ele>
      </trkpt>
      <trkpt lat="54.503730" lon="-3.261290">
        <ele>245.9</ele>
      </trkpt>
      <trkpt lat="54.503200" lon="-3.260120">
        <ele>245.5</ele>
      </trkpt>
      <trkpt lat="54.502790" lon="-3.257840">
        <ele>250.3</ele>
      </trkpt>
      <trkpt lat="54.502120" lon="-3.253570">
        <ele>264.1</ele>
      </trkpt>
      <trkpt lat="54.501510" lon="-3.251180">
        <ele>274.5</ele>
      </trkpt>
      <trkpt lat="54.500850" lon="-3.248740">
        <ele>269.7</ele>
      </trkpt>
      <trkpt lat="54.500670" lon="-3.245360">
        <ele>280.1</ele>
      </trkpt>
      <trkpt lat="54.498480" lon="-3.242440">
        <ele>282.9</ele>
      </trkpt>
      <trkpt lat="54.497510" lon="-3.239770">
        <ele>294.2</ele>
      </trkpt>
      <trkpt lat="54.497030" lon="-3.237990">
        <ele>300.5</ele>
      </trkpt>
      <trkpt lat="54.496710" lon="-3.236770">
        <ele>301.1</ele>
      </trkpt>
      <trkpt lat="54.497220" lon="-3.234040">
        <ele>318.8</ele>
      </trkpt>
      <trkpt lat="54.497440" lon="-3.231510">
        <ele>353</ele>
      </trkpt>
      <trkpt lat="54.498420" lon="-3.229610">
        <ele>422.6</ele>
      </trkpt>
      <trkpt lat="54.499930" lon="-3.228310">
        <ele>488.2</ele>
      </trkpt>
      <trkpt lat="54.500370" lon="-3.226140">
        <ele>557.4</ele>
      </trkpt>
      <trkpt lat="54.501380" lon="-3.218830">
        <ele>618.5</ele>
      </trkpt>
      <trkpt lat="54.503100" lon="-3.215250">
        <ele>621.3</ele>
      </trkpt>
      <trkpt lat="54.504180" lon="-3.213370">
        <ele>620.3</ele>
      </trkpt>
      <trkpt lat="54.506560" lon="-3.212280">
        <ele>585.5</ele>
      </trkpt>
      <trkpt lat="54.510620" lon="-3.212330">
        <ele>531.3</ele>
      </trkpt>
      <trkpt lat="54.511140" lon="-3.204110">
        <ele>441</ele>
      </trkpt>
      <trkpt lat="54.511380" lon="-3.202940">
        <ele>414.1</ele>
      </trkpt>
      <trkpt lat="54.511210" lon="-3.200120">
        <ele>379.3</ele>
      </trkpt>
      <trkpt lat="54.511720" lon="-3.197110">
        <ele>353</ele>
      </trkpt>
      <trkpt lat="54.513000" lon="-3.193740">
        <ele>322</ele>
      </trkpt>
      <trkpt lat="54.513140" lon="-3.191620">
        <ele>308.7</ele>
      </trkpt>
      <trkpt lat="54.512810" lon="-3.188190">
        <ele>300.9</ele>
      </trkpt>
      <trkpt lat="54.512600" lon="-3.185970">
        <ele>302.4</ele>
      </trkpt>
      <trkpt lat="54.513630" lon="-3.185240">
        <ele>292.9</ele>
      </trkpt>
      <trkpt lat="54.514900" lon="-3.180940">
        <ele>264.6</ele>
      </trkpt>
      <trkpt lat="54.515660" lon="-3.176970">
        <ele>229.6</ele>
      </trkpt>
      <trkpt lat="54.516760" lon="-3.172350">
        <ele>198.7</ele>
      </trkpt>
      <trkpt lat="54.516650" lon="-3.171970">
        <ele>192.8</ele>
      </trkpt>
      <trkpt lat="54.516100" lon="-3.170120">
        <ele>168.7</ele>
      </trkpt>
      <trkpt lat="54.516290" lon="-3.168730">
        <ele>168.6</ele>
      </trkpt>
      <trkpt lat="54.515760" lon="-3.164870">
        <ele>139.9</ele>
      </trkpt>
      <trkpt lat="54.514410" lon="-3.168440">
        <ele>128.9</ele>
      </trkpt>
      <trkpt lat="54.513560" lon="-3.167370">
        <ele>127</ele>
      </trkpt>
      <trkpt lat="54.514270" lon="-3.166890">
        <ele>119.5</ele>
      </trkpt>
      <trkpt lat="54.515120" lon="-3.159790">
        <ele>109.7</ele>
      </trkpt>
      <trkpt lat="54.516130" lon="-3.157240">
        <ele>114.5</ele>
      </trkpt>
      <trkpt lat="54.516350" lon="-3.155030">
        <ele>107.1</ele>
      </trkpt>
      <trkpt lat="54.517970" lon="-3.151630">
        <ele>99.9</ele>
      </trkpt>
      <trkpt lat="54.518940" lon="-3.151160">
        <ele>99</ele>
      </trkpt>
      <trkpt lat="54.519110" lon="-3.150120">
        <ele>99</ele>
      </trkpt>
      <trkpt lat="54.521190" lon="-3.149100">
        <ele>98.5</ele>
      </trkpt>
      <trkpt lat="54.522350" lon="-3.149930">
        <ele>99.9</ele>
      </trkpt>
      <trkpt lat="54.522590" lon="-3.149220">
        <ele>100.8</ele>
      </trkpt>
      <trkpt lat="54.523160" lon="-3.148190">
        <ele>104.1</ele>
      </trkpt>
      <trkpt lat="54.523570" lon="-3.146740">
        <ele>97.2</ele>
      </trkpt>
      <trkpt lat="54.524300" lon="-3.147400">
        <ele>91.7</ele>
      </trkpt>
      <trkpt lat="54.524710" lon="-3.145660">
        <ele>94.3</ele>
      </trkpt>
      <trkpt lat="54.524710" lon="-3.145660">
        <ele>94.3</ele>
      </trkpt>
      <trkpt lat="54.523110" lon="-3.144770">
        <ele>98.5</ele>
      </trkpt>
      <trkpt lat="54.521670" lon="-3.144820">
        <ele>95.4</ele>
      </trkpt>
      <trkpt lat="54.520600" lon="-3.143790">
        <ele>95.7</ele>
      </trkpt>
      <trkpt lat="54.520510" lon="-3.142030">
        <ele>116.6</ele>
      </trkpt>
      <trkpt lat="54.519570" lon="-3.141790">
        <ele>115.3</ele>
      </trkpt>
      <trkpt lat="54.519350" lon="-3.142640">
        <ele>103.2</ele>
      </trkpt>
      <trkpt lat="54.517380" lon="-3.141580">
        <ele>99.1</ele>
      </trkpt>
      <trkpt lat="54.516680" lon="-3.140170">
        <ele>107.9</ele>
      </trkpt>
      <trkpt lat="54.515420" lon="-3.139090">
        <ele>104.6</ele>
      </trkpt>
      <trkpt lat="54.514220" lon="-3.136980">
        <ele>104.5</ele>
      </trkpt>
      <trkpt lat="54.513260" lon="-3.135880">
        <ele>104.8</ele>
      </trkpt>
      <trkpt lat="54.512490" lon="-3.135110">
        <ele>103.2</ele>
      </trkpt>
      <trkpt lat="54.510610" lon="-3.131940">
        <ele>111.8</ele>
      </trkpt>
      <trkpt lat="54.510100" lon="-3.130380">
        <ele>118.9</ele>
      </trkpt>
      <trkpt lat="54.509960" lon="-3.127910">
        <ele>117.2</ele>
      </trkpt>
      <trkpt lat="54.509180" lon="-3.125960">
        <ele>122.5</ele>
      </trkpt>
      <trkpt lat="54.508500" lon="-3.124880">
        <ele>128.4</ele>
      </trkpt>
      <trkpt lat="54.508120" lon="-3.124270">
        <ele>131</ele>
      </trkpt>
      <trkpt lat="54.507700" lon="-3.123470">
        <ele>134.2</ele>
      </trkpt>
      <trkpt lat="54.506890" lon="-3.121340">
        <ele>150.4</ele>
      </trkpt>
      <trkpt lat="54.504630" lon="-3.118300">
        <ele>197.9</ele>
      </trkpt>
      <trkpt lat="54.502300" lon="-3.114790">
        <ele>255.5</ele>
      </trkpt>
      <trkpt lat="54.498870" lon="-3.111770">
        <ele>337.7</ele>
      </trkpt>
      <trkpt lat="54.498130" lon="-3.111040">
        <ele>362.4</ele>
      </trkpt>
      <trkpt lat="54.497510" lon="-3.111160">
        <ele>369.5</ele>
      </trkpt>
      <trkpt lat="54.496470" lon="-3.110500">
        <ele>392.2</ele>
      </trkpt>
      <trkpt lat="54.495910" lon="-3.110620">
        <ele>403.2</ele>
      </trkpt>
      <trkpt lat="54.495320" lon="-3.110110">
        <ele>404.1</ele>
      </trkpt>
      <trkpt lat="54.494980" lon="-3.110210">
        <ele>404.5</ele>
      </trkpt>
      <trkpt lat="54.494630" lon="-3.109780">
        <ele>411</ele>
      </trkpt>
      <trkpt lat="54.494140" lon="-3.109160">
        <ele>424.7</ele>
      </trkpt>
      <trkpt lat="54.492720" lon="-3.108410">
        <ele>472.1</ele>
      </trkpt>
      <trkpt lat="54.491370" lon="-3.107190">
        <ele>549.5</ele>
      </trkpt>
      <trkpt lat="54.490980" lon="-3.107980">
        <ele>536.7</ele>
      </trkpt>
      <trkpt lat="54.490220" lon="-3.106940">
        <ele>572.6</ele>
      </trkpt>
      <trkpt lat="54.487970" lon="-3.105560">
        <ele>600.5</ele>
      </trkpt>
      <trkpt lat="54.486450" lon="-3.104970">
        <ele>606.9</ele>
      </trkpt>
      <trkpt lat="54.485650" lon="-3.104260">
        <ele>611.6</ele>
      </trkpt>
      <trkpt lat="54.485230" lon="-3.103700">
        <ele>611.2</ele>
      </trkpt>
      <trkpt lat="54.484730" lon="-3.099630">
        <ele>569.2</ele>
      </trkpt>
      <trkpt lat="54.484990" lon="-3.097310">
        <ele>527</ele>
      </trkpt>
      <trkpt lat="54.482920" lon="-3.089760">
        <ele>487.4</ele>
      </trkpt>
      <trkpt lat="54.482930" lon="-3.089620">
        <ele>486.7</ele>
      </trkpt>
      <trkpt lat="54.480850" lon="-3.083720">
        <ele>377.3</ele>
      </trkpt>
      <trkpt lat="54.479600" lon="-3.079660">
        <ele>348.1</ele>
      </trkpt>
      <trkpt lat="54.479230" lon="-3.075360">
        <ele>295</ele>
      </trkpt>
      <trkpt lat="54.478860" lon="-3.067130">
        <ele>260.8</ele>
      </trkpt>
      <trkpt lat="54.478640" lon="-3.064220">
        <ele>240</ele>
      </trkpt>
      <trkpt lat="54.478160" lon="-3.061340">
        <ele>232.9</ele>
      </trkpt>
      <trkpt lat="54.477250" lon="-3.058820">
        <ele>194.8</ele>
      </trkpt>
      <trkpt lat="54.476020" lon="-3.057470">
        <ele>196.1</ele>
      </trkpt>
      <trkpt lat="54.475140" lon="-3.055560">
        <ele>185.9</ele>
      </trkpt>
      <trkpt lat="54.475100" lon="-3.052250">
        <ele>159.4</ele>
      </trkpt>
      <trkpt lat="54.473850" lon="-3.051600">
        <ele>151.2</ele>
      </trkpt>
      <trkpt lat="54.471510" lon="-3.048650">
        <ele>114.5</ele>
      </trkpt>
      <trkpt lat="54.471300" lon="-3.047220">
        <ele>117.9</ele>
      </trkpt>
      <trkpt lat="54.469100" lon="-3.045920">
        <ele>103.6</ele>
      </trkpt>
      <trkpt lat="54.468330" lon="-3.041380">
        <ele>99.7</ele>
      </trkpt>
      <trkpt lat="54.468070" lon="-3.040150">
        <ele>103.5</ele>
      </trkpt>
      <trkpt lat="54.459820" lon="-3.024430">
        <ele>72</ele>
      </trkpt>
      <trkpt lat="54.460960" lon="-3.025740">
        <ele>78.6</ele>
      </trkpt>
      <trkpt lat="54.461670" lon="-3.026310">
        <ele>83.6</ele>
      </trkpt>
      <trkpt lat="54.463390" lon="-3.029910">
        <ele>79.1</ele>
      </trkpt>
      <trkpt lat="54.463690" lon="-3.031230">
        <ele>82.7</ele>
      </trkpt>
      <trkpt lat="54.464080" lon="-3.030740">
        <ele>81.8</ele>
      </trkpt>
      <trkpt lat="54.468620" lon="-3.031520">
        <ele>103.8</ele>
      </trkpt>
      <trkpt lat="54.469290" lon="-3.030840">
        <ele>101.1</ele>
      </trkpt>
      <trkpt lat="54.469890" lon="-3.030820">
        <ele>105.9</ele>
      </trkpt>
      <trkpt lat="54.470710" lon="-3.030180">
        <ele>100.9</ele>
      </trkpt>
      <trkpt lat="54.472170" lon="-3.030350">
        <ele>104</ele>
      </trkpt>
      <trkpt lat="54.472710" lon="-3.030330">
        <ele>100.6</ele>
      </trkpt>
      <trkpt lat="54.473520" lon="-3.029340">
        <ele>93.2</ele>
      </trkpt>
      <trkpt lat="54.473110" lon="-3.028250">
        <ele>91</ele>
      </trkpt>
      <trkpt lat="54.473500" lon="-3.027010">
        <ele>95.1</ele>
      </trkpt>
      <trkpt lat="54.473480" lon="-3.026360">
        <ele>96.7</ele>
      </trkpt>
      <trkpt lat="54.475470" lon="-3.024460">
        <ele>125.9</ele>
      </trkpt>
      <trkpt lat="54.477310" lon="-3.023840">
        <ele>151.4</ele>
      </trkpt>
      <trkpt lat="54.479540" lon="-3.020990">
        <ele>200.5</ele>
      </trkpt>
      <trkpt lat="54.482300" lon="-3.020310">
        <ele>238.2</ele>
      </trkpt>
      <trkpt lat="54.484840" lon="-3.019290">
        <ele>276.3</ele>
      </trkpt>
      <trkpt lat="54.485410" lon="-3.018340">
        <ele>292.3</ele>
      </trkpt>
      <trkpt lat="54.486520" lon="-3.018170">
        <ele>319.6</ele>
      </trkpt>
      <trkpt lat="54.487790" lon="-3.016990">
        <ele>368.8</ele>
      </trkpt>
      <trkpt lat="54.489240" lon="-3.016910">
        <ele>417.7</ele>
      </trkpt>
      <trkpt lat="54.489920" lon="-3.015640">
        <ele>447.4</ele>
      </trkpt>
      <trkpt lat="54.489990" lon="-3.012170">
        <ele>451.4</ele>
      </trkpt>
      <trkpt lat="54.490460" lon="-3.010080">
        <ele>448.4</ele>
      </trkpt>
      <trkpt lat="54.491630" lon="-3.008040">
        <ele>467.9</ele>
      </trkpt>
      <trkpt lat="54.493060" lon="-3.006910">
        <ele>515.1</ele>
      </trkpt>
      <trkpt lat="54.497200" lon="-3.006840">
        <ele>582.8</ele>
      </trkpt>
      <trkpt lat="54.497980" lon="-3.006060">
        <ele>579.6</ele>
      </trkpt>
      <trkpt lat="54.499440" lon="-3.004020">
        <ele>570.3</ele>
      </trkpt>
      <trkpt lat="54.500580" lon="-3.002770">
        <ele>561.1</ele>
      </trkpt>
      <trkpt lat="54.501820" lon="-3.002910">
        <ele>542.2</ele>
      </trkpt>
      <trkpt lat="54.502050" lon="-3.002920">
        <ele>543.4</ele>
      </trkpt>
      <trkpt lat="54.503200" lon="-3.001720">
        <ele>538.6</ele>
      </trkpt>
      <trkpt lat="54.504100" lon="-3.000390">
        <ele>516.9</ele>
      </trkpt>
      <trkpt lat="54.505300" lon="-3.000030">
        <ele>501.1</ele>
      </trkpt>
      <trkpt lat="54.505890" lon="-3.000380">
        <ele>504.5</ele>
      </trkpt>
      <trkpt lat="54.513320" lon="-2.997360">
        <ele>391</ele>
      </trkpt>
      <trkpt lat="54.516570" lon="-2.990080">
        <ele>308.1</ele>
      </trkpt>
      <trkpt lat="54.518240" lon="-2.989120">
        <ele>294.6</ele>
      </trkpt>
      <trkpt lat="54.521110" lon="-2.983830">
        <ele>235.9</ele>
      </trkpt>
      <trkpt lat="54.522980" lon="-2.977600">
        <ele>267.1</ele>
      </trkpt>
      <trkpt lat="54.525860" lon="-2.974010">
        <ele>240.1</ele>
      </trkpt>
      <trkpt lat="54.526580" lon="-2.972130">
        <ele>245.4</ele>
      </trkpt>
      <trkpt lat="54.527640" lon="-2.969000">
        <ele>233.2</ele>
      </trkpt>
      <trkpt lat="54.528760" lon="-2.966740">
        <ele>217.4</ele>
      </trkpt>
      <trkpt lat="54.529200" lon="-2.963280">
        <ele>243.5</ele>
      </trkpt>
      <trkpt lat="54.530420" lon="-2.961710">
        <ele>217.6</ele>
      </trkpt>
      <trkpt lat="54.531830" lon="-2.958300">
        <ele>212.5</ele>
      </trkpt>
      <trkpt lat="54.532510" lon="-2.955530">
        <ele>214.3</ele>
      </trkpt>
      <trkpt lat="54.532770" lon="-2.953930">
        <ele>224</ele>
      </trkpt>
      <trkpt lat="54.533200" lon="-2.951620">
        <ele>228.7</ele>
      </trkpt>
      <trkpt lat="54.533800" lon="-2.950260">
        <ele>215.9</ele>
      </trkpt>
      <trkpt lat="54.534120" lon="-2.948820">
        <ele>207</ele>
      </trkpt>
      <trkpt lat="54.534790" lon="-2.946650">
        <ele>186.6</ele>
      </trkpt>
      <trkpt lat="54.535280" lon="-2.944500">
        <ele>166.3</ele>
      </trkpt>
      <trkpt lat="54.534060" lon="-2.942780">
        <ele>182.1</ele>
      </trkpt>
      <trkpt lat="54.533850" lon="-2.939490">
        <ele>198.6</ele>
      </trkpt>
      <trkpt lat="54.533740" lon="-2.936690">
        <ele>180.5</ele>
      </trkpt>
      <trkpt lat="54.533730" lon="-2.933790">
        <ele>169.4</ele>
      </trkpt>
      <trkpt lat="54.534150" lon="-2.933790">
        <ele>164.1</ele>
      </trkpt>
      <trkpt lat="54.534110" lon="-2.932710">
        <ele>163.4</ele>
      </trkpt>
      <trkpt lat="54.533950" lon="-2.932310">
        <ele>163.4</ele>
      </trkpt>
      <trkpt lat="54.533940" lon="-2.932020">
        <ele>162.1</ele>
      </trkpt>
      <trkpt lat="54.534090" lon="-2.931750">
        <ele>159.2</ele>
      </trkpt>
      <trkpt lat="54.535560" lon="-2.929440">
        <ele>155.7</ele>
      </trkpt>
      <trkpt lat="54.534190" lon="-2.933270">
        <ele>164.5</ele>
      </trkpt>
      <trkpt lat="54.534050" lon="-2.932060">
        <ele>161.1</ele>
      </trkpt>
      <trkpt lat="54.535630" lon="-2.929520">
        <ele>155.7</ele>
      </trkpt>
      <trkpt lat="54.535630" lon="-2.928220">
        <ele>159</ele>
      </trkpt>
      <trkpt lat="54.536130" lon="-2.928260">
        <ele>161.3</ele>
      </trkpt>
      <trkpt lat="54.536710" lon="-2.928680">
        <ele>163</ele>
      </trkpt>
      <trkpt lat="54.537070" lon="-2.927650">
        <ele>178.6</ele>
      </trkpt>
      <trkpt lat="54.535390" lon="-2.923610">
        <ele>215.7</ele>
      </trkpt>
      <trkpt lat="54.532680" lon="-2.918740">
        <ele>336.6</ele>
      </trkpt>
      <trkpt lat="54.532370" lon="-2.916230">
        <ele>388.4</ele>
      </trkpt>
      <trkpt lat="54.528170" lon="-2.914320">
        <ele>468.4</ele>
      </trkpt>
      <trkpt lat="54.526400" lon="-2.912520">
        <ele>447</ele>
      </trkpt>
      <trkpt lat="54.526410" lon="-2.910450">
        <ele>493.2</ele>
      </trkpt>
      <trkpt lat="54.523100" lon="-2.907410">
        <ele>495.6</ele>
      </trkpt>
      <trkpt lat="54.523130" lon="-2.902180">
        <ele>478.1</ele>
      </trkpt>
      <trkpt lat="54.521710" lon="-2.899800">
        <ele>486.3</ele>
      </trkpt>
      <trkpt lat="54.520580" lon="-2.899500">
        <ele>495.7</ele>
      </trkpt>
      <trkpt lat="54.519780" lon="-2.897600">
        <ele>516.9</ele>
      </trkpt>
      <trkpt lat="54.519260" lon="-2.898190">
        <ele>513.6</ele>
      </trkpt>
      <trkpt lat="54.519130" lon="-2.897380">
        <ele>522.3</ele>
      </trkpt>
      <trkpt lat="54.517350" lon="-2.896100">
        <ele>538.1</ele>
      </trkpt>
      <trkpt lat="54.514990" lon="-2.891590">
        <ele>543.2</ele>
      </trkpt>
      <trkpt lat="54.514290" lon="-2.888940">
        <ele>528.8</ele>
      </trkpt>
      <trkpt lat="54.514260" lon="-2.885870">
        <ele>538.6</ele>
      </trkpt>
      <trkpt lat="54.512100" lon="-2.883800">
        <ele>540.1</ele>
      </trkpt>
      <trkpt lat="54.510200" lon="-2.879580">
        <ele>560.8</ele>
      </trkpt>
      <trkpt lat="54.507370" lon="-2.876010">
        <ele>592.2</ele>
      </trkpt>
      <trkpt lat="54.507860" lon="-2.873310">
        <ele>680.5</ele>
      </trkpt>
      <trkpt lat="54.507700" lon="-2.871150">
        <ele>716.1</ele>
      </trkpt>
      <trkpt lat="54.507010" lon="-2.869660">
        <ele>724.2</ele>
      </trkpt>
      <trkpt lat="54.504860" lon="-2.869380">
        <ele>714.1</ele>
      </trkpt>
      <trkpt lat="54.502630" lon="-2.867750">
        <ele>693.6</ele>
      </trkpt>
      <trkpt lat="54.503640" lon="-2.866390">
        <ele>714.3</ele>
      </trkpt>
      <trkpt lat="54.504700" lon="-2.866140">
        <ele>739</ele>
      </trkpt>
      <trkpt lat="54.506680" lon="-2.862280">
        <ele>754.6</ele>
      </trkpt>
      <trkpt lat="54.506540" lon="-2.858640">
        <ele>729</ele>
      </trkpt>
      <trkpt lat="54.505620" lon="-2.848360">
        <ele>663.4</ele>
      </trkpt>
      <trkpt lat="54.505880" lon="-2.843050">
        <ele>618.6</ele>
      </trkpt>
      <trkpt lat="54.505770" lon="-2.837690">
        <ele>555.8</ele>
      </trkpt>
      <trkpt lat="54.504810" lon="-2.832610">
        <ele>487.7</ele>
      </trkpt>
      <trkpt lat="54.504190" lon="-2.829460">
        <ele>426.2</ele>
      </trkpt>
      <trkpt lat="54.503220" lon="-2.829330">
        <ele>386.1</ele>
      </trkpt>
      <trkpt lat="54.502350" lon="-2.829040">
        <ele>358.3</ele>
      </trkpt>
      <trkpt lat="54.502090" lon="-2.827760">
        <ele>342.2</ele>
      </trkpt>
      <trkpt lat="54.500700" lon="-2.826050">
        <ele>296.4</ele>
      </trkpt>
      <trkpt lat="54.500380" lon="-2.824700">
        <ele>276.6</ele>
      </trkpt>
      <trkpt lat="54.499830" lon="-2.823720">
        <ele>257.6</ele>
      </trkpt>
      <trkpt lat="54.499540" lon="-2.822770">
        <ele>250.2</ele>
      </trkpt>
      <trkpt lat="54.501700" lon="-2.818500">
        <ele>249.5</ele>
      </trkpt>
      <trkpt lat="54.506760" lon="-2.819270">
        <ele>305.2</ele>
      </trkpt>
      <trkpt lat="54.509790" lon="-2.819500">
        <ele>279.6</ele>
      </trkpt>
      <trkpt lat="54.511070" lon="-2.820000">
        <ele>270.3</ele>
      </trkpt>
      <trkpt lat="54.514280" lon="-2.816360">
        <ele>261.6</ele>
      </trkpt>
      <trkpt lat="54.516530" lon="-2.814090">
        <ele>261.1</ele>
      </trkpt>
      <trkpt lat="54.519650" lon="-2.811790">
        <ele>257.1</ele>
      </trkpt>
      <trkpt lat="54.522760" lon="-2.809900">
        <ele>268.4</ele>
      </trkpt>
      <trkpt lat="54.524550" lon="-2.806580">
        <ele>257</ele>
      </trkpt>
      <trkpt lat="54.527570" lon="-2.802730">
        <ele>273.2</ele>
      </trkpt>
      <trkpt lat="54.528190" lon="-2.801530">
        <ele>265.4</ele>
      </trkpt>
      <trkpt lat="54.529300" lon="-2.800780">
        <ele>268</ele>
      </trkpt>
      <trkpt lat="54.530960" lon="-2.796210">
        <ele>246.6</ele>
      </trkpt>
      <trkpt lat="54.532900" lon="-2.792010">
        <ele>248.8</ele>
      </trkpt>
      <trkpt lat="54.533610" lon="-2.788930">
        <ele>247.3</ele>
      </trkpt>
      <trkpt lat="54.535080" lon="-2.786230">
        <ele>250.4</ele>
      </trkpt>
      <trkpt lat="54.536380" lon="-2.780100">
        <ele>244.2</ele>
      </trkpt>
      <trkpt lat="54.536930" lon="-2.777990">
        <ele>249.4</ele>
      </trkpt>
      <trkpt lat="54.537040" lon="-2.776450">
        <ele>248.8</ele>
      </trkpt>
      <trkpt lat="54.536990" lon="-2.774160">
        <ele>245.9</ele>
      </trkpt>
      <trkpt lat="54.537850" lon="-2.769810">
        <ele>253.5</ele>
      </trkpt>
      <trkpt lat="54.538180" lon="-2.768870">
        <ele>256</ele>
      </trkpt>
      <trkpt lat="54.538360" lon="-2.766820">
        <ele>245.6</ele>
      </trkpt>
      <trkpt lat="54.538270" lon="-2.765440">
        <ele>235.1</ele>
      </trkpt>
      <trkpt lat="54.537740" lon="-2.765400">
        <ele>225.6</ele>
      </trkpt>
      <trkpt lat="54.537820" lon="-2.763430">
        <ele>217.9</ele>
      </trkpt>
      <trkpt lat="54.537880" lon="-2.762340">
        <ele>217.4</ele>
      </trkpt>
      <trkpt lat="54.537540" lon="-2.760600">
        <ele>214.8</ele>
      </trkpt>
      <trkpt lat="54.536910" lon="-2.760110">
        <ele>216.5</ele>
      </trkpt>
      <trkpt lat="54.536830" lon="-2.758740">
        <ele>215.2</ele>
      </trkpt>
      <trkpt lat="54.536640" lon="-2.757690">
        <ele>214.4</ele>
      </trkpt>
      <trkpt lat="54.537520" lon="-2.753030">
        <ele>207.4</ele>
      </trkpt>
      <trkpt lat="54.537560" lon="-2.751070">
        <ele>205.2</ele>
      </trkpt>
      <trkpt lat="54.538060" lon="-2.750040">
        <ele>200.6</ele>
      </trkpt>
      <trkpt lat="54.537920" lon="-2.746120">
        <ele>212.3</ele>
      </trkpt>
      <trkpt lat="54.538390" lon="-2.744600">
        <ele>205.6</ele>
      </trkpt>
      <trkpt lat="54.539030" lon="-2.742850">
        <ele>209.1</ele>
      </trkpt>
      <trkpt lat="54.538600" lon="-2.739330">
        <ele>238.5</ele>
      </trkpt>
      <trkpt lat="54.540330" lon="-2.733330">
        <ele>241.4</ele>
      </trkpt>
      <trkpt lat="54.540240" lon="-2.731370">
        <ele>242.5</ele>
      </trkpt>
      <trkpt lat="54.539300" lon="-2.726940">
        <ele>226.9</ele>
      </trkpt>
      <trkpt lat="54.538820" lon="-2.724840">
        <ele>220.5</ele>
      </trkpt>
      <trkpt lat="54.539860" lon="-2.722840">
        <ele>214.1</ele>
      </trkpt>
      <trkpt lat="54.541210" lon="-2.722120">
        <ele>201.2</ele>
      </trkpt>
      <trkpt lat="54.541010" lon="-2.721020">
        <ele>198.9</ele>
      </trkpt>
      <trkpt lat="54.539860" lon="-2.720810">
        <ele>203.2</ele>
      </trkpt>
      <trkpt lat="54.538070" lon="-2.720620">
        <ele>203.2</ele>
      </trkpt>
      <trkpt lat="54.536020" lon="-2.719530">
        <ele>213.1</ele>
      </trkpt>
      <trkpt lat="54.535370" lon="-2.715110">
        <ele>239.3</ele>
      </trkpt>
      <trkpt lat="54.533820" lon="-2.714430">
        <ele>250.7</ele>
      </trkpt>
      <trkpt lat="54.534260" lon="-2.711520">
        <ele>252.5</ele>
      </trkpt>
      <trkpt lat="54.534150" lon="-2.708340">
        <ele>254.1</ele>
      </trkpt>
      <trkpt lat="54.533360" lon="-2.705720">
        <ele>238.2</ele>
      </trkpt>
      <trkpt lat="54.533590" lon="-2.704330">
        <ele>232.3</ele>
      </trkpt>
      <trkpt lat="54.532040" lon="-2.701800">
        <ele>229</ele>
      </trkpt>
      <trkpt lat="54.531160" lon="-2.701400">
        <ele>230.3</ele>
      </trkpt>
      <trkpt lat="54.531450" lon="-2.699780">
        <ele>225.7</ele>
      </trkpt>
      <trkpt lat="54.532430" lon="-2.699490">
        <ele>229.7</ele>
      </trkpt>
      <trkpt lat="54.531910" lon="-2.696830">
        <ele>250.1</ele>
      </trkpt>
      <trkpt lat="54.532020" lon="-2.695290">
        <ele>260.2</ele>
      </trkpt>
      <trkpt lat="54.532110" lon="-2.692940">
        <ele>264.3</ele>
      </trkpt>
      <trkpt lat="54.532310" lon="-2.691830">
        <ele>264.7</ele>
      </trkpt>
      <trkpt lat="54.532190" lon="-2.689620">
        <ele>265.3</ele>
      </trkpt>
      <trkpt lat="54.532090" lon="-2.688690">
        <ele>264.6</ele>
      </trkpt>
      <trkpt lat="54.532070" lon="-2.687620">
        <ele>262.7</ele>
      </trkpt>
      <trkpt lat="54.532330" lon="-2.685720">
        <ele>259.6</ele>
      </trkpt>
      <trkpt lat="54.532310" lon="-2.684460">
        <ele>257.4</ele>
      </trkpt>
      <trkpt lat="54.532370" lon="-2.683800">
        <ele>256.6</ele>
      </trkpt>
      <trkpt lat="54.534020" lon="-2.681140">
        <ele>253.8</ele>
      </trkpt>
      <trkpt lat="54.533690" lon="-2.678820">
        <ele>255.5</ele>
      </trkpt>
      <trkpt lat="54.533280" lon="-2.678330">
        <ele>255.1</ele>
      </trkpt>
      <trkpt lat="54.530970" lon="-2.677440">
        <ele>256.2</ele>
      </trkpt>
      <trkpt lat="54.526380" lon="-2.674570">
        <ele>258.7</ele>
      </trkpt>
      <trkpt lat="54.526650" lon="-2.673110">
        <ele>262.2</ele>
      </trkpt>
      <trkpt lat="54.525670" lon="-2.672660">
        <ele>261</ele>
      </trkpt>
      <trkpt lat="54.525790" lon="-2.671510">
        <ele>262.6</ele>
      </trkpt>
      <trkpt lat="54.525430" lon="-2.671160">
        <ele>263.5</ele>
      </trkpt>
      <trkpt lat="54.526060" lon="-2.668550">
        <ele>274.8</ele>
      </trkpt>
      <trkpt lat="54.525510" lon="-2.665850">
        <ele>278</ele>
      </trkpt>
      <trkpt lat="54.522630" lon="-2.660490">
        <ele>293.3</ele>
      </trkpt>
      <trkpt lat="54.521160" lon="-2.659340">
        <ele>296.7</ele>
      </trkpt>
      <trkpt lat="54.521520" lon="-2.657390">
        <ele>310.2</ele>
      </trkpt>
      <trkpt lat="54.519200" lon="-2.655510">
        <ele>304.5</ele>
      </trkpt>
      <trkpt lat="54.518710" lon="-2.654550">
        <ele>308.1</ele>
      </trkpt>
      <trkpt lat="54.518260" lon="-2.653330">
        <ele>312.3</ele>
      </trkpt>
      <trkpt lat="54.517680" lon="-2.650120">
        <ele>317.3</ele>
      </trkpt>
      <trkpt lat="54.517620" lon="-2.649530">
        <ele>318.3</ele>
      </trkpt>
      <trkpt lat="54.516650" lon="-2.646470">
        <ele>324.1</ele>
      </trkpt>
      <trkpt lat="54.516880" lon="-2.644110">
        <ele>330.2</ele>
      </trkpt>
      <trkpt lat="54.515690" lon="-2.640490">
        <ele>329.1</ele>
      </trkpt>
      <trkpt lat="54.515320" lon="-2.638100">
        <ele>328.2</ele>
      </trkpt>
      <trkpt lat="54.514480" lon="-2.634500">
        <ele>324.8</ele>
      </trkpt>
      <trkpt lat="54.514720" lon="-2.632260">
        <ele>326</ele>
      </trkpt>
      <trkpt lat="54.514770" lon="-2.631680">
        <ele>325.3</ele>
      </trkpt>
      <trkpt lat="54.514060" lon="-2.631280">
        <ele>326.3</ele>
      </trkpt>
      <trkpt lat="54.514010" lon="-2.630580">
        <ele>326.5</ele>
      </trkpt>
      <trkpt lat="54.514030" lon="-2.630470">
        <ele>326.5</ele>
      </trkpt>
      <trkpt lat="54.511240" lon="-2.629260">
        <ele>333.7</ele>
      </trkpt>
      <trkpt lat="54.505910" lon="-2.626850">
        <ele>340.8</ele>
      </trkpt>
      <trkpt lat="54.503200" lon="-2.623540">
        <ele>339.2</ele>
      </trkpt>
      <trkpt lat="54.500760" lon="-2.621180">
        <ele>334</ele>
      </trkpt>
      <trkpt lat="54.499340" lon="-2.615600">
        <ele>348.5</ele>
      </trkpt>
      <trkpt lat="54.499130" lon="-2.611780">
        <ele>354</ele>
      </trkpt>
      <trkpt lat="54.498170" lon="-2.610240">
        <ele>343.2</ele>
      </trkpt>
      <trkpt lat="54.495600" lon="-2.609360">
        <ele>313.7</ele>
      </trkpt>
      <trkpt lat="54.491840" lon="-2.606570">
        <ele>329.2</ele>
      </trkpt>
      <trkpt lat="54.490920" lon="-2.606310">
        <ele>333.2</ele>
      </trkpt>
      <trkpt lat="54.489900" lon="-2.603500">
        <ele>325.8</ele>
      </trkpt>
      <trkpt lat="54.489800" lon="-2.601070">
        <ele>311.7</ele>
      </trkpt>
      <trkpt lat="54.490590" lon="-2.599780">
        <ele>303</ele>
      </trkpt>
      <trkpt lat="54.490770" lon="-2.593510">
        <ele>316.2</ele>
      </trkpt>
      <trkpt lat="54.492740" lon="-2.590650">
        <ele>325</ele>
      </trkpt>
      <trkpt lat="54.493320" lon="-2.588270">
        <ele>341.1</ele>
      </trkpt>
      <trkpt lat="54.494470" lon="-2.585270">
        <ele>334.7</ele>
      </trkpt>
      <trkpt lat="54.494160" lon="-2.582030">
        <ele>324.8</ele>
      </trkpt>
      <trkpt lat="54.493310" lon="-2.581180">
        <ele>325.3</ele>
      </trkpt>
      <trkpt lat="54.493190" lon="-2.578080">
        <ele>315.9</ele>
      </trkpt>
      <trkpt lat="54.487770" lon="-2.575020">
        <ele>341.1</ele>
      </trkpt>
      <trkpt lat="54.483460" lon="-2.574930">
        <ele>338.8</ele>
      </trkpt>
      <trkpt lat="54.482790" lon="-2.575910">
        <ele>324.6</ele>
      </trkpt>
      <trkpt lat="54.481690" lon="-2.575400">
        <ele>306.9</ele>
      </trkpt>
      <trkpt lat="54.473040" lon="-2.579890">
        <ele>244.8</ele>
      </trkpt>
      <trkpt lat="54.470830" lon="-2.581490">
        <ele>240.4</ele>
      </trkpt>
      <trkpt lat="54.470380" lon="-2.581140">
        <ele>239.4</ele>
      </trkpt>
      <trkpt lat="54.469390" lon="-2.581280">
        <ele>234.9</ele>
      </trkpt>
      <trkpt lat="54.467950" lon="-2.581140">
        <ele>232.7</ele>
      </trkpt>
      <trkpt lat="54.466580" lon="-2.581990">
        <ele>235.9</ele>
      </trkpt>
      <trkpt lat="54.465960" lon="-2.581260">
        <ele>234.5</ele>
      </trkpt>
      <trkpt lat="54.469570" lon="-2.581180">
        <ele>235.9</ele>
      </trkpt>
      <trkpt lat="54.467940" lon="-2.581020">
        <ele>232.8</ele>
      </trkpt>
      <trkpt lat="54.466570" lon="-2.581880">
        <ele>235.6</ele>
      </trkpt>
      <trkpt lat="54.465970" lon="-2.581130">
        <ele>234.4</ele>
      </trkpt>
      <trkpt lat="54.466050" lon="-2.574200">
        <ele>230.6</ele>
      </trkpt>
      <trkpt lat="54.466240" lon="-2.571510">
        <ele>238.5</ele>
      </trkpt>
      <trkpt lat="54.467210" lon="-2.564950">
        <ele>244.5</ele>
      </trkpt>
      <trkpt lat="54.466960" lon="-2.563460">
        <ele>249.8</ele>
      </trkpt>
      <trkpt lat="54.465760" lon="-2.558460">
        <ele>268.2</ele>
      </trkpt>
      <trkpt lat="54.468810" lon="-2.557300">
        <ele>266.8</ele>
      </trkpt>
      <trkpt lat="54.468470" lon="-2.552690">
        <ele>263.6</ele>
      </trkpt>
      <trkpt lat="54.468580" lon="-2.548650">
        <ele>255.3</ele>
      </trkpt>
      <trkpt lat="54.468840" lon="-2.542760">
        <ele>260</ele>
      </trkpt>
      <trkpt lat="54.468830" lon="-2.538070">
        <ele>261.7</ele>
      </trkpt>
      <trkpt lat="54.468600" lon="-2.536410">
        <ele>256.4</ele>
      </trkpt>
      <trkpt lat="54.469990" lon="-2.533570">
        <ele>264.7</ele>
      </trkpt>
      <trkpt lat="54.470980" lon="-2.531080">
        <ele>269.1</ele>
      </trkpt>
      <trkpt lat="54.471320" lon="-2.530260">
        <ele>271.3</ele>
      </trkpt>
      <trkpt lat="54.471670" lon="-2.529800">
        <ele>273.8</ele>
      </trkpt>
      <trkpt lat="54.471840" lon="-2.529280">
        <ele>274.4</ele>
      </trkpt>
      <trkpt lat="54.471550" lon="-2.528520">
        <ele>271.6</ele>
      </trkpt>
      <trkpt lat="54.471530" lon="-2.524430">
        <ele>274.5</ele>
      </trkpt>
      <trkpt lat="54.471360" lon="-2.521820">
        <ele>274</ele>
      </trkpt>
      <trkpt lat="54.469880" lon="-2.518750">
        <ele>264.4</ele>
      </trkpt>
      <trkpt lat="54.469420" lon="-2.517200">
        <ele>261.8</ele>
      </trkpt>
      <trkpt lat="54.468660" lon="-2.513630">
        <ele>270.7</ele>
      </trkpt>
      <trkpt lat="54.468610" lon="-2.512120">
        <ele>271.4</ele>
      </trkpt>
      <trkpt lat="54.467060" lon="-2.510760">
        <ele>271.2</ele>
      </trkpt>
      <trkpt lat="54.466250" lon="-2.507900">
        <ele>265.2</ele>
      </trkpt>
      <trkpt lat="54.464990" lon="-2.507640">
        <ele>257.9</ele>
      </trkpt>
      <trkpt lat="54.464360" lon="-2.505700">
        <ele>256.7</ele>
      </trkpt>
      <trkpt lat="54.463210" lon="-2.504710">
        <ele>258.6</ele>
      </trkpt>
      <trkpt lat="54.464800" lon="-2.502240">
        <ele>255.9</ele>
      </trkpt>
      <trkpt lat="54.468120" lon="-2.498120">
        <ele>261.8</ele>
      </trkpt>
      <trkpt lat="54.473720" lon="-2.491960">
        <ele>294</ele>
      </trkpt>
      <trkpt lat="54.476740" lon="-2.487170">
        <ele>315.5</ele>
      </trkpt>
      <trkpt lat="54.472610" lon="-2.486720">
        <ele>298.2</ele>
      </trkpt>
      <trkpt lat="54.471750" lon="-2.485210">
        <ele>286.4</ele>
      </trkpt>
      <trkpt lat="54.470740" lon="-2.484560">
        <ele>274.9</ele>
      </trkpt>
      <trkpt lat="54.469540" lon="-2.482630">
        <ele>263.6</ele>
      </trkpt>
      <trkpt lat="54.466980" lon="-2.481410">
        <ele>255.1</ele>
      </trkpt>
      <trkpt lat="54.465150" lon="-2.481090">
        <ele>264.1</ele>
      </trkpt>
      <trkpt lat="54.464140" lon="-2.481070">
        <ele>267.2</ele>
      </trkpt>
      <trkpt lat="54.463130" lon="-2.479660">
        <ele>268.5</ele>
      </trkpt>
      <trkpt lat="54.460650" lon="-2.475150">
        <ele>284.1</ele>
      </trkpt>
      <trkpt lat="54.459160" lon="-2.473860">
        <ele>291.7</ele>
      </trkpt>
      <trkpt lat="54.455370" lon="-2.474090">
        <ele>300.6</ele>
      </trkpt>
      <trkpt lat="54.455210" lon="-2.472760">
        <ele>303.4</ele>
      </trkpt>
      <trkpt lat="54.455050" lon="-2.470670">
        <ele>307.9</ele>
      </trkpt>
      <trkpt lat="54.454860" lon="-2.469570">
        <ele>306.6</ele>
      </trkpt>
      <trkpt lat="54.453760" lon="-2.467060">
        <ele>299.8</ele>
      </trkpt>
      <trkpt lat="54.454100" lon="-2.463370">
        <ele>295.7</ele>
      </trkpt>
      <trkpt lat="54.454680" lon="-2.460790">
        <ele>302.5</ele>
      </trkpt>
      <trkpt lat="54.454730" lon="-2.456200">
        <ele>303.3</ele>
      </trkpt>
      <trkpt lat="54.455310" lon="-2.454280">
        <ele>306.9</ele>
      </trkpt>
      <trkpt lat="54.454810" lon="-2.450880">
        <ele>298.2</ele>
      </trkpt>
      <trkpt lat="54.454900" lon="-2.450450">
        <ele>298.1</ele>
      </trkpt>
      <trkpt lat="54.456420" lon="-2.446340">
        <ele>299</ele>
      </trkpt>
      <trkpt lat="54.456620" lon="-2.443750">
        <ele>298.3</ele>
      </trkpt>
      <trkpt lat="54.455990" lon="-2.439700">
        <ele>296.3</ele>
      </trkpt>
      <trkpt lat="54.455290" lon="-2.439090">
        <ele>299.1</ele>
      </trkpt>
      <trkpt lat="54.454040" lon="-2.435230">
        <ele>300.6</ele>
      </trkpt>
      <trkpt lat="54.453300" lon="-2.433520">
        <ele>292.4</ele>
      </trkpt>
      <trkpt lat="54.453170" lon="-2.430880">
        <ele>276.9</ele>
      </trkpt>
      <trkpt lat="54.451440" lon="-2.429100">
        <ele>240.4</ele>
      </trkpt>
      <trkpt lat="54.450970" lon="-2.428830">
        <ele>231.9</ele>
      </trkpt>
      <trkpt lat="54.449910" lon="-2.430910">
        <ele>226.3</ele>
      </trkpt>
      <trkpt lat="54.449160" lon="-2.432700">
        <ele>226.3</ele>
      </trkpt>
      <trkpt lat="54.448390" lon="-2.432610">
        <ele>229.1</ele>
      </trkpt>
      <trkpt lat="54.448480" lon="-2.427310">
        <ele>263.4</ele>
      </trkpt>
      <trkpt lat="54.448190" lon="-2.425590">
        <ele>285.5</ele>
      </trkpt>
      <trkpt lat="54.449450" lon="-2.424070">
        <ele>288.9</ele>
      </trkpt>
      <trkpt lat="54.450850" lon="-2.420690">
        <ele>303</ele>
      </trkpt>
      <trkpt lat="54.451700" lon="-2.416380">
        <ele>318.9</ele>
      </trkpt>
      <trkpt lat="54.453820" lon="-2.412270">
        <ele>326.5</ele>
      </trkpt>
      <trkpt lat="54.454830" lon="-2.409690">
        <ele>322.3</ele>
      </trkpt>
      <trkpt lat="54.457860" lon="-2.405050">
        <ele>345.2</ele>
      </trkpt>
      <trkpt lat="54.457430" lon="-2.401940">
        <ele>341.8</ele>
      </trkpt>
      <trkpt lat="54.457400" lon="-2.399980">
        <ele>331.4</ele>
      </trkpt>
      <trkpt lat="54.458650" lon="-2.395950">
        <ele>309.6</ele>
      </trkpt>
      <trkpt lat="54.459780" lon="-2.393370">
        <ele>292.3</ele>
      </trkpt>
      <trkpt lat="54.460220" lon="-2.391840">
        <ele>281.5</ele>
      </trkpt>
      <trkpt lat="54.459900" lon="-2.391220">
        <ele>281.1</ele>
      </trkpt>
      <trkpt lat="54.459080" lon="-2.390110">
        <ele>283</ele>
      </trkpt>
      <trkpt lat="54.460590" lon="-2.389190">
        <ele>268.5</ele>
      </trkpt>
      <trkpt lat="54.460710" lon="-2.386530">
        <ele>259.4</ele>
      </trkpt>
      <trkpt lat="54.460500" lon="-2.383920">
        <ele>251.2</ele>
      </trkpt>
      <trkpt lat="54.461000" lon="-2.382220">
        <ele>245.9</ele>
      </trkpt>
      <trkpt lat="54.461740" lon="-2.381110">
        <ele>247</ele>
      </trkpt>
      <trkpt lat="54.462170" lon="-2.377330">
        <ele>252</ele>
      </trkpt>
      <trkpt lat="54.463120" lon="-2.374220">
        <ele>243.1</ele>
      </trkpt>
      <trkpt lat="54.464160" lon="-2.370160">
        <ele>231</ele>
      </trkpt>
      <trkpt lat="54.464770" lon="-2.365620">
        <ele>202</ele>
      </trkpt>
      <trkpt lat="54.464990" lon="-2.364370">
        <ele>197.3</ele>
      </trkpt>
      <trkpt lat="54.465370" lon="-2.363540">
        <ele>195.4</ele>
      </trkpt>
      <trkpt lat="54.465240" lon="-2.362530">
        <ele>196.2</ele>
      </trkpt>
      <trkpt lat="54.464840" lon="-2.361920">
        <ele>196.6</ele>
      </trkpt>
      <trkpt lat="54.464720" lon="-2.361020">
        <ele>201.1</ele>
      </trkpt>
      <trkpt lat="54.465200" lon="-2.359830">
        <ele>209</ele>
      </trkpt>
      <trkpt lat="54.465470" lon="-2.359110">
        <ele>211.5</ele>
      </trkpt>
      <trkpt lat="54.465870" lon="-2.358310">
        <ele>212.4</ele>
      </trkpt>
      <trkpt lat="54.466290" lon="-2.356550">
        <ele>201.8</ele>
      </trkpt>
      <trkpt lat="54.466940" lon="-2.354590">
        <ele>189.3</ele>
      </trkpt>
      <trkpt lat="54.468090" lon="-2.353050">
        <ele>186.9</ele>
      </trkpt>
      <trkpt lat="54.468750" lon="-2.352500">
        <ele>184.5</ele>
      </trkpt>
      <trkpt lat="54.469210" lon="-2.352320">
        <ele>181.9</ele>
      </trkpt>
      <trkpt lat="54.469700" lon="-2.351630">
        <ele>180.1</ele>
      </trkpt>
      <trkpt lat="54.470200" lon="-2.350950">
        <ele>179</ele>
      </trkpt>
      <trkpt lat="54.470610" lon="-2.350310">
        <ele>178.5</ele>
      </trkpt>
      <trkpt lat="54.470300" lon="-2.349540">
        <ele>179</ele>
      </trkpt>
      <trkpt lat="54.470930" lon="-2.348730">
        <ele>177.3</ele>
      </trkpt>
      <trkpt lat="54.471430" lon="-2.348580">
        <ele>176.1</ele>
      </trkpt>
      <trkpt lat="54.472000" lon="-2.348650">
        <ele>176</ele>
      </trkpt>
      <trkpt lat="54.473440" lon="-2.348690">
        <ele>175.9</ele>
      </trkpt>
      <trkpt lat="54.473460" lon="-2.347370">
        <ele>175.3</ele>
      </trkpt>
      <trkpt lat="54.473460" lon="-2.347370">
        <ele>175.3</ele>
      </trkpt>
      <trkpt lat="54.473220" lon="-2.345800">
        <ele>175.7</ele>
      </trkpt>
      <trkpt lat="54.472350" lon="-2.336410">
        <ele>194.1</ele>
      </trkpt>
      <trkpt lat="54.471400" lon="-2.336470">
        <ele>201.8</ele>
      </trkpt>
      <trkpt lat="54.470620" lon="-2.334030">
        <ele>210.9</ele>
      </trkpt>
      <trkpt lat="54.471160" lon="-2.331620">
        <ele>223.2</ele>
      </trkpt>
      <trkpt lat="54.470960" lon="-2.329940">
        <ele>233.4</ele>
      </trkpt>
      <trkpt lat="54.471280" lon="-2.329190">
        <ele>229.9</ele>
      </trkpt>
      <trkpt lat="54.471480" lon="-2.327440">
        <ele>233.9</ele>
      </trkpt>
      <trkpt lat="54.471990" lon="-2.324720">
        <ele>246.2</ele>
      </trkpt>
      <trkpt lat="54.472310" lon="-2.322630">
        <ele>257.3</ele>
      </trkpt>
      <trkpt lat="54.471940" lon="-2.322240">
        <ele>259</ele>
      </trkpt>
      <trkpt lat="54.471390" lon="-2.320410">
        <ele>268.4</ele>
      </trkpt>
      <trkpt lat="54.470530" lon="-2.318170">
        <ele>306.7</ele>
      </trkpt>
      <trkpt lat="54.469560" lon="-2.317060">
        <ele>306.4</ele>
      </trkpt>
      <trkpt lat="54.468940" lon="-2.315440">
        <ele>307.5</ele>
      </trkpt>
      <trkpt lat="54.468810" lon="-2.313320">
        <ele>313.6</ele>
      </trkpt>
      <trkpt lat="54.468100" lon="-2.312590">
        <ele>314.2</ele>
      </trkpt>
      <trkpt lat="54.466810" lon="-2.312200">
        <ele>317.6</ele>
      </trkpt>
      <trkpt lat="54.466690" lon="-2.311400">
        <ele>325.2</ele>
      </trkpt>
      <trkpt lat="54.465500" lon="-2.312070">
        <ele>334.8</ele>
      </trkpt>
      <trkpt lat="54.464290" lon="-2.312480">
        <ele>333.1</ele>
      </trkpt>
      <trkpt lat="54.463070" lon="-2.311930">
        <ele>346.2</ele>
      </trkpt>
      <trkpt lat="54.461860" lon="-2.310410">
        <ele>369.5</ele>
      </trkpt>
      <trkpt lat="54.460550" lon="-2.308300">
        <ele>387.6</ele>
      </trkpt>
      <trkpt lat="54.458440" lon="-2.307830">
        <ele>387.5</ele>
      </trkpt>
      <trkpt lat="54.457120" lon="-2.301230">
        <ele>424</ele>
      </trkpt>
      <trkpt lat="54.457040" lon="-2.296030">
        <ele>467.6</ele>
      </trkpt>
      <trkpt lat="54.456220" lon="-2.294670">
        <ele>477.5</ele>
      </trkpt>
      <trkpt lat="54.455600" lon="-2.293700">
        <ele>486.2</ele>
      </trkpt>
      <trkpt lat="54.454980" lon="-2.290740">
        <ele>513.9</ele>
      </trkpt>
      <trkpt lat="54.454670" lon="-2.286720">
        <ele>542.6</ele>
      </trkpt>
      <trkpt lat="54.453490" lon="-2.271460">
        <ele>653.5</ele>
      </trkpt>
      <trkpt lat="54.446560" lon="-2.267480">
        <ele>647.2</ele>
      </trkpt>
      <trkpt lat="54.446030" lon="-2.257980">
        <ele>626.9</ele>
      </trkpt>
      <trkpt lat="54.444740" lon="-2.248130">
        <ele>575.4</ele>
      </trkpt>
      <trkpt lat="54.443940" lon="-2.241990">
        <ele>517.1</ele>
      </trkpt>
      <trkpt lat="54.441870" lon="-2.238410">
        <ele>472.8</ele>
      </trkpt>
      <trkpt lat="54.439520" lon="-2.238910">
        <ele>467.3</ele>
      </trkpt>
      <trkpt lat="54.435920" lon="-2.239960">
        <ele>463.1</ele>
      </trkpt>
      <trkpt lat="54.432640" lon="-2.238250">
        <ele>460.1</ele>
      </trkpt>
      <trkpt lat="54.429620" lon="-2.235740">
        <ele>443.7</ele>
      </trkpt>
      <trkpt lat="54.427160" lon="-2.232980">
        <ele>446.9</ele>
      </trkpt>
      <trkpt lat="54.425450" lon="-2.229270">
        <ele>434.1</ele>
      </trkpt>
      <trkpt lat="54.424830" lon="-2.225080">
        <ele>419.2</ele>
      </trkpt>
      <trkpt lat="54.422500" lon="-2.224640">
        <ele>420.6</ele>
      </trkpt>
      <trkpt lat="54.421770" lon="-2.222170">
        <ele>426.5</ele>
      </trkpt>
      <trkpt lat="54.421810" lon="-2.218850">
        <ele>435.1</ele>
      </trkpt>
      <trkpt lat="54.423480" lon="-2.214320">
        <ele>407.6</ele>
      </trkpt>
      <trkpt lat="54.424840" lon="-2.213860">
        <ele>400.2</ele>
      </trkpt>
      <trkpt lat="54.425260" lon="-2.212540">
        <ele>398.6</ele>
      </trkpt>
      <trkpt lat="54.421850" lon="-2.210050">
        <ele>402.6</ele>
      </trkpt>
      <trkpt lat="54.420890" lon="-2.209560">
        <ele>394.6</ele>
      </trkpt>
      <trkpt lat="54.418340" lon="-2.206190">
        <ele>394.2</ele>
      </trkpt>
      <trkpt lat="54.413620" lon="-2.202970">
        <ele>386.6</ele>
      </trkpt>
      <trkpt lat="54.411170" lon="-2.197910">
        <ele>365.9</ele>
      </trkpt>
      <trkpt lat="54.411030" lon="-2.195430">
        <ele>365.3</ele>
      </trkpt>
      <trkpt lat="54.409870" lon="-2.191770">
        <ele>340.3</ele>
      </trkpt>
      <trkpt lat="54.410120" lon="-2.190120">
        <ele>340.2</ele>
      </trkpt>
      <trkpt lat="54.410330" lon="-2.183420">
        <ele>339</ele>
      </trkpt>
      <trkpt lat="54.409840" lon="-2.177200">
        <ele>326.5</ele>
      </trkpt>
      <trkpt lat="54.408170" lon="-2.177130">
        <ele>349.9</ele>
      </trkpt>
      <trkpt lat="54.407870" lon="-2.174920">
        <ele>347.2</ele>
      </trkpt>
      <trkpt lat="54.406690" lon="-2.171970">
        <ele>355.8</ele>
      </trkpt>
      <trkpt lat="54.404610" lon="-2.168990">
        <ele>342.1</ele>
      </trkpt>
      <trkpt lat="54.404540" lon="-2.168660">
        <ele>341.1</ele>
      </trkpt>
      <trkpt lat="54.404810" lon="-2.168230">
        <ele>337.6</ele>
      </trkpt>
      <trkpt lat="54.404820" lon="-2.167070">
        <ele>331.5</ele>
      </trkpt>
      <trkpt lat="54.405880" lon="-2.166290">
        <ele>322.1</ele>
      </trkpt>
      <trkpt lat="54.404640" lon="-2.163180">
        <ele>317.9</ele>
      </trkpt>
      <trkpt lat="54.404770" lon="-2.162080">
        <ele>315.1</ele>
      </trkpt>
      <trkpt lat="54.405350" lon="-2.161380">
        <ele>305.9</ele>
      </trkpt>
      <trkpt lat="54.405020" lon="-2.160740">
        <ele>304.7</ele>
      </trkpt>
      <trkpt lat="54.404760" lon="-2.159460">
        <ele>309.1</ele>
      </trkpt>
      <trkpt lat="54.405140" lon="-2.158240">
        <ele>307.9</ele>
      </trkpt>
      <trkpt lat="54.404770" lon="-2.157320">
        <ele>311</ele>
      </trkpt>
      <trkpt lat="54.404560" lon="-2.156150">
        <ele>311.8</ele>
      </trkpt>
      <trkpt lat="54.403700" lon="-2.153370">
        <ele>303.9</ele>
      </trkpt>
      <trkpt lat="54.403370" lon="-2.151150">
        <ele>308.1</ele>
      </trkpt>
      <trkpt lat="54.403390" lon="-2.150560">
        <ele>315.2</ele>
      </trkpt>
      <trkpt lat="54.403940" lon="-2.150400">
        <ele>339.1</ele>
      </trkpt>
      <trkpt lat="54.403750" lon="-2.149560">
        <ele>339.5</ele>
      </trkpt>
      <trkpt lat="54.403080" lon="-2.148060">
        <ele>326.3</ele>
      </trkpt>
      <trkpt lat="54.402920" lon="-2.146810">
        <ele>328.6</ele>
      </trkpt>
      <trkpt lat="54.402910" lon="-2.146060">
        <ele>334.7</ele>
      </trkpt>
      <trkpt lat="54.403380" lon="-2.146090">
        <ele>355.5</ele>
      </trkpt>
      <trkpt lat="54.403680" lon="-2.145180">
        <ele>373.2</ele>
      </trkpt>
      <trkpt lat="54.403480" lon="-2.144520">
        <ele>370.4</ele>
      </trkpt>
      <trkpt lat="54.403260" lon="-2.140680">
        <ele>362.8</ele>
      </trkpt>
      <trkpt lat="54.404010" lon="-2.140620">
        <ele>389.1</ele>
      </trkpt>
      <trkpt lat="54.404330" lon="-2.139760">
        <ele>387.1</ele>
      </trkpt>
      <trkpt lat="54.406200" lon="-2.137650">
        <ele>408</ele>
      </trkpt>
      <trkpt lat="54.406220" lon="-2.137670">
        <ele>408</ele>
      </trkpt>
      <trkpt lat="54.406570" lon="-2.137610">
        <ele>412.1</ele>
      </trkpt>
      <trkpt lat="54.406230" lon="-2.136650">
        <ele>418.8</ele>
      </trkpt>
      <trkpt lat="54.406170" lon="-2.135860">
        <ele>442</ele>
      </trkpt>
      <trkpt lat="54.406680" lon="-2.135230">
        <ele>446.3</ele>
      </trkpt>
      <trkpt lat="54.406810" lon="-2.134380">
        <ele>460</ele>
      </trkpt>
      <trkpt lat="54.406670" lon="-2.133450">
        <ele>478.8</ele>
      </trkpt>
      <trkpt lat="54.406720" lon="-2.132740">
        <ele>487</ele>
      </trkpt>
      <trkpt lat="54.406700" lon="-2.132080">
        <ele>495.4</ele>
      </trkpt>
      <trkpt lat="54.406690" lon="-2.131200">
        <ele>505.1</ele>
      </trkpt>
      <trkpt lat="54.406930" lon="-2.129060">
        <ele>519.2</ele>
      </trkpt>
      <trkpt lat="54.407210" lon="-2.127910">
        <ele>524.8</ele>
      </trkpt>
      <trkpt lat="54.407420" lon="-2.127100">
        <ele>529.7</ele>
      </trkpt>
      <trkpt lat="54.407760" lon="-2.126000">
        <ele>541.5</ele>
      </trkpt>
      <trkpt lat="54.407330" lon="-2.124740">
        <ele>552.2</ele>
      </trkpt>
      <trkpt lat="54.407010" lon="-2.121780">
        <ele>563.6</ele>
      </trkpt>
      <trkpt lat="54.406500" lon="-2.118300">
        <ele>570.3</ele>
      </trkpt>
      <trkpt lat="54.406250" lon="-2.117330">
        <ele>570.9</ele>
      </trkpt>
      <trkpt lat="54.406230" lon="-2.116140">
        <ele>571.1</ele>
      </trkpt>
      <trkpt lat="54.406200" lon="-2.114850">
        <ele>566.7</ele>
      </trkpt>
      <trkpt lat="54.406440" lon="-2.112270">
        <ele>558.9</ele>
      </trkpt>
      <trkpt lat="54.406550" lon="-2.110570">
        <ele>555.5</ele>
      </trkpt>
      <trkpt lat="54.406690" lon="-2.109610">
        <ele>553.3</ele>
      </trkpt>
      <trkpt lat="54.407060" lon="-2.107680">
        <ele>544.6</ele>
      </trkpt>
      <trkpt lat="54.407130" lon="-2.106470">
        <ele>536.8</ele>
      </trkpt>
      <trkpt lat="54.407510" lon="-2.105960">
        <ele>534.8</ele>
      </trkpt>
      <trkpt lat="54.408510" lon="-2.101770">
        <ele>496.4</ele>
      </trkpt>
      <trkpt lat="54.410220" lon="-2.100000">
        <ele>464.9</ele>
      </trkpt>
      <trkpt lat="54.411100" lon="-2.099710">
        <ele>454.2</ele>
      </trkpt>
      <trkpt lat="54.410500" lon="-2.099120">
        <ele>443.5</ele>
      </trkpt>
      <trkpt lat="54.411250" lon="-2.099020">
        <ele>439.4</ele>
      </trkpt>
      <trkpt lat="54.411500" lon="-2.098640">
        <ele>431.7</ele>
      </trkpt>
      <trkpt lat="54.411400" lon="-2.097530">
        <ele>442.8</ele>
      </trkpt>
      <trkpt lat="54.410640" lon="-2.097300">
        <ele>436</ele>
      </trkpt>
      <trkpt lat="54.409600" lon="-2.095940">
        <ele>433.6</ele>
      </trkpt>
      <trkpt lat="54.408170" lon="-2.094580">
        <ele>422.2</ele>
      </trkpt>
      <trkpt lat="54.406980" lon="-2.093050">
        <ele>434.7</ele>
      </trkpt>
      <trkpt lat="54.407000" lon="-2.091360">
        <ele>475.1</ele>
      </trkpt>
      <trkpt lat="54.407400" lon="-2.089940">
        <ele>503.4</ele>
      </trkpt>
      <trkpt lat="54.407290" lon="-2.087990">
        <ele>526.1</ele>
      </trkpt>
      <trkpt lat="54.407550" lon="-2.085680">
        <ele>551.4</ele>
      </trkpt>
      <trkpt lat="54.408200" lon="-2.083390">
        <ele>560.6</ele>
      </trkpt>
      <trkpt lat="54.407860" lon="-2.080600">
        <ele>558.4</ele>
      </trkpt>
      <trkpt lat="54.407800" lon="-2.078980">
        <ele>556.4</ele>
      </trkpt>
      <trkpt lat="54.407600" lon="-2.076830">
        <ele>556.1</ele>
      </trkpt>
      <trkpt lat="54.407920" lon="-2.074950">
        <ele>553.4</ele>
      </trkpt>
      <trkpt lat="54.408200" lon="-2.072890">
        <ele>549.1</ele>
      </trkpt>
      <trkpt lat="54.408790" lon="-2.070710">
        <ele>539.8</ele>
      </trkpt>
      <trkpt lat="54.408390" lon="-2.067550">
        <ele>531.8</ele>
      </trkpt>
      <trkpt lat="54.408170" lon="-2.065860">
        <ele>521.8</ele>
      </trkpt>
      <trkpt lat="54.408240" lon="-2.063780">
        <ele>502.9</ele>
      </trkpt>
      <trkpt lat="54.408370" lon="-2.062470">
        <ele>490.7</ele>
      </trkpt>
      <trkpt lat="54.408310" lon="-2.061390">
        <ele>481.5</ele>
      </trkpt>
      <trkpt lat="54.407920" lon="-2.059710">
        <ele>473.2</ele>
      </trkpt>
      <trkpt lat="54.407370" lon="-2.057220">
        <ele>457.2</ele>
      </trkpt>
      <trkpt lat="54.406930" lon="-2.056680">
        <ele>454.8</ele>
      </trkpt>
      <trkpt lat="54.406260" lon="-2.055430">
        <ele>449.6</ele>
      </trkpt>
      <trkpt lat="54.404910" lon="-2.053920">
        <ele>444</ele>
      </trkpt>
      <trkpt lat="54.404370" lon="-2.052610">
        <ele>440</ele>
      </trkpt>
      <trkpt lat="54.403730" lon="-2.050950">
        <ele>432.9</ele>
      </trkpt>
      <trkpt lat="54.403400" lon="-2.049590">
        <ele>426.1</ele>
      </trkpt>
      <trkpt lat="54.402020" lon="-2.048270">
        <ele>423</ele>
      </trkpt>
      <trkpt lat="54.401450" lon="-2.045350">
        <ele>415</ele>
      </trkpt>
      <trkpt lat="54.401050" lon="-2.044390">
        <ele>416.1</ele>
      </trkpt>
      <trkpt lat="54.400750" lon="-2.042460">
        <ele>404.9</ele>
      </trkpt>
      <trkpt lat="54.400100" lon="-2.040800">
        <ele>408.5</ele>
      </trkpt>
      <trkpt lat="54.400090" lon="-2.039290">
        <ele>396.6</ele>
      </trkpt>
      <trkpt lat="54.399610" lon="-2.038480">
        <ele>397.3</ele>
      </trkpt>
      <trkpt lat="54.398620" lon="-2.035220">
        <ele>389.1</ele>
      </trkpt>
      <trkpt lat="54.397570" lon="-2.031700">
        <ele>381.6</ele>
      </trkpt>
      <trkpt lat="54.397290" lon="-2.028700">
        <ele>370.5</ele>
      </trkpt>
      <trkpt lat="54.396610" lon="-2.025850">
        <ele>363.4</ele>
      </trkpt>
      <trkpt lat="54.396070" lon="-2.024090">
        <ele>367.9</ele>
      </trkpt>
      <trkpt lat="54.395670" lon="-2.022520">
        <ele>362.9</ele>
      </trkpt>
      <trkpt lat="54.395200" lon="-2.020210">
        <ele>355.9</ele>
      </trkpt>
      <trkpt lat="54.394810" lon="-2.017350">
        <ele>345.7</ele>
      </trkpt>
      <trkpt lat="54.395060" lon="-2.016220">
        <ele>341.5</ele>
      </trkpt>
      <trkpt lat="54.394840" lon="-2.015100">
        <ele>339.6</ele>
      </trkpt>
      <trkpt lat="54.395400" lon="-2.011950">
        <ele>338.8</ele>
      </trkpt>
      <trkpt lat="54.396870" lon="-2.008940">
        <ele>348</ele>
      </trkpt>
      <trkpt lat="54.397170" lon="-2.006730">
        <ele>358.7</ele>
      </trkpt>
      <trkpt lat="54.396460" lon="-2.000350">
        <ele>360.4</ele>
      </trkpt>
      <trkpt lat="54.395870" lon="-1.996230">
        <ele>366.1</ele>
      </trkpt>
      <trkpt lat="54.394520" lon="-1.993750">
        <ele>343.3</ele>
      </trkpt>
      <trkpt lat="54.394550" lon="-1.992370">
        <ele>350.4</ele>
      </trkpt>
      <trkpt lat="54.393830" lon="-1.991150">
        <ele>339.8</ele>
      </trkpt>
      <trkpt lat="54.392180" lon="-1.987390">
        <ele>312.7</ele>
      </trkpt>
      <trkpt lat="54.391490" lon="-1.984840">
        <ele>296.6</ele>
      </trkpt>
      <trkpt lat="54.391520" lon="-1.981630">
        <ele>298.4</ele>
      </trkpt>
      <trkpt lat="54.392040" lon="-1.975320">
        <ele>323.1</ele>
      </trkpt>
      <trkpt lat="54.391830" lon="-1.972110">
        <ele>321</ele>
      </trkpt>
      <trkpt lat="54.392450" lon="-1.969680">
        <ele>323.2</ele>
      </trkpt>
      <trkpt lat="54.392220" lon="-1.968570">
        <ele>314.2</ele>
      </trkpt>
      <trkpt lat="54.391110" lon="-1.968160">
        <ele>285.1</ele>
      </trkpt>
      <trkpt lat="54.390960" lon="-1.964190">
        <ele>264</ele>
      </trkpt>
      <trkpt lat="54.390670" lon="-1.959450">
        <ele>248.9</ele>
      </trkpt>
      <trkpt lat="54.389990" lon="-1.956620">
        <ele>230.8</ele>
      </trkpt>
      <trkpt lat="54.389920" lon="-1.954480">
        <ele>227.6</ele>
      </trkpt>
      <trkpt lat="54.389720" lon="-1.952380">
        <ele>226.2</ele>
      </trkpt>
      <trkpt lat="54.388880" lon="-1.949970">
        <ele>212.5</ele>
      </trkpt>
      <trkpt lat="54.389670" lon="-1.946350">
        <ele>212.2</ele>
      </trkpt>
      <trkpt lat="54.389500" lon="-1.944690">
        <ele>205.2</ele>
      </trkpt>
      <trkpt lat="54.389520" lon="-1.943030">
        <ele>202.1</ele>
      </trkpt>
      <trkpt lat="54.389120" lon="-1.942510">
        <ele>197.7</ele>
      </trkpt>
      <trkpt lat="54.389100" lon="-1.942420">
        <ele>197.1</ele>
      </trkpt>
      <trkpt lat="54.388720" lon="-1.942080">
        <ele>192.8</ele>
      </trkpt>
      <trkpt lat="54.388500" lon="-1.941810">
        <ele>189.9</ele>
      </trkpt>
      <trkpt lat="54.388270" lon="-1.941000">
        <ele>186.2</ele>
      </trkpt>
      <trkpt lat="54.387700" lon="-1.940450">
        <ele>182.8</ele>
      </trkpt>
      <trkpt lat="54.387770" lon="-1.938550">
        <ele>182.5</ele>
      </trkpt>
      <trkpt lat="54.388220" lon="-1.937440">
        <ele>183.7</ele>
      </trkpt>
      <trkpt lat="54.386930" lon="-1.935130">
        <ele>181.6</ele>
      </trkpt>
      <trkpt lat="54.386550" lon="-1.932910">
        <ele>179.9</ele>
      </trkpt>
      <trkpt lat="54.385440" lon="-1.930580">
        <ele>178.3</ele>
      </trkpt>
      <trkpt lat="54.385550" lon="-1.929530">
        <ele>179.2</ele>
      </trkpt>
      <trkpt lat="54.383970" lon="-1.921410">
        <ele>181.4</ele>
      </trkpt>
      <trkpt lat="54.383940" lon="-1.919740">
        <ele>179.4</ele>
      </trkpt>
      <trkpt lat="54.382810" lon="-1.917640">
        <ele>175.4</ele>
      </trkpt>
      <trkpt lat="54.381560" lon="-1.913330">
        <ele>173</ele>
      </trkpt>
      <trkpt lat="54.381130" lon="-1.912440">
        <ele>173.3</ele>
      </trkpt>
      <trkpt lat="54.380870" lon="-1.910900">
        <ele>172.3</ele>
      </trkpt>
      <trkpt lat="54.378680" lon="-1.906190">
        <ele>172.2</ele>
      </trkpt>
      <trkpt lat="54.378160" lon="-1.904440">
        <ele>173.4</ele>
      </trkpt>
      <trkpt lat="54.377440" lon="-1.903080">
        <ele>176.9</ele>
      </trkpt>
      <trkpt lat="54.376550" lon="-1.901840">
        <ele>179.9</ele>
      </trkpt>
      <trkpt lat="54.375940" lon="-1.898340">
        <ele>177.1</ele>
      </trkpt>
      <trkpt lat="54.375710" lon="-1.895230">
        <ele>180.7</ele>
      </trkpt>
      <trkpt lat="54.375350" lon="-1.889590">
        <ele>217.5</ele>
      </trkpt>
      <trkpt lat="54.376400" lon="-1.886820">
        <ele>260.8</ele>
      </trkpt>
      <trkpt lat="54.377590" lon="-1.885660">
        <ele>278.5</ele>
      </trkpt>
      <trkpt lat="54.378790" lon="-1.883670">
        <ele>288.4</ele>
      </trkpt>
      <trkpt lat="54.379240" lon="-1.881790">
        <ele>291.8</ele>
      </trkpt>
      <trkpt lat="54.379780" lon="-1.882020">
        <ele>296.3</ele>
      </trkpt>
      <trkpt lat="54.380030" lon="-1.880580">
        <ele>298.5</ele>
      </trkpt>
      <trkpt lat="54.379450" lon="-1.880230">
        <ele>293.6</ele>
      </trkpt>
      <trkpt lat="54.379060" lon="-1.879600">
        <ele>289.5</ele>
      </trkpt>
      <trkpt lat="54.379060" lon="-1.878620">
        <ele>288.7</ele>
      </trkpt>
      <trkpt lat="54.381730" lon="-1.878090">
        <ele>312.9</ele>
      </trkpt>
      <trkpt lat="54.386660" lon="-1.871660">
        <ele>264.1</ele>
      </trkpt>
      <trkpt lat="54.387930" lon="-1.869580">
        <ele>244.4</ele>
      </trkpt>
      <trkpt lat="54.388550" lon="-1.867580">
        <ele>236.1</ele>
      </trkpt>
      <trkpt lat="54.390620" lon="-1.863170">
        <ele>230.4</ele>
      </trkpt>
      <trkpt lat="54.392030" lon="-1.861440">
        <ele>247.3</ele>
      </trkpt>
      <trkpt lat="54.392060" lon="-1.860450">
        <ele>249.9</ele>
      </trkpt>
      <trkpt lat="54.392780" lon="-1.858840">
        <ele>260.1</ele>
      </trkpt>
      <trkpt lat="54.393860" lon="-1.858490">
        <ele>267.9</ele>
      </trkpt>
      <trkpt lat="54.395410" lon="-1.854620">
        <ele>273.3</ele>
      </trkpt>
      <trkpt lat="54.396460" lon="-1.852940">
        <ele>264.2</ele>
      </trkpt>
      <trkpt lat="54.396730" lon="-1.851930">
        <ele>261.8</ele>
      </trkpt>
      <trkpt lat="54.396790" lon="-1.850310">
        <ele>263.5</ele>
      </trkpt>
      <trkpt lat="54.397150" lon="-1.848920">
        <ele>251.2</ele>
      </trkpt>
      <trkpt lat="54.397190" lon="-1.847180">
        <ele>231</ele>
      </trkpt>
      <trkpt lat="54.398750" lon="-1.843230">
        <ele>180.6</ele>
      </trkpt>
      <trkpt lat="54.399070" lon="-1.842160">
        <ele>173.2</ele>
      </trkpt>
      <trkpt lat="54.399290" lon="-1.841610">
        <ele>168.8</ele>
      </trkpt>
      <trkpt lat="54.399400" lon="-1.840490">
        <ele>162.1</ele>
      </trkpt>
      <trkpt lat="54.399790" lon="-1.839430">
        <ele>160.8</ele>
      </trkpt>
      <trkpt lat="54.400700" lon="-1.839120">
        <ele>167.1</ele>
      </trkpt>
      <trkpt lat="54.400650" lon="-1.836950">
        <ele>169.6</ele>
      </trkpt>
      <trkpt lat="54.401360" lon="-1.835630">
        <ele>175.2</ele>
      </trkpt>
      <trkpt lat="54.402270" lon="-1.835520">
        <ele>179.2</ele>
      </trkpt>
      <trkpt lat="54.403600" lon="-1.833540">
        <ele>172.9</ele>
      </trkpt>
      <trkpt lat="54.404440" lon="-1.830690">
        <ele>162.7</ele>
      </trkpt>
      <trkpt lat="54.406610" lon="-1.826990">
        <ele>157.4</ele>
      </trkpt>
      <trkpt lat="54.407710" lon="-1.825690">
        <ele>153.8</ele>
      </trkpt>
      <trkpt lat="54.408380" lon="-1.822940">
        <ele>162.5</ele>
      </trkpt>
      <trkpt lat="54.408950" lon="-1.821170">
        <ele>172.9</ele>
      </trkpt>
      <trkpt lat="54.408720" lon="-1.818020">
        <ele>170</ele>
      </trkpt>
      <trkpt lat="54.408310" lon="-1.814660">
        <ele>172.2</ele>
      </trkpt>
      <trkpt lat="54.408660" lon="-1.810030">
        <ele>163.2</ele>
      </trkpt>
      <trkpt lat="54.409550" lon="-1.807500">
        <ele>167.7</ele>
      </trkpt>
      <trkpt lat="54.409840" lon="-1.804700">
        <ele>159.5</ele>
      </trkpt>
      <trkpt lat="54.410760" lon="-1.798430">
        <ele>174.1</ele>
      </trkpt>
      <trkpt lat="54.410740" lon="-1.795880">
        <ele>166.3</ele>
      </trkpt>
      <trkpt lat="54.411340" lon="-1.794400">
        <ele>174</ele>
      </trkpt>
      <trkpt lat="54.411880" lon="-1.792370">
        <ele>178.7</ele>
      </trkpt>
      <trkpt lat="54.411860" lon="-1.789990">
        <ele>170.3</ele>
      </trkpt>
      <trkpt lat="54.412110" lon="-1.787690">
        <ele>182</ele>
      </trkpt>
      <trkpt lat="54.411590" lon="-1.784380">
        <ele>190</ele>
      </trkpt>
      <trkpt lat="54.410730" lon="-1.783300">
        <ele>177.5</ele>
      </trkpt>
      <trkpt lat="54.410200" lon="-1.781540">
        <ele>193.4</ele>
      </trkpt>
      <trkpt lat="54.409920" lon="-1.781170">
        <ele>192.6</ele>
      </trkpt>
      <trkpt lat="54.409580" lon="-1.780630">
        <ele>193.1</ele>
      </trkpt>
      <trkpt lat="54.409100" lon="-1.779420">
        <ele>204.6</ele>
      </trkpt>
      <trkpt lat="54.408190" lon="-1.778340">
        <ele>197.4</ele>
      </trkpt>
      <trkpt lat="54.407960" lon="-1.776830">
        <ele>199.6</ele>
      </trkpt>
      <trkpt lat="54.407930" lon="-1.774050">
        <ele>203.7</ele>
      </trkpt>
      <trkpt lat="54.408350" lon="-1.769710">
        <ele>214.5</ele>
      </trkpt>
      <trkpt lat="54.409230" lon="-1.762960">
        <ele>195.9</ele>
      </trkpt>
      <trkpt lat="54.408830" lon="-1.756200">
        <ele>177.5</ele>
      </trkpt>
      <trkpt lat="54.408510" lon="-1.752600">
        <ele>170.4</ele>
      </trkpt>
      <trkpt lat="54.407470" lon="-1.748930">
        <ele>158.3</ele>
      </trkpt>
      <trkpt lat="54.404510" lon="-1.744050">
        <ele>136.6</ele>
      </trkpt>
      <trkpt lat="54.403710" lon="-1.743320">
        <ele>135.6</ele>
      </trkpt>
      <trkpt lat="54.403710" lon="-1.739520">
        <ele>132.1</ele>
      </trkpt>
      <trkpt lat="54.403280" lon="-1.739080">
        <ele>131</ele>
      </trkpt>
      <trkpt lat="54.403280" lon="-1.738840">
        <ele>132.8</ele>
      </trkpt>
      <trkpt lat="54.402530" lon="-1.738290">
        <ele>128.3</ele>
      </trkpt>
      <trkpt lat="54.401890" lon="-1.740270">
        <ele>105.8</ele>
      </trkpt>
      <trkpt lat="54.400670" lon="-1.740670">
        <ele>123.2</ele>
      </trkpt>
      <trkpt lat="54.399990" lon="-1.740390">
        <ele>142.4</ele>
      </trkpt>
      <trkpt lat="54.400420" lon="-1.738150">
        <ele>112.4</ele>
      </trkpt>
      <trkpt lat="54.399850" lon="-1.734480">
        <ele>130.5</ele>
      </trkpt>
      <trkpt lat="54.400140" lon="-1.733500">
        <ele>125.7</ele>
      </trkpt>
      <trkpt lat="54.400820" lon="-1.732750">
        <ele>118.8</ele>
      </trkpt>
      <trkpt lat="54.401520" lon="-1.729030">
        <ele>117.7</ele>
      </trkpt>
      <trkpt lat="54.400700" lon="-1.725880">
        <ele>113.5</ele>
      </trkpt>
      <trkpt lat="54.398540" lon="-1.722950">
        <ele>98.6</ele>
      </trkpt>
      <trkpt lat="54.396990" lon="-1.723150">
        <ele>116.5</ele>
      </trkpt>
      <trkpt lat="54.397000" lon="-1.721690">
        <ele>99.7</ele>
      </trkpt>
      <trkpt lat="54.395560" lon="-1.721160">
        <ele>95.5</ele>
      </trkpt>
      <trkpt lat="54.393490" lon="-1.720530">
        <ele>92.5</ele>
      </trkpt>
      <trkpt lat="54.391780" lon="-1.720530">
        <ele>117.8</ele>
      </trkpt>
      <trkpt lat="54.391150" lon="-1.718840">
        <ele>113.4</ele>
      </trkpt>
      <trkpt lat="54.390830" lon="-1.717440">
        <ele>115.9</ele>
      </trkpt>
      <trkpt lat="54.390240" lon="-1.716100">
        <ele>117</ele>
      </trkpt>
      <trkpt lat="54.389560" lon="-1.714780">
        <ele>114.8</ele>
      </trkpt>
      <trkpt lat="54.388560" lon="-1.713910">
        <ele>118.2</ele>
      </trkpt>
      <trkpt lat="54.388710" lon="-1.711590">
        <ele>113.3</ele>
      </trkpt>
      <trkpt lat="54.386580" lon="-1.706110">
        <ele>110.9</ele>
      </trkpt>
      <trkpt lat="54.386890" lon="-1.705290">
        <ele>108.6</ele>
      </trkpt>
      <trkpt lat="54.386830" lon="-1.703280">
        <ele>99.9</ele>
      </trkpt>
      <trkpt lat="54.386390" lon="-1.701530">
        <ele>95.8</ele>
      </trkpt>
      <trkpt lat="54.387180" lon="-1.700860">
        <ele>95.6</ele>
      </trkpt>
      <trkpt lat="54.387470" lon="-1.699340">
        <ele>95</ele>
      </trkpt>
      <trkpt lat="54.387340" lon="-1.697490">
        <ele>94.4</ele>
      </trkpt>
      <trkpt lat="54.387360" lon="-1.696300">
        <ele>93.1</ele>
      </trkpt>
      <trkpt lat="54.386520" lon="-1.695670">
        <ele>93.8</ele>
      </trkpt>
      <trkpt lat="54.387990" lon="-1.688610">
        <ele>84.9</ele>
      </trkpt>
      <trkpt lat="54.390590" lon="-1.689310">
        <ele>85.7</ele>
      </trkpt>
      <trkpt lat="54.391220" lon="-1.685370">
        <ele>86.8</ele>
      </trkpt>
      <trkpt lat="54.391270" lon="-1.680120">
        <ele>87.8</ele>
      </trkpt>
      <trkpt lat="54.390850" lon="-1.676700">
        <ele>89.9</ele>
      </trkpt>
      <trkpt lat="54.389950" lon="-1.674610">
        <ele>86.6</ele>
      </trkpt>
      <trkpt lat="54.389320" lon="-1.673620">
        <ele>86</ele>
      </trkpt>
      <trkpt lat="54.389000" lon="-1.669010">
        <ele>81.3</ele>
      </trkpt>
      <trkpt lat="54.388840" lon="-1.668070">
        <ele>81.3</ele>
      </trkpt>
      <trkpt lat="54.388910" lon="-1.666230">
        <ele>77.9</ele>
      </trkpt>
      <trkpt lat="54.387700" lon="-1.664520">
        <ele>77.9</ele>
      </trkpt>
      <trkpt lat="54.387510" lon="-1.663340">
        <ele>77</ele>
      </trkpt>
      <trkpt lat="54.387300" lon="-1.662640">
        <ele>76.3</ele>
      </trkpt>
      <trkpt lat="54.386970" lon="-1.662180">
        <ele>74.8</ele>
      </trkpt>
      <trkpt lat="54.386890" lon="-1.660310">
        <ele>73.4</ele>
      </trkpt>
      <trkpt lat="54.386910" lon="-1.659120">
        <ele>73.2</ele>
      </trkpt>
      <trkpt lat="54.387010" lon="-1.658150">
        <ele>74.6</ele>
      </trkpt>
      <trkpt lat="54.387460" lon="-1.657330">
        <ele>76.8</ele>
      </trkpt>
      <trkpt lat="54.387710" lon="-1.656470">
        <ele>75.8</ele>
      </trkpt>
      <trkpt lat="54.388670" lon="-1.653210">
        <ele>64.7</ele>
      </trkpt>
      <trkpt lat="54.388230" lon="-1.651890">
        <ele>63.5</ele>
      </trkpt>
      <trkpt lat="54.388520" lon="-1.651030">
        <ele>62.2</ele>
      </trkpt>
      <trkpt lat="54.389450" lon="-1.651750">
        <ele>61.7</ele>
      </trkpt>
      <trkpt lat="54.390250" lon="-1.648710">
        <ele>60.9</ele>
      </trkpt>
      <trkpt lat="54.390270" lon="-1.645150">
        <ele>58.6</ele>
      </trkpt>
      <trkpt lat="54.391450" lon="-1.642240">
        <ele>58.9</ele>
      </trkpt>
      <trkpt lat="54.392630" lon="-1.639890">
        <ele>58.9</ele>
      </trkpt>
      <trkpt lat="54.393380" lon="-1.634550">
        <ele>56</ele>
      </trkpt>
      <trkpt lat="54.392990" lon="-1.632140">
        <ele>55.8</ele>
      </trkpt>
      <trkpt lat="54.392130" lon="-1.630080">
        <ele>55.5</ele>
      </trkpt>
      <trkpt lat="54.391950" lon="-1.628870">
        <ele>56.8</ele>
      </trkpt>
      <trkpt lat="54.391380" lon="-1.627550">
        <ele>56.7</ele>
      </trkpt>
      <trkpt lat="54.391190" lon="-1.626400">
        <ele>54.9</ele>
      </trkpt>
      <trkpt lat="54.391070" lon="-1.625290">
        <ele>55.2</ele>
      </trkpt>
      <trkpt lat="54.391270" lon="-1.623170">
        <ele>57.2</ele>
      </trkpt>
      <trkpt lat="54.388620" lon="-1.624400">
        <ele>56</ele>
      </trkpt>
      <trkpt lat="54.388640" lon="-1.619910">
        <ele>53.3</ele>
      </trkpt>
      <trkpt lat="54.387820" lon="-1.618810">
        <ele>53.4</ele>
      </trkpt>
      <trkpt lat="54.388240" lon="-1.617110">
        <ele>53.4</ele>
      </trkpt>
      <trkpt lat="54.388590" lon="-1.615210">
        <ele>54.2</ele>
      </trkpt>
      <trkpt lat="54.387980" lon="-1.614780">
        <ele>53.7</ele>
      </trkpt>
      <trkpt lat="54.387530" lon="-1.613560">
        <ele>53.1</ele>
      </trkpt>
      <trkpt lat="54.387620" lon="-1.612230">
        <ele>53.7</ele>
      </trkpt>
      <trkpt lat="54.387350" lon="-1.611690">
        <ele>53.8</ele>
      </trkpt>
      <trkpt lat="54.387320" lon="-1.608900">
        <ele>50.7</ele>
      </trkpt>
      <trkpt lat="54.387380" lon="-1.607480">
        <ele>50</ele>
      </trkpt>
      <trkpt lat="54.386840" lon="-1.605290">
        <ele>52.2</ele>
      </trkpt>
      <trkpt lat="54.384760" lon="-1.605510">
        <ele>50.7</ele>
      </trkpt>
      <trkpt lat="54.384050" lon="-1.605240">
        <ele>49.9</ele>
      </trkpt>
      <trkpt lat="54.382890" lon="-1.604420">
        <ele>49.5</ele>
      </trkpt>
      <trkpt lat="54.383230" lon="-1.603540">
        <ele>48.4</ele>
      </trkpt>
      <trkpt lat="54.382070" lon="-1.601570">
        <ele>47</ele>
      </trkpt>
      <trkpt lat="54.381190" lon="-1.600370">
        <ele>47</ele>
      </trkpt>
      <trkpt lat="54.379990" lon="-1.599220">
        <ele>47</ele>
      </trkpt>
      <trkpt lat="54.379350" lon="-1.599660">
        <ele>47.8</ele>
      </trkpt>
      <trkpt lat="54.378850" lon="-1.598220">
        <ele>46.4</ele>
      </trkpt>
      <trkpt lat="54.379920" lon="-1.596500">
        <ele>52.6</ele>
      </trkpt>
      <trkpt lat="54.380200" lon="-1.595090">
        <ele>52.1</ele>
      </trkpt>
      <trkpt lat="54.381730" lon="-1.591180">
        <ele>45.9</ele>
      </trkpt>
      <trkpt lat="54.382000" lon="-1.587690">
        <ele>46.1</ele>
      </trkpt>
      <trkpt lat="54.381700" lon="-1.584790">
        <ele>46.3</ele>
      </trkpt>
      <trkpt lat="54.382170" lon="-1.581940">
        <ele>56.7</ele>
      </trkpt>
      <trkpt lat="54.382820" lon="-1.582310">
        <ele>53.8</ele>
      </trkpt>
      <trkpt lat="54.383020" lon="-1.581780">
        <ele>53.9</ele>
      </trkpt>
      <trkpt lat="54.383410" lon="-1.575040">
        <ele>47.1</ele>
      </trkpt>
      <trkpt lat="54.383680" lon="-1.575050">
        <ele>47.8</ele>
      </trkpt>
      <trkpt lat="54.384010" lon="-1.572620">
        <ele>47.8</ele>
      </trkpt>
      <trkpt lat="54.384940" lon="-1.569250">
        <ele>46.9</ele>
      </trkpt>
      <trkpt lat="54.385100" lon="-1.568440">
        <ele>46.2</ele>
      </trkpt>
      <trkpt lat="54.383250" lon="-1.566570">
        <ele>45</ele>
      </trkpt>
      <trkpt lat="54.382240" lon="-1.564040">
        <ele>47.1</ele>
      </trkpt>
      <trkpt lat="54.381310" lon="-1.561860">
        <ele>48.9</ele>
      </trkpt>
      <trkpt lat="54.380380" lon="-1.559890">
        <ele>47.3</ele>
      </trkpt>
      <trkpt lat="54.379480" lon="-1.556210">
        <ele>43.4</ele>
      </trkpt>
      <trkpt lat="54.380120" lon="-1.555330">
        <ele>44.1</ele>
      </trkpt>
      <trkpt lat="54.380090" lon="-1.553160">
        <ele>45.1</ele>
      </trkpt>
      <trkpt lat="54.380700" lon="-1.550650">
        <ele>44.8</ele>
      </trkpt>
      <trkpt lat="54.380950" lon="-1.548060">
        <ele>44.1</ele>
      </trkpt>
      <trkpt lat="54.382350" lon="-1.544180">
        <ele>44.8</ele>
      </trkpt>
      <trkpt lat="54.382400" lon="-1.543630">
        <ele>43.7</ele>
      </trkpt>
      <trkpt lat="54.383530" lon="-1.540050">
        <ele>41.2</ele>
      </trkpt>
      <trkpt lat="54.383510" lon="-1.539620">
        <ele>41.6</ele>
      </trkpt>
      <trkpt lat="54.383710" lon="-1.538860">
        <ele>42.4</ele>
      </trkpt>
      <trkpt lat="54.383690" lon="-1.538000">
        <ele>42.8</ele>
      </trkpt>
      <trkpt lat="54.383310" lon="-1.536200">
        <ele>42.1</ele>
      </trkpt>
      <trkpt lat="54.383720" lon="-1.534910">
        <ele>43.5</ele>
      </trkpt>
      <trkpt lat="54.384000" lon="-1.533000">
        <ele>44</ele>
      </trkpt>
      <trkpt lat="54.384760" lon="-1.531770">
        <ele>43.4</ele>
      </trkpt>
      <trkpt lat="54.384960" lon="-1.531290">
        <ele>43</ele>
      </trkpt>
      <trkpt lat="54.385220" lon="-1.526860">
        <ele>45.2</ele>
      </trkpt>
      <trkpt lat="54.384550" lon="-1.525730">
        <ele>45.7</ele>
      </trkpt>
      <trkpt lat="54.384660" lon="-1.523950">
        <ele>46.4</ele>
      </trkpt>
      <trkpt lat="54.384670" lon="-1.523930">
        <ele>46.4</ele>
      </trkpt>
      <trkpt lat="54.384470" lon="-1.523120">
        <ele>46.5</ele>
      </trkpt>
      <trkpt lat="54.385000" lon="-1.519180">
        <ele>44</ele>
      </trkpt>
      <trkpt lat="54.384910" lon="-1.514310">
        <ele>42.2</ele>
      </trkpt>
      <trkpt lat="54.384370" lon="-1.509800">
        <ele>40.1</ele>
      </trkpt>
      <trkpt lat="54.383480" lon="-1.507980">
        <ele>40.6</ele>
      </trkpt>
      <trkpt lat="54.383620" lon="-1.504320">
        <ele>42.8</ele>
      </trkpt>
      <trkpt lat="54.383530" lon="-1.498450">
        <ele>39.9</ele>
      </trkpt>
      <trkpt lat="54.384110" lon="-1.496730">
        <ele>43.6</ele>
      </trkpt>
      <trkpt lat="54.383000" lon="-1.493560">
        <ele>50.6</ele>
      </trkpt>
      <trkpt lat="54.382390" lon="-1.491150">
        <ele>49.9</ele>
      </trkpt>
      <trkpt lat="54.382220" lon="-1.486850">
        <ele>43.3</ele>
      </trkpt>
      <trkpt lat="54.381500" lon="-1.485360">
        <ele>42</ele>
      </trkpt>
      <trkpt lat="54.381830" lon="-1.483210">
        <ele>38.9</ele>
      </trkpt>
      <trkpt lat="54.382390" lon="-1.481990">
        <ele>36.8</ele>
      </trkpt>
      <trkpt lat="54.382860" lon="-1.481540">
        <ele>36</ele>
      </trkpt>
      <trkpt lat="54.384220" lon="-1.478120">
        <ele>39.6</ele>
      </trkpt>
      <trkpt lat="54.384590" lon="-1.475920">
        <ele>37</ele>
      </trkpt>
      <trkpt lat="54.384650" lon="-1.471950">
        <ele>42.3</ele>
      </trkpt>
      <trkpt lat="54.383590" lon="-1.469230">
        <ele>48.9</ele>
      </trkpt>
      <trkpt lat="54.382470" lon="-1.466600">
        <ele>54</ele>
      </trkpt>
      <trkpt lat="54.380920" lon="-1.464180">
        <ele>54</ele>
      </trkpt>
      <trkpt lat="54.378060" lon="-1.459350">
        <ele>54.7</ele>
      </trkpt>
      <trkpt lat="54.378640" lon="-1.456420">
        <ele>54</ele>
      </trkpt>
      <trkpt lat="54.379400" lon="-1.456560">
        <ele>54.3</ele>
      </trkpt>
      <trkpt lat="54.379540" lon="-1.456090">
        <ele>54.4</ele>
      </trkpt>
      <trkpt lat="54.382040" lon="-1.446830">
        <ele>62.9</ele>
      </trkpt>
      <trkpt lat="54.383120" lon="-1.446410">
        <ele>64.7</ele>
      </trkpt>
      <trkpt lat="54.383600" lon="-1.446160">
        <ele>63.9</ele>
      </trkpt>
      <trkpt lat="54.385300" lon="-1.445210">
        <ele>58.4</ele>
      </trkpt>
      <trkpt lat="54.386830" lon="-1.445130">
        <ele>58</ele>
      </trkpt>
      <trkpt lat="54.386370" lon="-1.442440">
        <ele>57.6</ele>
      </trkpt>
      <trkpt lat="54.385550" lon="-1.440700">
        <ele>55.6</ele>
      </trkpt>
      <trkpt lat="54.385440" lon="-1.439700">
        <ele>55.4</ele>
      </trkpt>
      <trkpt lat="54.385680" lon="-1.438630">
        <ele>57.2</ele>
      </trkpt>
      <trkpt lat="54.385930" lon="-1.436530">
        <ele>62.5</ele>
      </trkpt>
      <trkpt lat="54.386150" lon="-1.434820">
        <ele>65.3</ele>
      </trkpt>
      <trkpt lat="54.386570" lon="-1.431840">
        <ele>64.7</ele>
      </trkpt>
      <trkpt lat="54.386600" lon="-1.429140">
        <ele>63.9</ele>
      </trkpt>
      <trkpt lat="54.387650" lon="-1.428880">
        <ele>64.4</ele>
      </trkpt>
      <trkpt lat="54.387550" lon="-1.424680">
        <ele>59</ele>
      </trkpt>
      <trkpt lat="54.388500" lon="-1.422880">
        <ele>58.4</ele>
      </trkpt>
      <trkpt lat="54.388690" lon="-1.421610">
        <ele>59</ele>
      </trkpt>
      <trkpt lat="54.388290" lon="-1.420670">
        <ele>58.8</ele>
      </trkpt>
      <trkpt lat="54.388390" lon="-1.418440">
        <ele>55.3</ele>
      </trkpt>
      <trkpt lat="54.388970" lon="-1.417620">
        <ele>55.1</ele>
      </trkpt>
      <trkpt lat="54.390550" lon="-1.410330">
        <ele>57.7</ele>
      </trkpt>
      <trkpt lat="54.390830" lon="-1.408360">
        <ele>58</ele>
      </trkpt>
      <trkpt lat="54.391230" lon="-1.408210">
        <ele>59.5</ele>
      </trkpt>
      <trkpt lat="54.391980" lon="-1.402690">
        <ele>57.5</ele>
      </trkpt>
      <trkpt lat="54.390730" lon="-1.402380">
        <ele>57.7</ele>
      </trkpt>
      <trkpt lat="54.389960" lon="-1.402200">
        <ele>56.7</ele>
      </trkpt>
      <trkpt lat="54.390730" lon="-1.396290">
        <ele>57.8</ele>
      </trkpt>
      <trkpt lat="54.390650" lon="-1.395380">
        <ele>57.6</ele>
      </trkpt>
      <trkpt lat="54.391160" lon="-1.394990">
        <ele>58.8</ele>
      </trkpt>
      <trkpt lat="54.391240" lon="-1.392490">
        <ele>57.5</ele>
      </trkpt>
      <trkpt lat="54.391260" lon="-1.391670">
        <ele>58.5</ele>
      </trkpt>
      <trkpt lat="54.393080" lon="-1.387390">
        <ele>61.4</ele>
      </trkpt>
      <trkpt lat="54.390880" lon="-1.385890">
        <ele>62.9</ele>
      </trkpt>
      <trkpt lat="54.391180" lon="-1.384730">
        <ele>63.9</ele>
      </trkpt>
      <trkpt lat="54.392210" lon="-1.384640">
        <ele>63.4</ele>
      </trkpt>
      <trkpt lat="54.393390" lon="-1.383190">
        <ele>65.1</ele>
      </trkpt>
      <trkpt lat="54.393800" lon="-1.381370">
        <ele>66.4</ele>
      </trkpt>
      <trkpt lat="54.395840" lon="-1.382060">
        <ele>63.5</ele>
      </trkpt>
      <trkpt lat="54.397230" lon="-1.380080">
        <ele>64.3</ele>
      </trkpt>
      <trkpt lat="54.398640" lon="-1.374110">
        <ele>68</ele>
      </trkpt>
      <trkpt lat="54.399340" lon="-1.368710">
        <ele>70.4</ele>
      </trkpt>
      <trkpt lat="54.401180" lon="-1.365250">
        <ele>71.9</ele>
      </trkpt>
      <trkpt lat="54.401750" lon="-1.362690">
        <ele>73</ele>
      </trkpt>
      <trkpt lat="54.402480" lon="-1.360950">
        <ele>74</ele>
      </trkpt>
      <trkpt lat="54.402820" lon="-1.359460">
        <ele>74.4</ele>
      </trkpt>
      <trkpt lat="54.402870" lon="-1.358140">
        <ele>75.6</ele>
      </trkpt>
      <trkpt lat="54.403380" lon="-1.358070">
        <ele>75.9</ele>
      </trkpt>
      <trkpt lat="54.405090" lon="-1.348410">
        <ele>75.9</ele>
      </trkpt>
      <trkpt lat="54.405310" lon="-1.346560">
        <ele>77.1</ele>
      </trkpt>
      <trkpt lat="54.406360" lon="-1.336230">
        <ele>75.3</ele>
      </trkpt>
      <trkpt lat="54.404860" lon="-1.333010">
        <ele>74.4</ele>
      </trkpt>
      <trkpt lat="54.406130" lon="-1.330090">
        <ele>77.6</ele>
      </trkpt>
      <trkpt lat="54.404920" lon="-1.327670">
        <ele>75.8</ele>
      </trkpt>
      <trkpt lat="54.405820" lon="-1.325690">
        <ele>78.9</ele>
      </trkpt>
      <trkpt lat="54.404260" lon="-1.320760">
        <ele>79</ele>
      </trkpt>
      <trkpt lat="54.403660" lon="-1.318470">
        <ele>80.1</ele>
      </trkpt>
      <trkpt lat="54.402590" lon="-1.316400">
        <ele>85.2</ele>
      </trkpt>
      <trkpt lat="54.401350" lon="-1.314410">
        <ele>87.6</ele>
      </trkpt>
      <trkpt lat="54.401300" lon="-1.313710">
        <ele>87.3</ele>
      </trkpt>
      <trkpt lat="54.399330" lon="-1.309260">
        <ele>76.3</ele>
      </trkpt>
      <trkpt lat="54.399100" lon="-1.308740">
        <ele>75.3</ele>
      </trkpt>
      <trkpt lat="54.397630" lon="-1.305920">
        <ele>77.3</ele>
      </trkpt>
      <trkpt lat="54.396500" lon="-1.305030">
        <ele>88.7</ele>
      </trkpt>
      <trkpt lat="54.395870" lon="-1.303700">
        <ele>93.4</ele>
      </trkpt>
      <trkpt lat="54.394140" lon="-1.301880">
        <ele>107.7</ele>
      </trkpt>
      <trkpt lat="54.393330" lon="-1.300440">
        <ele>146.5</ele>
      </trkpt>
      <trkpt lat="54.389830" lon="-1.303200">
        <ele>122.9</ele>
      </trkpt>
      <trkpt lat="54.388120" lon="-1.302660">
        <ele>144</ele>
      </trkpt>
      <trkpt lat="54.386040" lon="-1.303700">
        <ele>154.4</ele>
      </trkpt>
      <trkpt lat="54.384650" lon="-1.303860">
        <ele>171</ele>
      </trkpt>
      <trkpt lat="54.384550" lon="-1.304600">
        <ele>156.2</ele>
      </trkpt>
      <trkpt lat="54.383120" lon="-1.303840">
        <ele>186.7</ele>
      </trkpt>
      <trkpt lat="54.382460" lon="-1.304480">
        <ele>182.1</ele>
      </trkpt>
      <trkpt lat="54.382270" lon="-1.303390">
        <ele>198.3</ele>
      </trkpt>
      <trkpt lat="54.382690" lon="-1.302550">
        <ele>208.6</ele>
      </trkpt>
      <trkpt lat="54.381100" lon="-1.302300">
        <ele>220.1</ele>
      </trkpt>
      <trkpt lat="54.382650" lon="-1.299820">
        <ele>247.3</ele>
      </trkpt>
      <trkpt lat="54.385800" lon="-1.297290">
        <ele>272.7</ele>
      </trkpt>
      <trkpt lat="54.389990" lon="-1.293720">
        <ele>294.1</ele>
      </trkpt>
      <trkpt lat="54.382080" lon="-1.302550">
        <ele>212.2</ele>
      </trkpt>
      <trkpt lat="54.380980" lon="-1.301940">
        <ele>225.8</ele>
      </trkpt>
      <trkpt lat="54.381820" lon="-1.300900">
        <ele>236.7</ele>
      </trkpt>
      <trkpt lat="54.384100" lon="-1.298260">
        <ele>264.9</ele>
      </trkpt>
      <trkpt lat="54.385770" lon="-1.297490">
        <ele>270.9</ele>
      </trkpt>
      <trkpt lat="54.389830" lon="-1.293930">
        <ele>293</ele>
      </trkpt>
      <trkpt lat="54.391250" lon="-1.293680">
        <ele>289.2</ele>
      </trkpt>
      <trkpt lat="54.392650" lon="-1.291540">
        <ele>287.5</ele>
      </trkpt>
      <trkpt lat="54.393460" lon="-1.289020">
        <ele>271.4</ele>
      </trkpt>
      <trkpt lat="54.394420" lon="-1.282400">
        <ele>254.7</ele>
      </trkpt>
      <trkpt lat="54.394610" lon="-1.279960">
        <ele>245.9</ele>
      </trkpt>
      <trkpt lat="54.395960" lon="-1.276650">
        <ele>239.4</ele>
      </trkpt>
      <trkpt lat="54.396360" lon="-1.272430">
        <ele>225.4</ele>
      </trkpt>
      <trkpt lat="54.397780" lon="-1.267370">
        <ele>216.1</ele>
      </trkpt>
      <trkpt lat="54.399060" lon="-1.262370">
        <ele>213.2</ele>
      </trkpt>
      <trkpt lat="54.400940" lon="-1.259540">
        <ele>155</ele>
      </trkpt>
      <trkpt lat="54.401210" lon="-1.259690">
        <ele>149</ele>
      </trkpt>
      <trkpt lat="54.401280" lon="-1.258860">
        <ele>146.1</ele>
      </trkpt>
      <trkpt lat="54.400150" lon="-1.257320">
        <ele>165</ele>
      </trkpt>
      <trkpt lat="54.400140" lon="-1.256380">
        <ele>155.5</ele>
      </trkpt>
      <trkpt lat="54.398060" lon="-1.253920">
        <ele>181.6</ele>
      </trkpt>
      <trkpt lat="54.397940" lon="-1.252160">
        <ele>163.7</ele>
      </trkpt>
      <trkpt lat="54.395660" lon="-1.247770">
        <ele>177.6</ele>
      </trkpt>
      <trkpt lat="54.397180" lon="-1.243890">
        <ele>135.5</ele>
      </trkpt>
      <trkpt lat="54.397300" lon="-1.243030">
        <ele>137.7</ele>
      </trkpt>
      <trkpt lat="54.397640" lon="-1.241780">
        <ele>142.7</ele>
      </trkpt>
      <trkpt lat="54.398020" lon="-1.241920">
        <ele>138</ele>
      </trkpt>
      <trkpt lat="54.398410" lon="-1.242930">
        <ele>134.6</ele>
      </trkpt>
      <trkpt lat="54.399690" lon="-1.242510">
        <ele>141.3</ele>
      </trkpt>
      <trkpt lat="54.400960" lon="-1.240000">
        <ele>154.1</ele>
      </trkpt>
      <trkpt lat="54.402250" lon="-1.240770">
        <ele>160</ele>
      </trkpt>
      <trkpt lat="54.404150" lon="-1.241770">
        <ele>172.8</ele>
      </trkpt>
      <trkpt lat="54.404760" lon="-1.238030">
        <ele>231.2</ele>
      </trkpt>
      <trkpt lat="54.405200" lon="-1.233810">
        <ele>272.1</ele>
      </trkpt>
      <trkpt lat="54.404890" lon="-1.231910">
        <ele>289.2</ele>
      </trkpt>
      <trkpt lat="54.404430" lon="-1.230240">
        <ele>298</ele>
      </trkpt>
      <trkpt lat="54.404510" lon="-1.225910">
        <ele>311.2</ele>
      </trkpt>
      <trkpt lat="54.404460" lon="-1.223850">
        <ele>305.8</ele>
      </trkpt>
      <trkpt lat="54.405270" lon="-1.221340">
        <ele>300</ele>
      </trkpt>
      <trkpt lat="54.405540" lon="-1.217550">
        <ele>289.8</ele>
      </trkpt>
      <trkpt lat="54.406870" lon="-1.211510">
        <ele>319.4</ele>
      </trkpt>
      <trkpt lat="54.407160" lon="-1.209810">
        <ele>334.8</ele>
      </trkpt>
      <trkpt lat="54.407990" lon="-1.208010">
        <ele>351.9</ele>
      </trkpt>
      <trkpt lat="54.411170" lon="-1.205170">
        <ele>368.2</ele>
      </trkpt>
      <trkpt lat="54.413040" lon="-1.203370">
        <ele>374.8</ele>
      </trkpt>
      <trkpt lat="54.415160" lon="-1.202410">
        <ele>387.2</ele>
      </trkpt>
      <trkpt lat="54.416130" lon="-1.201190">
        <ele>399.2</ele>
      </trkpt>
      <trkpt lat="54.416360" lon="-1.199910">
        <ele>395.3</ele>
      </trkpt>
      <trkpt lat="54.416830" lon="-1.199250">
        <ele>379.7</ele>
      </trkpt>
      <trkpt lat="54.416870" lon="-1.197720">
        <ele>350.9</ele>
      </trkpt>
      <trkpt lat="54.418290" lon="-1.197380">
        <ele>330</ele>
      </trkpt>
      <trkpt lat="54.418680" lon="-1.195920">
        <ele>312.4</ele>
      </trkpt>
      <trkpt lat="54.420040" lon="-1.194610">
        <ele>298</ele>
      </trkpt>
      <trkpt lat="54.420950" lon="-1.192030">
        <ele>287.9</ele>
      </trkpt>
      <trkpt lat="54.421030" lon="-1.189130">
        <ele>284.7</ele>
      </trkpt>
      <trkpt lat="54.420800" lon="-1.184510">
        <ele>300.3</ele>
      </trkpt>
      <trkpt lat="54.421670" lon="-1.181170">
        <ele>335.6</ele>
      </trkpt>
      <trkpt lat="54.421960" lon="-1.179800">
        <ele>355.8</ele>
      </trkpt>
      <trkpt lat="54.422670" lon="-1.177180">
        <ele>396.6</ele>
      </trkpt>
      <trkpt lat="54.421680" lon="-1.175620">
        <ele>416.6</ele>
      </trkpt>
      <trkpt lat="54.421130" lon="-1.174530">
        <ele>423.2</ele>
      </trkpt>
      <trkpt lat="54.420840" lon="-1.172450">
        <ele>428.8</ele>
      </trkpt>
      <trkpt lat="54.420970" lon="-1.169470">
        <ele>412.4</ele>
      </trkpt>
      <trkpt lat="54.421100" lon="-1.167450">
        <ele>387.6</ele>
      </trkpt>
      <trkpt lat="54.421760" lon="-1.166010">
        <ele>358.3</ele>
      </trkpt>
      <trkpt lat="54.422520" lon="-1.164520">
        <ele>327</ele>
      </trkpt>
      <trkpt lat="54.423180" lon="-1.161720">
        <ele>310.7</ele>
      </trkpt>
      <trkpt lat="54.422720" lon="-1.159780">
        <ele>309.9</ele>
      </trkpt>
      <trkpt lat="54.422760" lon="-1.157760">
        <ele>320.1</ele>
      </trkpt>
      <trkpt lat="54.423240" lon="-1.155950">
        <ele>348.2</ele>
      </trkpt>
      <trkpt lat="54.423460" lon="-1.152390">
        <ele>387.1</ele>
      </trkpt>
      <trkpt lat="54.423460" lon="-1.150990">
        <ele>379.5</ele>
      </trkpt>
      <trkpt lat="54.423210" lon="-1.148120">
        <ele>344</ele>
      </trkpt>
      <trkpt lat="54.423650" lon="-1.145100">
        <ele>297.6</ele>
      </trkpt>
      <trkpt lat="54.424160" lon="-1.141290">
        <ele>326.7</ele>
      </trkpt>
      <trkpt lat="54.424590" lon="-1.139440">
        <ele>349.1</ele>
      </trkpt>
      <trkpt lat="54.424640" lon="-1.137170">
        <ele>362.1</ele>
      </trkpt>
      <trkpt lat="54.425410" lon="-1.134470">
        <ele>381.3</ele>
      </trkpt>
      <trkpt lat="54.425310" lon="-1.129710">
        <ele>376</ele>
      </trkpt>
      <trkpt lat="54.425550" lon="-1.128270">
        <ele>386.4</ele>
      </trkpt>
      <trkpt lat="54.423820" lon="-1.126060">
        <ele>369.8</ele>
      </trkpt>
      <trkpt lat="54.423220" lon="-1.124960">
        <ele>354.8</ele>
      </trkpt>
      <trkpt lat="54.422880" lon="-1.123060">
        <ele>313.4</ele>
      </trkpt>
      <trkpt lat="54.422890" lon="-1.121660">
        <ele>294.1</ele>
      </trkpt>
      <trkpt lat="54.421810" lon="-1.119600">
        <ele>259.4</ele>
      </trkpt>
      <trkpt lat="54.421800" lon="-1.118380">
        <ele>257.2</ele>
        <extensions>
          <visugpx:TrkExtension xmlns:visugpx="https://www.visugpx.com/editgpx/">
            <visugpx:node>1</visugpx:node>
          </visugpx:TrkExtension>
        </extensions>
      </trkpt>
      <trkpt lat="54.421800" lon="-1.118230">
        <ele>258.3</ele>
      </trkpt>
      <trkpt lat="54.421720" lon="-1.117560">
        <ele>265.6</ele>
      </trkpt>
      <trkpt lat="54.421950" lon="-1.115970">
        <ele>281.2</ele>
      </trkpt>
      <trkpt lat="54.421900" lon="-1.114940">
        <ele>287.8</ele>
      </trkpt>
      <trkpt lat="54.421820" lon="-1.114150">
        <ele>296.4</ele>
      </trkpt>
      <trkpt lat="54.421360" lon="-1.111500">
        <ele>337.3</ele>
      </trkpt>
      <trkpt lat="54.420710" lon="-1.110080">
        <ele>363.5</ele>
      </trkpt>
      <trkpt lat="54.418180" lon="-1.107940">
        <ele>368.7</ele>
      </trkpt>
      <trkpt lat="54.416550" lon="-1.105570">
        <ele>368.9</ele>
      </trkpt>
      <trkpt lat="54.414450" lon="-1.101630">
        <ele>367.9</ele>
      </trkpt>
      <trkpt lat="54.411870" lon="-1.098250">
        <ele>388.9</ele>
      </trkpt>
      <trkpt lat="54.409070" lon="-1.097000">
        <ele>410.3</ele>
      </trkpt>
      <trkpt lat="54.408790" lon="-1.096590">
        <ele>413.3</ele>
      </trkpt>
      <trkpt lat="54.406390" lon="-1.089960">
        <ele>441.1</ele>
      </trkpt>
      <trkpt lat="54.405460" lon="-1.086950">
        <ele>440.9</ele>
      </trkpt>
      <trkpt lat="54.404830" lon="-1.081870">
        <ele>444.5</ele>
      </trkpt>
      <trkpt lat="54.405350" lon="-1.078810">
        <ele>442.8</ele>
      </trkpt>
      <trkpt lat="54.405740" lon="-1.076030">
        <ele>438.8</ele>
      </trkpt>
      <trkpt lat="54.405400" lon="-1.072010">
        <ele>437.5</ele>
      </trkpt>
      <trkpt lat="54.405960" lon="-1.068250">
        <ele>436.5</ele>
      </trkpt>
      <trkpt lat="54.406550" lon="-1.064080">
        <ele>413.3</ele>
      </trkpt>
      <trkpt lat="54.406810" lon="-1.058610">
        <ele>397.5</ele>
      </trkpt>
      <trkpt lat="54.405850" lon="-1.055620">
        <ele>393.4</ele>
      </trkpt>
      <trkpt lat="54.405480" lon="-1.054150">
        <ele>391.2</ele>
      </trkpt>
      <trkpt lat="54.405010" lon="-1.052320">
        <ele>389.5</ele>
      </trkpt>
      <trkpt lat="54.404520" lon="-1.050430">
        <ele>389.3</ele>
      </trkpt>
      <trkpt lat="54.403710" lon="-1.048100">
        <ele>394.6</ele>
      </trkpt>
      <trkpt lat="54.403780" lon="-1.045680">
        <ele>394.1</ele>
      </trkpt>
      <trkpt lat="54.404530" lon="-1.043990">
        <ele>389.5</ele>
      </trkpt>
      <trkpt lat="54.407310" lon="-1.043050">
        <ele>390.6</ele>
      </trkpt>
      <trkpt lat="54.408490" lon="-1.041660">
        <ele>380.6</ele>
      </trkpt>
      <trkpt lat="54.408590" lon="-1.039910">
        <ele>378.3</ele>
      </trkpt>
      <trkpt lat="54.407390" lon="-1.036290">
        <ele>379.4</ele>
      </trkpt>
      <trkpt lat="54.407070" lon="-1.034130">
        <ele>381.4</ele>
      </trkpt>
      <trkpt lat="54.407760" lon="-1.032080">
        <ele>377.6</ele>
      </trkpt>
      <trkpt lat="54.409030" lon="-1.030980">
        <ele>377.2</ele>
      </trkpt>
      <trkpt lat="54.409540" lon="-1.028920">
        <ele>367.3</ele>
      </trkpt>
      <trkpt lat="54.409400" lon="-1.027230">
        <ele>369.2</ele>
      </trkpt>
      <trkpt lat="54.408480" lon="-1.025350">
        <ele>374.4</ele>
      </trkpt>
      <trkpt lat="54.406510" lon="-1.023850">
        <ele>361</ele>
      </trkpt>
      <trkpt lat="54.405740" lon="-1.020130">
        <ele>365.3</ele>
      </trkpt>
      <trkpt lat="54.404700" lon="-1.018320">
        <ele>365.3</ele>
      </trkpt>
      <trkpt lat="54.403140" lon="-1.016960">
        <ele>357.2</ele>
      </trkpt>
      <trkpt lat="54.402740" lon="-1.015270">
        <ele>357.7</ele>
      </trkpt>
      <trkpt lat="54.403270" lon="-1.011150">
        <ele>354.4</ele>
      </trkpt>
      <trkpt lat="54.402980" lon="-1.007780">
        <ele>348.6</ele>
      </trkpt>
      <trkpt lat="54.401290" lon="-1.003040">
        <ele>354.6</ele>
      </trkpt>
      <trkpt lat="54.397640" lon="-0.993510">
        <ele>346.8</ele>
      </trkpt>
      <trkpt lat="54.395420" lon="-0.989960">
        <ele>353.2</ele>
      </trkpt>
      <trkpt lat="54.393140" lon="-0.987540">
        <ele>357.3</ele>
      </trkpt>
      <trkpt lat="54.390470" lon="-0.987570">
        <ele>356.2</ele>
      </trkpt>
      <trkpt lat="54.388770" lon="-0.986160">
        <ele>353</ele>
      </trkpt>
      <trkpt lat="54.388150" lon="-0.984270">
        <ele>356.1</ele>
      </trkpt>
      <trkpt lat="54.387680" lon="-0.979430">
        <ele>357.2</ele>
      </trkpt>
      <trkpt lat="54.386070" lon="-0.975660">
        <ele>366.9</ele>
      </trkpt>
      <trkpt lat="54.386810" lon="-0.972700">
        <ele>363.9</ele>
      </trkpt>
      <trkpt lat="54.389230" lon="-0.971420">
        <ele>367.7</ele>
      </trkpt>
      <trkpt lat="54.390530" lon="-0.969190">
        <ele>362.4</ele>
      </trkpt>
      <trkpt lat="54.390790" lon="-0.966120">
        <ele>361.3</ele>
      </trkpt>
      <trkpt lat="54.389280" lon="-0.962410">
        <ele>366.1</ele>
      </trkpt>
      <trkpt lat="54.388680" lon="-0.961890">
        <ele>365</ele>
      </trkpt>
      <trkpt lat="54.388750" lon="-0.959320">
        <ele>379.9</ele>
      </trkpt>
      <trkpt lat="54.389370" lon="-0.956890">
        <ele>394.2</ele>
      </trkpt>
      <trkpt lat="54.388850" lon="-0.955800">
        <ele>392.5</ele>
      </trkpt>
      <trkpt lat="54.388670" lon="-0.955580">
        <ele>392</ele>
      </trkpt>
      <trkpt lat="54.392560" lon="-0.956620">
        <ele>397.6</ele>
      </trkpt>
      <trkpt lat="54.393410" lon="-0.956810">
        <ele>399.4</ele>
      </trkpt>
      <trkpt lat="54.396400" lon="-0.960120">
        <ele>405</ele>
      </trkpt>
      <trkpt lat="54.398660" lon="-0.961670">
        <ele>406.2</ele>
      </trkpt>
      <trkpt lat="54.402530" lon="-0.961360">
        <ele>411.2</ele>
      </trkpt>
      <trkpt lat="54.402850" lon="-0.961360">
        <ele>412.2</ele>
      </trkpt>
      <trkpt lat="54.403220" lon="-0.961410">
        <ele>413.5</ele>
      </trkpt>
      <trkpt lat="54.404450" lon="-0.961370">
        <ele>415.5</ele>
      </trkpt>
      <trkpt lat="54.405360" lon="-0.961090">
        <ele>416.1</ele>
      </trkpt>
      <trkpt lat="54.406920" lon="-0.960130">
        <ele>416.1</ele>
      </trkpt>
      <trkpt lat="54.408280" lon="-0.958790">
        <ele>414.5</ele>
      </trkpt>
      <trkpt lat="54.408280" lon="-0.958330">
        <ele>411.7</ele>
      </trkpt>
      <trkpt lat="54.408460" lon="-0.957540">
        <ele>410</ele>
      </trkpt>
      <trkpt lat="54.408990" lon="-0.956010">
        <ele>409</ele>
      </trkpt>
      <trkpt lat="54.409100" lon="-0.955480">
        <ele>408.6</ele>
      </trkpt>
      <trkpt lat="54.408690" lon="-0.953180">
        <ele>402.4</ele>
      </trkpt>
      <trkpt lat="54.408560" lon="-0.950520">
        <ele>403.2</ele>
      </trkpt>
      <trkpt lat="54.408560" lon="-0.950240">
        <ele>403.4</ele>
      </trkpt>
      <trkpt lat="54.408500" lon="-0.949900">
        <ele>403.3</ele>
      </trkpt>
      <trkpt lat="54.408130" lon="-0.947890">
        <ele>404.4</ele>
      </trkpt>
      <trkpt lat="54.407320" lon="-0.946960">
        <ele>403.3</ele>
      </trkpt>
      <trkpt lat="54.405360" lon="-0.944520">
        <ele>398.2</ele>
      </trkpt>
      <trkpt lat="54.403390" lon="-0.940440">
        <ele>397.4</ele>
      </trkpt>
      <trkpt lat="54.403550" lon="-0.935660">
        <ele>402.8</ele>
      </trkpt>
      <trkpt lat="54.403380" lon="-0.932420">
        <ele>404.3</ele>
      </trkpt>
      <trkpt lat="54.403280" lon="-0.930820">
        <ele>407</ele>
      </trkpt>
      <trkpt lat="54.404320" lon="-0.927370">
        <ele>416.1</ele>
      </trkpt>
      <trkpt lat="54.405270" lon="-0.925630">
        <ele>418.6</ele>
      </trkpt>
      <trkpt lat="54.406760" lon="-0.924930">
        <ele>423.3</ele>
      </trkpt>
      <trkpt lat="54.407790" lon="-0.923750">
        <ele>423.8</ele>
      </trkpt>
      <trkpt lat="54.407730" lon="-0.922460">
        <ele>422.3</ele>
      </trkpt>
      <trkpt lat="54.408300" lon="-0.918010">
        <ele>409.2</ele>
      </trkpt>
      <trkpt lat="54.407810" lon="-0.914180">
        <ele>397</ele>
      </trkpt>
      <trkpt lat="54.406810" lon="-0.913510">
        <ele>398.6</ele>
      </trkpt>
      <trkpt lat="54.406580" lon="-0.911550">
        <ele>394.4</ele>
      </trkpt>
      <trkpt lat="54.406370" lon="-0.905860">
        <ele>381.9</ele>
      </trkpt>
      <trkpt lat="54.405620" lon="-0.902470">
        <ele>376.9</ele>
      </trkpt>
      <trkpt lat="54.405480" lon="-0.896970">
        <ele>370.9</ele>
      </trkpt>
      <trkpt lat="54.406040" lon="-0.894050">
        <ele>373.5</ele>
      </trkpt>
      <trkpt lat="54.408120" lon="-0.890310">
        <ele>376</ele>
      </trkpt>
      <trkpt lat="54.409460" lon="-0.887070">
        <ele>377.1</ele>
      </trkpt>
      <trkpt lat="54.410970" lon="-0.883880">
        <ele>374.1</ele>
      </trkpt>
      <trkpt lat="54.415110" lon="-0.878180">
        <ele>351.9</ele>
      </trkpt>
      <trkpt lat="54.415830" lon="-0.877060">
        <ele>344.4</ele>
      </trkpt>
      <trkpt lat="54.417850" lon="-0.876660">
        <ele>336.4</ele>
      </trkpt>
      <trkpt lat="54.419690" lon="-0.874700">
        <ele>318.9</ele>
      </trkpt>
      <trkpt lat="54.422190" lon="-0.870250">
        <ele>307.3</ele>
      </trkpt>
      <trkpt lat="54.422710" lon="-0.868030">
        <ele>307.6</ele>
      </trkpt>
      <trkpt lat="54.422880" lon="-0.866660">
        <ele>309.1</ele>
      </trkpt>
      <trkpt lat="54.426010" lon="-0.861260">
        <ele>320.5</ele>
      </trkpt>
      <trkpt lat="54.426920" lon="-0.859840">
        <ele>318.5</ele>
      </trkpt>
      <trkpt lat="54.428560" lon="-0.855380">
        <ele>299.7</ele>
      </trkpt>
      <trkpt lat="54.431770" lon="-0.844790">
        <ele>256.3</ele>
      </trkpt>
      <trkpt lat="54.432460" lon="-0.841280">
        <ele>259.6</ele>
      </trkpt>
      <trkpt lat="54.433050" lon="-0.836710">
        <ele>254</ele>
      </trkpt>
      <trkpt lat="54.433640" lon="-0.831580">
        <ele>244.7</ele>
      </trkpt>
      <trkpt lat="54.434000" lon="-0.825550">
        <ele>229.4</ele>
      </trkpt>
      <trkpt lat="54.434400" lon="-0.821770">
        <ele>226.5</ele>
      </trkpt>
      <trkpt lat="54.435660" lon="-0.820210">
        <ele>231</ele>
      </trkpt>
      <trkpt lat="54.437160" lon="-0.817900">
        <ele>222</ele>
      </trkpt>
      <trkpt lat="54.437870" lon="-0.816520">
        <ele>217</ele>
      </trkpt>
      <trkpt lat="54.438320" lon="-0.815260">
        <ele>209.9</ele>
      </trkpt>
      <trkpt lat="54.438370" lon="-0.813270">
        <ele>194.6</ele>
      </trkpt>
      <trkpt lat="54.438700" lon="-0.812000">
        <ele>186.2</ele>
      </trkpt>
      <trkpt lat="54.439240" lon="-0.810730">
        <ele>178.4</ele>
      </trkpt>
      <trkpt lat="54.439960" lon="-0.809680">
        <ele>173.7</ele>
      </trkpt>
      <trkpt lat="54.441440" lon="-0.808570">
        <ele>165.8</ele>
      </trkpt>
      <trkpt lat="54.440530" lon="-0.807460">
        <ele>156.2</ele>
      </trkpt>
      <trkpt lat="54.439630" lon="-0.807240">
        <ele>150.2</ele>
      </trkpt>
      <trkpt lat="54.438830" lon="-0.806340">
        <ele>134.7</ele>
      </trkpt>
      <trkpt lat="54.438080" lon="-0.806350">
        <ele>126</ele>
      </trkpt>
      <trkpt lat="54.436610" lon="-0.806690">
        <ele>127.7</ele>
      </trkpt>
      <trkpt lat="54.436340" lon="-0.805380">
        <ele>128</ele>
      </trkpt>
      <trkpt lat="54.436200" lon="-0.803250">
        <ele>125.4</ele>
      </trkpt>
      <trkpt lat="54.436260" lon="-0.801450">
        <ele>124.4</ele>
      </trkpt>
      <trkpt lat="54.436820" lon="-0.799450">
        <ele>119.4</ele>
      </trkpt>
      <trkpt lat="54.437100" lon="-0.798010">
        <ele>113.8</ele>
      </trkpt>
      <trkpt lat="54.437420" lon="-0.797300">
        <ele>109.7</ele>
      </trkpt>
      <trkpt lat="54.437650" lon="-0.796580">
        <ele>105.8</ele>
      </trkpt>
      <trkpt lat="54.438880" lon="-0.795090">
        <ele>86.7</ele>
      </trkpt>
      <trkpt lat="54.439010" lon="-0.793540">
        <ele>87.4</ele>
      </trkpt>
      <trkpt lat="54.438540" lon="-0.792990">
        <ele>92.5</ele>
      </trkpt>
      <trkpt lat="54.437420" lon="-0.793130">
        <ele>103.1</ele>
      </trkpt>
      <trkpt lat="54.436310" lon="-0.792280">
        <ele>108.5</ele>
      </trkpt>
      <trkpt lat="54.435350" lon="-0.791550">
        <ele>117.4</ele>
      </trkpt>
      <trkpt lat="54.434790" lon="-0.791130">
        <ele>127.2</ele>
      </trkpt>
      <trkpt lat="54.434090" lon="-0.790320">
        <ele>133</ele>
      </trkpt>
      <trkpt lat="54.433510" lon="-0.789450">
        <ele>151.1</ele>
      </trkpt>
      <trkpt lat="54.433510" lon="-0.786080">
        <ele>134.3</ele>
      </trkpt>
      <trkpt lat="54.433060" lon="-0.785120">
        <ele>134</ele>
      </trkpt>
      <trkpt lat="54.432370" lon="-0.784300">
        <ele>136.9</ele>
      </trkpt>
      <trkpt lat="54.431480" lon="-0.782550">
        <ele>136.3</ele>
      </trkpt>
      <trkpt lat="54.431140" lon="-0.781630">
        <ele>131.1</ele>
      </trkpt>
      <trkpt lat="54.431210" lon="-0.780430">
        <ele>113.6</ele>
      </trkpt>
      <trkpt lat="54.431090" lon="-0.779760">
        <ele>104.2</ele>
      </trkpt>
      <trkpt lat="54.430900" lon="-0.779190">
        <ele>95.5</ele>
      </trkpt>
      <trkpt lat="54.431720" lon="-0.776780">
        <ele>71.3</ele>
      </trkpt>
      <trkpt lat="54.432850" lon="-0.774830">
        <ele>63.5</ele>
      </trkpt>
      <trkpt lat="54.432810" lon="-0.773380">
        <ele>62.1</ele>
      </trkpt>
      <trkpt lat="54.433410" lon="-0.772790">
        <ele>59.1</ele>
      </trkpt>
      <trkpt lat="54.433490" lon="-0.772010">
        <ele>62.1</ele>
      </trkpt>
      <trkpt lat="54.433990" lon="-0.770740">
        <ele>63.2</ele>
      </trkpt>
      <trkpt lat="54.434620" lon="-0.769950">
        <ele>57.6</ele>
      </trkpt>
      <trkpt lat="54.435220" lon="-0.765880">
        <ele>60.2</ele>
      </trkpt>
      <trkpt lat="54.435120" lon="-0.761840">
        <ele>52.2</ele>
      </trkpt>
      <trkpt lat="54.435750" lon="-0.761510">
        <ele>45.4</ele>
      </trkpt>
      <trkpt lat="54.436260" lon="-0.761230">
        <ele>45.8</ele>
      </trkpt>
      <trkpt lat="54.435460" lon="-0.756690">
        <ele>43.8</ele>
      </trkpt>
      <trkpt lat="54.434980" lon="-0.753900">
        <ele>35.9</ele>
      </trkpt>
      <trkpt lat="54.434600" lon="-0.749760">
        <ele>35</ele>
      </trkpt>
      <trkpt lat="54.434210" lon="-0.746890">
        <ele>35.3</ele>
      </trkpt>
      <trkpt lat="54.434180" lon="-0.743850">
        <ele>36.7</ele>
      </trkpt>
      <trkpt lat="54.435400" lon="-0.741270">
        <ele>34.4</ele>
      </trkpt>
      <trkpt lat="54.437530" lon="-0.736900">
        <ele>31.3</ele>
      </trkpt>
      <trkpt lat="54.438300" lon="-0.734750">
        <ele>29.9</ele>
      </trkpt>
      <trkpt lat="54.438790" lon="-0.732140">
        <ele>27.8</ele>
      </trkpt>
      <trkpt lat="54.438380" lon="-0.731370">
        <ele>27.1</ele>
      </trkpt>
      <trkpt lat="54.437750" lon="-0.731130">
        <ele>28.9</ele>
      </trkpt>
      <trkpt lat="54.436750" lon="-0.728620">
        <ele>35.8</ele>
      </trkpt>
      <trkpt lat="54.435890" lon="-0.726670">
        <ele>42.3</ele>
      </trkpt>
      <trkpt lat="54.435830" lon="-0.723760">
        <ele>39.5</ele>
      </trkpt>
      <trkpt lat="54.435760" lon="-0.723400">
        <ele>39.2</ele>
      </trkpt>
      <trkpt lat="54.435670" lon="-0.720600">
        <ele>66</ele>
      </trkpt>
      <trkpt lat="54.435020" lon="-0.718960">
        <ele>92.5</ele>
      </trkpt>
      <trkpt lat="54.435280" lon="-0.717500">
        <ele>112.3</ele>
      </trkpt>
      <trkpt lat="54.434200" lon="-0.713010">
        <ele>151.7</ele>
      </trkpt>
      <trkpt lat="54.435280" lon="-0.705870">
        <ele>203.4</ele>
      </trkpt>
      <trkpt lat="54.434810" lon="-0.701630">
        <ele>230.4</ele>
      </trkpt>
      <trkpt lat="54.433840" lon="-0.698070">
        <ele>249</ele>
      </trkpt>
      <trkpt lat="54.433090" lon="-0.696120">
        <ele>262.5</ele>
      </trkpt>
      <trkpt lat="54.432230" lon="-0.694960">
        <ele>269.8</ele>
      </trkpt>
      <trkpt lat="54.430170" lon="-0.689200">
        <ele>276.3</ele>
      </trkpt>
      <trkpt lat="54.428300" lon="-0.685970">
        <ele>278.6</ele>
      </trkpt>
      <trkpt lat="54.426080" lon="-0.682840">
        <ele>283.4</ele>
      </trkpt>
      <trkpt lat="54.426830" lon="-0.676230">
        <ele>262.6</ele>
      </trkpt>
      <trkpt lat="54.430220" lon="-0.673370">
        <ele>246.6</ele>
      </trkpt>
      <trkpt lat="54.431060" lon="-0.672720">
        <ele>243.3</ele>
      </trkpt>
      <trkpt lat="54.431030" lon="-0.669710">
        <ele>233.3</ele>
      </trkpt>
      <trkpt lat="54.431030" lon="-0.667270">
        <ele>223.7</ele>
      </trkpt>
      <trkpt lat="54.431010" lon="-0.665770">
        <ele>216.7</ele>
      </trkpt>
      <trkpt lat="54.431210" lon="-0.664620">
        <ele>210.5</ele>
      </trkpt>
      <trkpt lat="54.431180" lon="-0.663710">
        <ele>204.1</ele>
      </trkpt>
      <trkpt lat="54.430360" lon="-0.661760">
        <ele>187.3</ele>
      </trkpt>
      <trkpt lat="54.430530" lon="-0.660490">
        <ele>173.8</ele>
      </trkpt>
      <trkpt lat="54.431340" lon="-0.659940">
        <ele>167.2</ele>
      </trkpt>
      <trkpt lat="54.432050" lon="-0.654880">
        <ele>117.9</ele>
      </trkpt>
      <trkpt lat="54.432560" lon="-0.651490">
        <ele>98.9</ele>
      </trkpt>
      <trkpt lat="54.433150" lon="-0.650070">
        <ele>95.4</ele>
      </trkpt>
      <trkpt lat="54.433190" lon="-0.648830">
        <ele>85</ele>
      </trkpt>
      <trkpt lat="54.433330" lon="-0.647580">
        <ele>73</ele>
      </trkpt>
      <trkpt lat="54.432370" lon="-0.646930">
        <ele>73.2</ele>
      </trkpt>
      <trkpt lat="54.431990" lon="-0.646480">
        <ele>81.5</ele>
      </trkpt>
      <trkpt lat="54.432290" lon="-0.646210">
        <ele>74.6</ele>
      </trkpt>
      <trkpt lat="54.432530" lon="-0.646100">
        <ele>69.8</ele>
      </trkpt>
      <trkpt lat="54.431950" lon="-0.645800">
        <ele>81.9</ele>
      </trkpt>
      <trkpt lat="54.431640" lon="-0.645290">
        <ele>87.8</ele>
      </trkpt>
      <trkpt lat="54.431520" lon="-0.644880">
        <ele>88.9</ele>
      </trkpt>
      <trkpt lat="54.431250" lon="-0.644210">
        <ele>88.8</ele>
      </trkpt>
      <trkpt lat="54.431470" lon="-0.643220">
        <ele>79.7</ele>
      </trkpt>
      <trkpt lat="54.431340" lon="-0.642110">
        <ele>83.7</ele>
      </trkpt>
      <trkpt lat="54.431010" lon="-0.641630">
        <ele>85.8</ele>
      </trkpt>
      <trkpt lat="54.430650" lon="-0.640940">
        <ele>91.9</ele>
      </trkpt>
      <trkpt lat="54.429310" lon="-0.640130">
        <ele>100.2</ele>
      </trkpt>
      <trkpt lat="54.428240" lon="-0.638810">
        <ele>106.9</ele>
      </trkpt>
      <trkpt lat="54.427750" lon="-0.638510">
        <ele>107.4</ele>
      </trkpt>
      <trkpt lat="54.426480" lon="-0.637880">
        <ele>112.8</ele>
      </trkpt>
      <trkpt lat="54.425480" lon="-0.637030">
        <ele>125.2</ele>
      </trkpt>
      <trkpt lat="54.424980" lon="-0.636480">
        <ele>129.4</ele>
      </trkpt>
      <trkpt lat="54.424280" lon="-0.636290">
        <ele>131.1</ele>
      </trkpt>
      <trkpt lat="54.423600" lon="-0.636050">
        <ele>129.7</ele>
      </trkpt>
      <trkpt lat="54.423110" lon="-0.635860">
        <ele>127.6</ele>
      </trkpt>
      <trkpt lat="54.421540" lon="-0.634720">
        <ele>119.8</ele>
      </trkpt>
      <trkpt lat="54.420650" lon="-0.634070">
        <ele>124.1</ele>
      </trkpt>
      <trkpt lat="54.419890" lon="-0.633470">
        <ele>125.2</ele>
      </trkpt>
      <trkpt lat="54.418760" lon="-0.632370">
        <ele>136.2</ele>
      </trkpt>
      <trkpt lat="54.418260" lon="-0.632080">
        <ele>141</ele>
      </trkpt>
      <trkpt lat="54.417990" lon="-0.631290">
        <ele>141.4</ele>
      </trkpt>
      <trkpt lat="54.417860" lon="-0.630110">
        <ele>136.5</ele>
      </trkpt>
      <trkpt lat="54.417480" lon="-0.629350">
        <ele>135.1</ele>
      </trkpt>
      <trkpt lat="54.416960" lon="-0.628500">
        <ele>134.3</ele>
      </trkpt>
      <trkpt lat="54.416460" lon="-0.628130">
        <ele>138</ele>
      </trkpt>
      <trkpt lat="54.415310" lon="-0.626840">
        <ele>144.7</ele>
      </trkpt>
      <trkpt lat="54.414180" lon="-0.626630">
        <ele>146.3</ele>
      </trkpt>
      <trkpt lat="54.413070" lon="-0.626710">
        <ele>148.4</ele>
      </trkpt>
      <trkpt lat="54.412770" lon="-0.626760">
        <ele>148.9</ele>
      </trkpt>
      <trkpt lat="54.412180" lon="-0.626960">
        <ele>150.3</ele>
      </trkpt>
      <trkpt lat="54.411090" lon="-0.626880">
        <ele>149.9</ele>
      </trkpt>
      <trkpt lat="54.409780" lon="-0.626100">
        <ele>154.7</ele>
      </trkpt>
      <trkpt lat="54.409510" lon="-0.626270">
        <ele>158.9</ele>
      </trkpt>
      <trkpt lat="54.408990" lon="-0.625970">
        <ele>168.9</ele>
      </trkpt>
      <trkpt lat="54.410570" lon="-0.625870">
        <ele>152.2</ele>
      </trkpt>
      <trkpt lat="54.411830" lon="-0.625560">
        <ele>159.4</ele>
      </trkpt>
      <trkpt lat="54.413820" lon="-0.624560">
        <ele>170.8</ele>
      </trkpt>
      <trkpt lat="54.416030" lon="-0.622560">
        <ele>187.7</ele>
      </trkpt>
      <trkpt lat="54.416940" lon="-0.621450">
        <ele>194.1</ele>
      </trkpt>
      <trkpt lat="54.416630" lon="-0.619690">
        <ele>207.2</ele>
      </trkpt>
      <trkpt lat="54.416630" lon="-0.618890">
        <ele>207.6</ele>
      </trkpt>
      <trkpt lat="54.417680" lon="-0.618660">
        <ele>202.9</ele>
      </trkpt>
      <trkpt lat="54.420730" lon="-0.612950">
        <ele>218.8</ele>
      </trkpt>
      <trkpt lat="54.422440" lon="-0.612220">
        <ele>213.8</ele>
      </trkpt>
      <trkpt lat="54.424230" lon="-0.612460">
        <ele>212</ele>
      </trkpt>
      <trkpt lat="54.423140" lon="-0.610060">
        <ele>209.3</ele>
      </trkpt>
      <trkpt lat="54.422740" lon="-0.607070">
        <ele>207.7</ele>
      </trkpt>
      <trkpt lat="54.423210" lon="-0.603110">
        <ele>208.4</ele>
      </trkpt>
      <trkpt lat="54.424310" lon="-0.601360">
        <ele>207</ele>
      </trkpt>
      <trkpt lat="54.425180" lon="-0.599600">
        <ele>206</ele>
      </trkpt>
      <trkpt lat="54.425870" lon="-0.597980">
        <ele>202.8</ele>
      </trkpt>
      <trkpt lat="54.427020" lon="-0.593530">
        <ele>195.3</ele>
      </trkpt>
      <trkpt lat="54.428210" lon="-0.590470">
        <ele>194.5</ele>
      </trkpt>
      <trkpt lat="54.428340" lon="-0.587910">
        <ele>198.5</ele>
      </trkpt>
      <trkpt lat="54.429840" lon="-0.585440">
        <ele>198.3</ele>
      </trkpt>
      <trkpt lat="54.431430" lon="-0.583540">
        <ele>195.9</ele>
      </trkpt>
      <trkpt lat="54.432270" lon="-0.582340">
        <ele>195.8</ele>
      </trkpt>
      <trkpt lat="54.433210" lon="-0.581410">
        <ele>192.6</ele>
      </trkpt>
      <trkpt lat="54.435060" lon="-0.580630">
        <ele>193.4</ele>
      </trkpt>
      <trkpt lat="54.436410" lon="-0.581980">
        <ele>189.4</ele>
      </trkpt>
      <trkpt lat="54.438840" lon="-0.582360">
        <ele>184.8</ele>
      </trkpt>
      <trkpt lat="54.439890" lon="-0.583980">
        <ele>171.4</ele>
      </trkpt>
      <trkpt lat="54.441000" lon="-0.586480">
        <ele>157.3</ele>
      </trkpt>
      <trkpt lat="54.442640" lon="-0.586920">
        <ele>149</ele>
      </trkpt>
      <trkpt lat="54.443320" lon="-0.587700">
        <ele>143.3</ele>
      </trkpt>
      <trkpt lat="54.445370" lon="-0.589290">
        <ele>128.3</ele>
      </trkpt>
      <trkpt lat="54.446700" lon="-0.589300">
        <ele>120.4</ele>
      </trkpt>
      <trkpt lat="54.446850" lon="-0.588360">
        <ele>123</ele>
      </trkpt>
      <trkpt lat="54.447690" lon="-0.585730">
        <ele>124.8</ele>
      </trkpt>
      <trkpt lat="54.449410" lon="-0.583010">
        <ele>118.2</ele>
      </trkpt>
      <trkpt lat="54.450950" lon="-0.582300">
        <ele>112</ele>
      </trkpt>
      <trkpt lat="54.452540" lon="-0.574090">
        <ele>108.8</ele>
      </trkpt>
      <trkpt lat="54.453250" lon="-0.572350">
        <ele>108.8</ele>
      </trkpt>
      <trkpt lat="54.453720" lon="-0.569820">
        <ele>116.1</ele>
      </trkpt>
      <trkpt lat="54.454260" lon="-0.569440">
        <ele>114.5</ele>
      </trkpt>
      <trkpt lat="54.454630" lon="-0.565110">
        <ele>126.6</ele>
      </trkpt>
      <trkpt lat="54.454980" lon="-0.565080">
        <ele>125.9</ele>
      </trkpt>
      <trkpt lat="54.455050" lon="-0.564040">
        <ele>126.2</ele>
      </trkpt>
      <trkpt lat="54.454950" lon="-0.563360">
        <ele>127.1</ele>
      </trkpt>
      <trkpt lat="54.456840" lon="-0.560150">
        <ele>126.4</ele>
      </trkpt>
      <trkpt lat="54.458180" lon="-0.558960">
        <ele>119.7</ele>
      </trkpt>
      <trkpt lat="54.458500" lon="-0.557910">
        <ele>116.9</ele>
      </trkpt>
      <trkpt lat="54.458180" lon="-0.556310">
        <ele>116.3</ele>
      </trkpt>
      <trkpt lat="54.457720" lon="-0.555710">
        <ele>117.7</ele>
      </trkpt>
      <trkpt lat="54.458100" lon="-0.554760">
        <ele>114.6</ele>
      </trkpt>
      <trkpt lat="54.458050" lon="-0.553510">
        <ele>113.6</ele>
      </trkpt>
      <trkpt lat="54.459830" lon="-0.550540">
        <ele>89.1</ele>
      </trkpt>
      <trkpt lat="54.460840" lon="-0.549250">
        <ele>69.3</ele>
      </trkpt>
      <trkpt lat="54.460880" lon="-0.547690">
        <ele>59.9</ele>
      </trkpt>
      <trkpt lat="54.459380" lon="-0.545780">
        <ele>71</ele>
      </trkpt>
      <trkpt lat="54.458860" lon="-0.543460">
        <ele>73.2</ele>
      </trkpt>
      <trkpt lat="54.457010" lon="-0.540410">
        <ele>74.9</ele>
      </trkpt>
      <trkpt lat="54.454380" lon="-0.538330">
        <ele>91.2</ele>
      </trkpt>
      <trkpt lat="54.452720" lon="-0.535850">
        <ele>89.8</ele>
      </trkpt>
      <trkpt lat="54.450230" lon="-0.533290">
        <ele>89</ele>
      </trkpt>
      <trkpt lat="54.449660" lon="-0.533210">
        <ele>98.1</ele>
      </trkpt>
      <trkpt lat="54.449670" lon="-0.532070">
        <ele>85.9</ele>
      </trkpt>
      <trkpt lat="54.449870" lon="-0.528690">
        <ele>59</ele>
      </trkpt>
      <trkpt lat="54.448910" lon="-0.527010">
        <ele>55.5</ele>
      </trkpt>
      <trkpt lat="54.447960" lon="-0.526160">
        <ele>62.7</ele>
      </trkpt>
      <trkpt lat="54.446670" lon="-0.522270">
        <ele>39.6</ele>
      </trkpt>
      <trkpt lat="54.443650" lon="-0.522120">
        <ele>31.6</ele>
      </trkpt>
      <trkpt lat="54.440910" lon="-0.523570">
        <ele>16.9</ele>
      </trkpt>
      <trkpt lat="54.438960" lon="-0.527020">
        <ele>17.9</ele>
      </trkpt>
      <trkpt lat="54.436170" lon="-0.534200">
        <ele>60.1</ele>
      </trkpt>
      <trkpt lat="54.435710" lon="-0.535710">
        <ele>58.5</ele>
      </trkpt>
      <trkpt lat="54.433550" lon="-0.534540">
        <ele>36.6</ele>
      </trkpt>
      <trkpt lat="54.430230" lon="-0.532700">
        <ele>15.3</ele>
      </trkpt>
      <trkpt lat="54.430040" lon="-0.531950">
        <ele>5.9</ele>
      </trkpt>
      <trkpt lat="54.430570" lon="-0.527200">
        <extensions>
          <visugpx:TrkExtension xmlns:visugpx="https://www.visugpx.com/editgpx/">
            <visugpx:node>1</visugpx:node>
          </visugpx:TrkExtension>
        </extensions>
      </trkpt>
    </trkseg>
  </trk>
  <trk>
    <name><![CDATA[Rosthwaite to Grasmere]]></name>
    <extensions>
      <line xmlns="http://www.topografix.com/GPX/gpx_style/0/2">
        <color>00FFFF</color>
        <opacity>1</opacity>
        <width>4</width>
      </line>
    </extensions>
    <trkseg>
      <trkpt lat="54.468120" lon="-3.040150">
        <ele>104.2</ele>
      </trkpt>
      <trkpt lat="54.466580" lon="-3.039020">
        <ele>90.1</ele>
      </trkpt>
      <trkpt lat="54.465830" lon="-3.035570">
        <ele>88</ele>
      </trkpt>
      <trkpt lat="54.465560" lon="-3.034000">
        <ele>94.4</ele>
      </trkpt>
      <trkpt lat="54.464540" lon="-3.034140">
        <ele>95</ele>
      </trkpt>
      <trkpt lat="54.463390" lon="-3.029910">
        <ele>79.1</ele>
      </trkpt>
      <trkpt lat="54.461670" lon="-3.026310">
        <ele>83.6</ele>
      </trkpt>
      <trkpt lat="54.460960" lon="-3.025740">
        <ele>78.6</ele>
      </trkpt>
      <trkpt lat="54.459820" lon="-3.024430">
        <ele>72</ele>
      </trkpt>
    </trkseg>
  </trk>
  <trk>
    <name><![CDATA[1994-07 Wainwrights Coast to Coast walk_3]]></name>
    <extensions>
      <line xmlns="http://www.topografix.com/GPX/gpx_style/0/2">
        <color>FF0000</color>
        <width>4</width>
      </line>
    </extensions>
    <trkseg>
      <trkpt lat="54.452080" lon="-0.504510">
      </trkpt>
      <trkpt lat="54.452080" lon="-0.504510">
        <extensions>
          <visugpx:TrkExtension xmlns:visugpx="https://www.visugpx.com/editgpx/">
            <visugpx:node>1</visugpx:node>
          </visugpx:TrkExtension>
        </extensions>
      </trkpt>
    </trkseg>
  </trk>
</gpx>
