<?xml version="1.0" encoding="UTF-8"?>
<gpx xmlns="http://www.topografix.com/GPX/1/1" version="1.1" creator="MyGPSFiles" xsi:schemaLocation="http://www.topografix.com/GPX/1/1 http://www.topografix.com/GPX/1/1/gpx.xsd" xmlns:xsi="http://www.w3.org/2001/XMLSchema-instance">
  <trk>
    <name>Northumberland</name>
    <desc>Total: 291.4km</desc>
    <trkseg>
      <trkpt lat="55.1958526929107" lon="-2.68412989502903"/>
      <trkpt lat="55.1958448030774" lon="-2.68409517793157"/>
      <trkpt lat="55.1958252795601" lon="-2.68405235979421"/>
      <trkpt lat="55.195769931531" lon="-2.68399014755642"/>
      <trkpt lat="55.1957521424949" lon="-2.68395849851846"/>
      <trkpt lat="55.1957406847181" lon="-2.68391905639798"/>
      <trkpt lat="55.1957392323718" lon="-2.68385776805749"/>
      <trkpt lat="55.1957465778799" lon="-2.68382952822388"/>
      <trkpt lat="55.1957765019281" lon="-2.68377978792399"/>
      <trkpt lat="55.1959711428551" lon="-2.68367315797022"/>
      <trkpt lat="55.1960707724027" lon="-2.68370478440217"/>
      <trkpt lat="55.1960919868092" lon="-2.68376641185379"/>
      <trkpt lat="55.1961088948199" lon="-2.68379493714293"/>
      <trkpt lat="55.1961294492149" lon="-2.68381419999932"/>
      <trkpt lat="55.1961509462856" lon="-2.68382544851666"/>
      <trkpt lat="55.1961968095007" lon="-2.68381690947076"/>
      <trkpt lat="55.1962248146023" lon="-2.68378902331256"/>
      <trkpt lat="55.1961941246772" lon="-2.68365495860432"/>
      <trkpt lat="55.1962517278076" lon="-2.68347539041909"/>
      <trkpt lat="55.1963343874074" lon="-2.68348937038591"/>
      <trkpt lat="55.1963651481039" lon="-2.68345065089207"/>
      <trkpt lat="55.1963770113426" lon="-2.68341782698877"/>
      <trkpt lat="55.1963843994286" lon="-2.68338181600081"/>
      <trkpt lat="55.1963846463599" lon="-2.68333778254096"/>
      <trkpt lat="55.1963760161035" lon="-2.68327481512492"/>
      <trkpt lat="55.1963779983109" lon="-2.6832418204116"/>
      <trkpt lat="55.1963856150634" lon="-2.68316501328937"/>
      <trkpt lat="55.1964040555585" lon="-2.68308049124049"/>
      <trkpt lat="55.1964195822864" lon="-2.68303516565022"/>
      <trkpt lat="55.1964847226785" lon="-2.68295312517386"/>
      <trkpt lat="55.1965774020558" lon="-2.68276612425509"/>
      <trkpt lat="55.1966163707264" lon="-2.68270552622179"/>
      <trkpt lat="55.1967066823874" lon="-2.68263635092986"/>
      <trkpt lat="55.1967474906554" lon="-2.68256801261756"/>
      <trkpt lat="55.1967847412569" lon="-2.68249326672682"/>
      <trkpt lat="55.1968126665169" lon="-2.68231927419657"/>
      <trkpt lat="55.1968578334265" lon="-2.68227458345353"/>
      <trkpt lat="55.1970122558333" lon="-2.68214679111577"/>
      <trkpt lat="55.1970557514047" lon="-2.68207992257678"/>
      <trkpt lat="55.1971289499115" lon="-2.68200268114599"/>
      <trkpt lat="55.197202817691" lon="-2.68196625014427"/>
      <trkpt lat="55.197312644496" lon="-2.68194144595603"/>
      <trkpt lat="55.1974687382247" lon="-2.68182002616667"/>
      <trkpt lat="55.197635656824" lon="-2.68170656196948"/>
      <trkpt lat="55.1976741755991" lon="-2.68172613140831"/>
      <trkpt lat="55.1977235892588" lon="-2.68172542193075"/>
      <trkpt lat="55.197748846337" lon="-2.68170694202751"/>
      <trkpt lat="55.1978095035558" lon="-2.68162313760914"/>
      <trkpt lat="55.197860924164" lon="-2.68158476817706"/>
      <trkpt lat="55.1979058374451" lon="-2.68158553535369"/>
      <trkpt lat="55.1979614699584" lon="-2.68161316880483"/>
      <trkpt lat="55.1979848779998" lon="-2.6816041129003"/>
      <trkpt lat="55.1980029306019" lon="-2.68158874911338"/>
      <trkpt lat="55.1980338667061" lon="-2.68151855483597"/>
      <trkpt lat="55.1980645391404" lon="-2.68149550288712"/>
      <trkpt lat="55.1981309315854" lon="-2.68151075688626"/>
      <trkpt lat="55.1981776496981" lon="-2.68150999953061"/>
      <trkpt lat="55.1982479533314" lon="-2.681484516928"/>
      <trkpt lat="55.1983670593934" lon="-2.68139069970022"/>
      <trkpt lat="55.1984529033447" lon="-2.68130110554821"/>
      <trkpt lat="55.1984824587029" lon="-2.68131728411008"/>
      <trkpt lat="55.1985120834123" lon="-2.68132089740246"/>
      <trkpt lat="55.198541850996" lon="-2.68131518921193"/>
      <trkpt lat="55.1985607847067" lon="-2.68130294758303"/>
      <trkpt lat="55.1986015053416" lon="-2.68125014685804"/>
      <trkpt lat="55.1987893579683" lon="-2.6813932485047"/>
      <trkpt lat="55.1989029816027" lon="-2.68149259691072"/>
      <trkpt lat="55.1989919364361" lon="-2.6814893230335"/>
      <trkpt lat="55.1990640806684" lon="-2.68160052716975"/>
      <trkpt lat="55.1991118037467" lon="-2.68174123786706"/>
      <trkpt lat="55.1991871560551" lon="-2.68193734279703"/>
      <trkpt lat="55.1992046549354" lon="-2.68202093176674"/>
      <trkpt lat="55.1992170638593" lon="-2.68205093538485"/>
      <trkpt lat="55.1992348716745" lon="-2.68207947755978"/>
      <trkpt lat="55.1992733113569" lon="-2.68211316569623"/>
      <trkpt lat="55.1993925863813" lon="-2.68214979120602"/>
      <trkpt lat="55.1995123487289" lon="-2.68227593086112"/>
      <trkpt lat="55.1995604147976" lon="-2.68235525014146"/>
      <trkpt lat="55.1996918349755" lon="-2.68262939023861"/>
      <trkpt lat="55.1997266212823" lon="-2.68267389790082"/>
      <trkpt lat="55.1997552866441" lon="-2.6826885074227"/>
      <trkpt lat="55.1998873408966" lon="-2.68270501638579"/>
      <trkpt lat="55.199904998171" lon="-2.68276024122091"/>
      <trkpt lat="55.1999246106559" lon="-2.68278726130561"/>
      <trkpt lat="55.1999460983801" lon="-2.68280019279993"/>
      <trkpt lat="55.1999712844873" lon="-2.68279440710843"/>
      <trkpt lat="55.1999929659687" lon="-2.6827727565312"/>
      <trkpt lat="55.2000147795132" lon="-2.68272753278909"/>
      <trkpt lat="55.2000310622367" lon="-2.6827074755304"/>
      <trkpt lat="55.2000978506575" lon="-2.68265201123357"/>
      <trkpt lat="55.2001690695067" lon="-2.68262343603633"/>
      <trkpt lat="55.2002059247394" lon="-2.68261927328236"/>
      <trkpt lat="55.2002561830138" lon="-2.68262803569606"/>
      <trkpt lat="55.2003135579707" lon="-2.6826493549735"/>
      <trkpt lat="55.2003529395201" lon="-2.68267528861349"/>
      <trkpt lat="55.2004208667277" lon="-2.68275339462969"/>
      <trkpt lat="55.200494197654" lon="-2.68281281266277"/>
      <trkpt lat="55.2006223496293" lon="-2.68286837429069"/>
      <trkpt lat="55.2006645239323" lon="-2.68287699874536"/>
      <trkpt lat="55.2007094457003" lon="-2.68287608344046"/>
      <trkpt lat="55.2009343032914" lon="-2.68284379063783"/>
      <trkpt lat="55.2009928828162" lon="-2.68281033583528"/>
      <trkpt lat="55.2010297554602" lon="-2.68280306582664"/>
      <trkpt lat="55.201062165489" lon="-2.68280672974145"/>
      <trkpt lat="55.2012458060603" lon="-2.68289951265821"/>
      <trkpt lat="55.2015491469258" lon="-2.68312932896006"/>
      <trkpt lat="55.2016916908123" lon="-2.68319770547635"/>
      <trkpt lat="55.201744194176" lon="-2.68328669334162"/>
      <trkpt lat="55.2017755192378" lon="-2.68330756662817"/>
      <trkpt lat="55.2018077863784" lon="-2.68332068524654"/>
      <trkpt lat="55.2018903725684" lon="-2.68333155650652"/>
      <trkpt lat="55.2024742793207" lon="-2.68288595426032"/>
      <trkpt lat="55.2029584517575" lon="-2.68244329770584"/>
      <trkpt lat="55.2034549755094" lon="-2.68202441747505"/>
      <trkpt lat="55.2040787793699" lon="-2.68151183649822"/>
      <trkpt lat="55.2046312045444" lon="-2.68107186488152"/>
      <trkpt lat="55.2048044598298" lon="-2.68093348244324"/>
      <trkpt lat="55.20532549748" lon="-2.68048350192163"/>
      <trkpt lat="55.2060097923363" lon="-2.67991541905803"/>
      <trkpt lat="55.2073025269331" lon="-2.67884851134502"/>
      <trkpt lat="55.2077746401921" lon="-2.67847149320729"/>
      <trkpt lat="55.2081015430446" lon="-2.67818165430577"/>
      <trkpt lat="55.210160021254" lon="-2.67643301787441"/>
      <trkpt lat="55.2113120219597" lon="-2.67546729114458"/>
      <trkpt lat="55.2116333805183" lon="-2.67520399850289"/>
      <trkpt lat="55.2129134282875" lon="-2.67414914327994"/>
      <trkpt lat="55.2140649942634" lon="-2.67325869220043"/>
      <trkpt lat="55.214671589678" lon="-2.67276433627053"/>
      <trkpt lat="55.2152639740406" lon="-2.67224005107788"/>
      <trkpt lat="55.2158118281645" lon="-2.67179184480104"/>
      <trkpt lat="55.2161324281166" lon="-2.67150178623542"/>
      <trkpt lat="55.2165652440109" lon="-2.67107845028541"/>
      <trkpt lat="55.2169427439225" lon="-2.67073270495655"/>
      <trkpt lat="55.2180691574229" lon="-2.67000039537081"/>
      <trkpt lat="55.2185501264885" lon="-2.66962487337147"/>
      <trkpt lat="55.2192391460745" lon="-2.66916807822213"/>
      <trkpt lat="55.2196821980134" lon="-2.6688423127977"/>
      <trkpt lat="55.2201680675771" lon="-2.66839141628151"/>
      <trkpt lat="55.2205607656555" lon="-2.66789345797132"/>
      <trkpt lat="55.2213252793591" lon="-2.66711723143623"/>
      <trkpt lat="55.2215803537308" lon="-2.6668149816949"/>
      <trkpt lat="55.2208714645525" lon="-2.6638196618594"/>
      <trkpt lat="55.2200107640744" lon="-2.66032841617473"/>
      <trkpt lat="55.2198840358026" lon="-2.65999143217615"/>
      <trkpt lat="55.2198726591813" lon="-2.65976962743358"/>
      <trkpt lat="55.2198905122018" lon="-2.65862724055055"/>
      <trkpt lat="55.2198811200166" lon="-2.65620330949734"/>
      <trkpt lat="55.2198944976977" lon="-2.654549834861"/>
      <trkpt lat="55.2198942924709" lon="-2.65207265976317"/>
      <trkpt lat="55.2198702077405" lon="-2.65069526733765"/>
      <trkpt lat="55.2198762551149" lon="-2.65006667676147"/>
      <trkpt lat="55.2198637801096" lon="-2.64852916024661"/>
      <trkpt lat="55.219856890047" lon="-2.64830432268336"/>
      <trkpt lat="55.2198671172293" lon="-2.64807030083599"/>
      <trkpt lat="55.2198766010537" lon="-2.64797610630814"/>
      <trkpt lat="55.2198960821746" lon="-2.64786017199749"/>
      <trkpt lat="55.2199209293104" lon="-2.64774886108961"/>
      <trkpt lat="55.2200707723411" lon="-2.64727514190096"/>
      <trkpt lat="55.2201140229407" lon="-2.64709816106096"/>
      <trkpt lat="55.2201371720353" lon="-2.64696802995987"/>
      <trkpt lat="55.2201662931692" lon="-2.64672809270174"/>
      <trkpt lat="55.2202165167999" lon="-2.64640503446607"/>
      <trkpt lat="55.2203360817345" lon="-2.64554084574119"/>
      <trkpt lat="55.220712466781" lon="-2.64454251889313"/>
      <trkpt lat="55.2208838524757" lon="-2.64391658406634"/>
      <trkpt lat="55.2210610483439" lon="-2.64321051283696"/>
      <trkpt lat="55.2210780708566" lon="-2.64304891204084"/>
      <trkpt lat="55.2209373152351" lon="-2.64212555267169"/>
      <trkpt lat="55.2209365916182" lon="-2.64209249203956"/>
      <trkpt lat="55.2209405819062" lon="-2.64201712758235"/>
      <trkpt lat="55.2209638406798" lon="-2.64186495789517"/>
      <trkpt lat="55.2210642702686" lon="-2.64157574398132"/>
      <trkpt lat="55.2211403139779" lon="-2.64129404311483"/>
      <trkpt lat="55.2212948028981" lon="-2.64095709219761"/>
      <trkpt lat="55.2215551887093" lon="-2.64048653425248"/>
      <trkpt lat="55.2216465822851" lon="-2.6403605998198"/>
      <trkpt lat="55.2217477805988" lon="-2.64026644614434"/>
      <trkpt lat="55.2218307021662" lon="-2.64021425034972"/>
      <trkpt lat="55.2220906141196" lon="-2.64000470134001"/>
      <trkpt lat="55.2222621167674" lon="-2.63984868464988"/>
      <trkpt lat="55.2223408837902" lon="-2.63974924346446"/>
      <trkpt lat="55.222444168131" lon="-2.63958279786621"/>
      <trkpt lat="55.2225495614135" lon="-2.63935650797216"/>
      <trkpt lat="55.2226544840806" lon="-2.63906579212279"/>
      <trkpt lat="55.2226819513649" lon="-2.63896721154459"/>
      <trkpt lat="55.2227613171051" lon="-2.6383931471045"/>
      <trkpt lat="55.2229438354625" lon="-2.63664491234876"/>
      <trkpt lat="55.2231304612153" lon="-2.63498317800946"/>
      <trkpt lat="55.2232433626785" lon="-2.63417542694605"/>
      <trkpt lat="55.2233125710364" lon="-2.6334942560331"/>
      <trkpt lat="55.2234714682542" lon="-2.63247660891029"/>
      <trkpt lat="55.2236980533009" lon="-2.63141440321773"/>
      <trkpt lat="55.2238672662158" lon="-2.63169847143797"/>
      <trkpt lat="55.224174041408" lon="-2.63232418193185"/>
      <trkpt lat="55.2248414346397" lon="-2.63358452059012"/>
      <trkpt lat="55.2251218066919" lon="-2.63410303724554"/>
      <trkpt lat="55.2252002079628" lon="-2.63424582575872"/>
      <trkpt lat="55.2254648743941" lon="-2.6346571649854"/>
      <trkpt lat="55.2256136828419" lon="-2.63473497113246"/>
      <trkpt lat="55.2258731820471" lon="-2.63477526646719"/>
      <trkpt lat="55.2259897269641" lon="-2.63482119228344"/>
      <trkpt lat="55.2260998287962" lon="-2.63489682894333"/>
      <trkpt lat="55.2261820927657" lon="-2.63498770590835"/>
      <trkpt lat="55.2262214762275" lon="-2.6350151656924"/>
      <trkpt lat="55.2262672055742" lon="-2.6350315772808"/>
      <trkpt lat="55.2263067053453" lon="-2.6350368724037"/>
      <trkpt lat="55.2263237799163" lon="-2.6350355895517"/>
      <trkpt lat="55.226499457453" lon="-2.63495659717843"/>
      <trkpt lat="55.2269671016121" lon="-2.63487603088303"/>
      <trkpt lat="55.2271444103242" lon="-2.63482856021719"/>
      <trkpt lat="55.2272054763622" lon="-2.63483264381828"/>
      <trkpt lat="55.2273113644706" lon="-2.63485481014343"/>
      <trkpt lat="55.227403795583" lon="-2.63489089115394"/>
      <trkpt lat="55.2274915634783" lon="-2.63494258338364"/>
      <trkpt lat="55.2276221284574" lon="-2.63505626985728"/>
      <trkpt lat="55.2277888029423" lon="-2.63515329207325"/>
      <trkpt lat="55.228222890462" lon="-2.63530642644589"/>
      <trkpt lat="55.2283514728696" lon="-2.6353005689734"/>
      <trkpt lat="55.2284737835927" lon="-2.6352742595749"/>
      <trkpt lat="55.22850879975" lon="-2.63527792733783"/>
      <trkpt lat="55.2285473516795" lon="-2.63529267249557"/>
      <trkpt lat="55.2286163862569" lon="-2.63533628936822"/>
      <trkpt lat="55.2288145003076" lon="-2.63541644667114"/>
      <trkpt lat="55.2291002592163" lon="-2.63558926089198"/>
      <trkpt lat="55.2292500883665" lon="-2.63564350135658"/>
      <trkpt lat="55.2295317572938" lon="-2.63572188248058"/>
      <trkpt lat="55.2297658757855" lon="-2.63580585819737"/>
      <trkpt lat="55.2297822365664" lon="-2.63559689356784"/>
      <trkpt lat="55.2298063196705" lon="-2.63545740330835"/>
      <trkpt lat="55.2299561028389" lon="-2.6353481772336"/>
      <trkpt lat="55.230094159185" lon="-2.63523085662917"/>
      <trkpt lat="55.2302392864131" lon="-2.63515305646249"/>
      <trkpt lat="55.2302952895807" lon="-2.63509418721742"/>
      <trkpt lat="55.2303570102468" lon="-2.63497253732908"/>
      <trkpt lat="55.2303832474824" lon="-2.63493678693772"/>
      <trkpt lat="55.2304130382958" lon="-2.63490887107985"/>
      <trkpt lat="55.2304760718332" lon="-2.63488005856234"/>
      <trkpt lat="55.2305551926707" lon="-2.63488443016873"/>
      <trkpt lat="55.2308299538018" lon="-2.63492652981196"/>
      <trkpt lat="55.2310371904644" lon="-2.63498012963447"/>
      <trkpt lat="55.2311165156621" lon="-2.63492798406148"/>
      <trkpt lat="55.2310877072492" lon="-2.63476716429246"/>
      <trkpt lat="55.2310855198363" lon="-2.63466964288625"/>
      <trkpt lat="55.2310869255215" lon="-2.63457217868883"/>
      <trkpt lat="55.231116381414" lon="-2.63443588201078"/>
      <trkpt lat="55.2311004586866" lon="-2.63421550662282"/>
      <trkpt lat="55.2312034979333" lon="-2.63411175204091"/>
      <trkpt lat="55.2313593390227" lon="-2.63402931748871"/>
      <trkpt lat="55.2313459621097" lon="-2.63418324340901"/>
      <trkpt lat="55.2314171844593" lon="-2.63447995022533"/>
      <trkpt lat="55.2315119661543" lon="-2.6345820564643"/>
      <trkpt lat="55.2316839413103" lon="-2.63467917061627"/>
      <trkpt lat="55.23185307702" lon="-2.63464880557308"/>
      <trkpt lat="55.2318463728736" lon="-2.63455600754667"/>
      <trkpt lat="55.2318502607346" lon="-2.63449941724238"/>
      <trkpt lat="55.2318750044058" lon="-2.63440543421509"/>
      <trkpt lat="55.2319835645894" lon="-2.63425937456698"/>
      <trkpt lat="55.2321763487825" lon="-2.6339999209647"/>
      <trkpt lat="55.2322543094474" lon="-2.63403733090399"/>
      <trkpt lat="55.2323063428883" lon="-2.63405073409266"/>
      <trkpt lat="55.23236381574" lon="-2.63405475836355"/>
      <trkpt lat="55.23241064742" lon="-2.63404928154281"/>
      <trkpt lat="55.2324754532862" lon="-2.63402503224659"/>
      <trkpt lat="55.2327774175163" lon="-2.63384587294153"/>
      <trkpt lat="55.2329736542321" lon="-2.6337688752738"/>
      <trkpt lat="55.2331688467339" lon="-2.63373736464272"/>
      <trkpt lat="55.2333650192362" lon="-2.63369018167935"/>
      <trkpt lat="55.2334809605183" lon="-2.63367944913776"/>
      <trkpt lat="55.2335968937291" lon="-2.63367027307829"/>
      <trkpt lat="55.2336489357125" lon="-2.6336993626062"/>
      <trkpt lat="55.2336875040902" lon="-2.63371099514163"/>
      <trkpt lat="55.2337270273342" lon="-2.63371162355873"/>
      <trkpt lat="55.2337666087205" lon="-2.6337012335668"/>
      <trkpt lat="55.2338432299237" lon="-2.63365059418017"/>
      <trkpt lat="55.233947861698" lon="-2.63356889526406"/>
      <trkpt lat="55.2342629312577" lon="-2.63328777486953"/>
      <trkpt lat="55.2343395945814" lon="-2.63324646858314"/>
      <trkpt lat="55.2343863607271" lon="-2.63323632105903"/>
      <trkpt lat="55.2344519426387" lon="-2.63323567740991"/>
      <trkpt lat="55.2347410528186" lon="-2.63328279578881"/>
      <trkpt lat="55.2348684592235" lon="-2.63331308323747"/>
      <trkpt lat="55.2349198648132" lon="-2.63329185921321"/>
      <trkpt lat="55.2349836822078" lon="-2.63328509440267"/>
      <trkpt lat="55.2350267414158" lon="-2.63329679986887"/>
      <trkpt lat="55.2350697272664" lon="-2.63332263419217"/>
      <trkpt lat="55.2351117421122" lon="-2.63336258629832"/>
      <trkpt lat="55.235166143931" lon="-2.63343890641255"/>
      <trkpt lat="55.2353265330549" lon="-2.63353584072847"/>
      <trkpt lat="55.235391044739" lon="-2.63356824150221"/>
      <trkpt lat="55.2354431364912" lon="-2.63357062478583"/>
      <trkpt lat="55.2355690890176" lon="-2.63355227311642"/>
      <trkpt lat="55.2359517329816" lon="-2.6334057546756"/>
      <trkpt lat="55.235992285322" lon="-2.63338124733804"/>
      <trkpt lat="55.2360283630069" lon="-2.63335355689199"/>
      <trkpt lat="55.2361657718883" lon="-2.63320482410868"/>
      <trkpt lat="55.2361919934007" lon="-2.63317217911875"/>
      <trkpt lat="55.2363545292272" lon="-2.63283818106949"/>
      <trkpt lat="55.2364532945187" lon="-2.63250174349278"/>
      <trkpt lat="55.2364687685553" lon="-2.6324627032759"/>
      <trkpt lat="55.2365078919932" lon="-2.6323846251039"/>
      <trkpt lat="55.2365504768264" lon="-2.63231450982193"/>
      <trkpt lat="55.2365947847516" lon="-2.6322586827858"/>
      <trkpt lat="55.2366444416568" lon="-2.63221072124929"/>
      <trkpt lat="55.2366976265633" lon="-2.63217539092185"/>
      <trkpt lat="55.2367759314995" lon="-2.63214668295944"/>
      <trkpt lat="55.236895400442" lon="-2.63216595117184"/>
      <trkpt lat="55.2369429183058" lon="-2.63218394918801"/>
      <trkpt lat="55.2370010936557" lon="-2.63222584410833"/>
      <trkpt lat="55.2370599556149" lon="-2.63230846114659"/>
      <trkpt lat="55.2370783299042" lon="-2.63240314196519"/>
      <trkpt lat="55.2370951436888" lon="-2.63245215867088"/>
      <trkpt lat="55.2371174785316" lon="-2.63249335480474"/>
      <trkpt lat="55.2371442716821" lon="-2.63252373041653"/>
      <trkpt lat="55.2371756134472" lon="-2.63254302746048"/>
      <trkpt lat="55.2372079092947" lon="-2.63255144990251"/>
      <trkpt lat="55.2372978504847" lon="-2.63253083528842"/>
      <trkpt lat="55.2373293959317" lon="-2.63251085055781"/>
      <trkpt lat="55.2373609897775" lon="-2.63248153041106"/>
      <trkpt lat="55.2373890394917" lon="-2.63244269043684"/>
      <trkpt lat="55.2374327269778" lon="-2.63235054886127"/>
      <trkpt lat="55.2375022169992" lon="-2.63211580627267"/>
      <trkpt lat="55.2375340881759" lon="-2.63203294181536"/>
      <trkpt lat="55.2375558499072" lon="-2.63199400006174"/>
      <trkpt lat="55.2376173231249" lon="-2.63191951469319"/>
      <trkpt lat="55.2380112413679" lon="-2.63167720489056"/>
      <trkpt lat="55.2382074447892" lon="-2.63162378412884"/>
      <trkpt lat="55.2383765230073" lon="-2.6316044211496"/>
      <trkpt lat="55.2384873020159" lon="-2.63154951521811"/>
      <trkpt lat="55.2385835469657" lon="-2.63152588699377"/>
      <trkpt lat="55.2386006215239" lon="-2.63152460071997"/>
      <trkpt lat="55.2389646002923" lon="-2.63168609411976"/>
      <trkpt lat="55.2390907916914" lon="-2.63179506470535"/>
      <trkpt lat="55.2391113620666" lon="-2.63181263604537"/>
      <trkpt lat="55.2392215906654" lon="-2.63203766307056"/>
      <trkpt lat="55.2394455877023" lon="-2.63234164608078"/>
      <trkpt lat="55.2394936532111" lon="-2.63242733827511"/>
      <trkpt lat="55.2395345331844" lon="-2.63251291819625"/>
      <trkpt lat="55.2395601918324" lon="-2.63258878945291"/>
      <trkpt lat="55.2395812605598" lon="-2.63268351920385"/>
      <trkpt lat="55.2395983694948" lon="-2.63284885371719"/>
      <trkpt lat="55.239617887122" lon="-2.63291360523275"/>
      <trkpt lat="55.2396366114098" lon="-2.63294074424873"/>
      <trkpt lat="55.2396769026416" lon="-2.63296653844182"/>
      <trkpt lat="55.2398565312528" lon="-2.63297405937029"/>
      <trkpt lat="55.2399469199412" lon="-2.63288434180829"/>
      <trkpt lat="55.2399703228862" lon="-2.63270227454094"/>
      <trkpt lat="55.2400759877882" lon="-2.63224778761275"/>
      <trkpt lat="55.2400797597019" lon="-2.63221335619721"/>
      <trkpt lat="55.2400772363622" lon="-2.63218025286414"/>
      <trkpt lat="55.2400684251769" lon="-2.63214704821225"/>
      <trkpt lat="55.2400399735236" lon="-2.63209006187678"/>
      <trkpt lat="55.2400159248756" lon="-2.63205026210702"/>
      <trkpt lat="55.2399203227885" lon="-2.63193243646756"/>
      <trkpt lat="55.2398837715964" lon="-2.63187830536237"/>
      <trkpt lat="55.2398529917634" lon="-2.63175048562651"/>
      <trkpt lat="55.2398522234902" lon="-2.63172531912653"/>
      <trkpt lat="55.2398697715607" lon="-2.63163275668589"/>
      <trkpt lat="55.2399106329554" lon="-2.63154847401774"/>
      <trkpt lat="55.2399623147005" lon="-2.63147382836642"/>
      <trkpt lat="55.2400308750769" lon="-2.6314183798723"/>
      <trkpt lat="55.2404702691458" lon="-2.63124134575385"/>
      <trkpt lat="55.2405981410247" lon="-2.63119928486211"/>
      <trkpt lat="55.2410533293747" lon="-2.63109485040674"/>
      <trkpt lat="55.2411315351793" lon="-2.6310850676303"/>
      <trkpt lat="55.2412089075038" lon="-2.63108006832213"/>
      <trkpt lat="55.2413767617581" lon="-2.6311061976782"/>
      <trkpt lat="55.2415176346918" lon="-2.63115562884344"/>
      <trkpt lat="55.2417154915731" lon="-2.63128622791441"/>
      <trkpt lat="55.2418583151817" lon="-2.63130573702499"/>
      <trkpt lat="55.2419265988577" lon="-2.63130370801661"/>
      <trkpt lat="55.241962586718" lon="-2.6312932549796"/>
      <trkpt lat="55.2420158120954" lon="-2.63125001009283"/>
      <trkpt lat="55.2421804184597" lon="-2.63105292207998"/>
      <trkpt lat="55.2422122479077" lon="-2.63097795713044"/>
      <trkpt lat="55.2422393985449" lon="-2.63093909551951"/>
      <trkpt lat="55.2422637653261" lon="-2.63091743793334"/>
      <trkpt lat="55.2422889736377" lon="-2.63090681378694"/>
      <trkpt lat="55.2423195231995" lon="-2.6309057420577"/>
      <trkpt lat="55.2423535919479" lon="-2.63091886022425"/>
      <trkpt lat="55.2424009806402" lon="-2.63096201314702"/>
      <trkpt lat="55.2425284193072" lon="-2.63100345192581"/>
      <trkpt lat="55.2426221802077" lon="-2.63093880274405"/>
      <trkpt lat="55.2427806324745" lon="-2.63088944237981"/>
      <trkpt lat="55.2428855253186" lon="-2.63093039536394"/>
      <trkpt lat="55.2429983289136" lon="-2.63083155314637"/>
      <trkpt lat="55.2430924840652" lon="-2.63088180109347"/>
      <trkpt lat="55.2431786274224" lon="-2.63090041200516"/>
      <trkpt lat="55.2431984135581" lon="-2.63089605731698"/>
      <trkpt lat="55.2432614708542" lon="-2.63086243276023"/>
      <trkpt lat="55.243286752243" lon="-2.63083767497138"/>
      <trkpt lat="55.243304871409" lon="-2.6308081373436"/>
      <trkpt lat="55.2433176099838" lon="-2.63077682692388"/>
      <trkpt lat="55.2433362010647" lon="-2.63065600345935"/>
      <trkpt lat="55.2434085578452" lon="-2.63057856490111"/>
      <trkpt lat="55.2434861908117" lon="-2.63050587756679"/>
      <trkpt lat="55.2435402414018" lon="-2.63047677766109"/>
      <trkpt lat="55.2437733860322" lon="-2.63040188231629"/>
      <trkpt lat="55.2438553957914" lon="-2.63035130908774"/>
      <trkpt lat="55.2439222491119" lon="-2.63027844999073"/>
      <trkpt lat="55.2439702228304" lon="-2.63020840460392"/>
      <trkpt lat="55.2440860050309" lon="-2.63007173956673"/>
      <trkpt lat="55.2441094084275" lon="-2.63006277191978"/>
      <trkpt lat="55.2442163503787" lon="-2.63005499788409"/>
      <trkpt lat="55.2442603162918" lon="-2.6300651583058"/>
      <trkpt lat="55.2443140741221" lon="-2.63009272263421"/>
      <trkpt lat="55.244399084078" lon="-2.63017420984878"/>
      <trkpt lat="55.244558446776" lon="-2.63027904720884"/>
      <trkpt lat="55.2446328969946" lon="-2.63030058516932"/>
      <trkpt lat="55.2446689489319" lon="-2.63029493025314"/>
      <trkpt lat="55.244726567855" lon="-2.63027068436496"/>
      <trkpt lat="55.2447914619909" lon="-2.63022917527675"/>
      <trkpt lat="55.2448393050722" lon="-2.63018441426677"/>
      <trkpt lat="55.24489355854" lon="-2.63011602202375"/>
      <trkpt lat="55.2449600737031" lon="-2.62993461219631"/>
      <trkpt lat="55.244954841633" lon="-2.62973002282308"/>
      <trkpt lat="55.2449427773389" lon="-2.62963075440416"/>
      <trkpt lat="55.2449422435428" lon="-2.62956007052939"/>
      <trkpt lat="55.2449516411248" lon="-2.62947994611438"/>
      <trkpt lat="55.2449673338151" lon="-2.62941574228774"/>
      <trkpt lat="55.2450763740423" lon="-2.62917521884755"/>
      <trkpt lat="55.2451243632032" lon="-2.62910205772501"/>
      <trkpt lat="55.2451516037675" lon="-2.62904581666552"/>
      <trkpt lat="55.2451908361009" lon="-2.62892855593887"/>
      <trkpt lat="55.2452195009128" lon="-2.62877014764376"/>
      <trkpt lat="55.2452703411467" lon="-2.62831796921314"/>
      <trkpt lat="55.2453720491508" lon="-2.62777373786711"/>
      <trkpt lat="55.2454077693981" lon="-2.62764059858155"/>
      <trkpt lat="55.2455833742937" lon="-2.62720775773283"/>
      <trkpt lat="55.2456117547952" lon="-2.62712170649166"/>
      <trkpt lat="55.2456219271039" lon="-2.62706519476575"/>
      <trkpt lat="55.2456249210373" lon="-2.62700701290191"/>
      <trkpt lat="55.2456015548213" lon="-2.62664171583539"/>
      <trkpt lat="55.2456670991636" lon="-2.62614100118447"/>
      <trkpt lat="55.2458363336288" lon="-2.62589829768301"/>
      <trkpt lat="55.2459772212631" lon="-2.62577004880433"/>
      <trkpt lat="55.2460070744961" lon="-2.62572953794554"/>
      <trkpt lat="55.246027045142" lon="-2.62568900079204"/>
      <trkpt lat="55.2460453176336" lon="-2.62562950259973"/>
      <trkpt lat="55.2460656027775" lon="-2.62552762951707"/>
      <trkpt lat="55.2460760323221" lon="-2.62542080274902"/>
      <trkpt lat="55.2460773177444" lon="-2.62534534664776"/>
      <trkpt lat="55.2460543223683" lon="-2.62509962107428"/>
      <trkpt lat="55.2460287322884" lon="-2.62500947734275"/>
      <trkpt lat="55.2460147382448" lon="-2.62493533878595"/>
      <trkpt lat="55.2460062067805" lon="-2.62484714892954"/>
      <trkpt lat="55.2460048051618" lon="-2.62477009365488"/>
      <trkpt lat="55.2460143434893" lon="-2.62466169730583"/>
      <trkpt lat="55.2460289490362" lon="-2.62461627664271"/>
      <trkpt lat="55.2460480137253" lon="-2.62457728186355"/>
      <trkpt lat="55.2460661004542" lon="-2.62455396277452"/>
      <trkpt lat="55.2460868484104" lon="-2.62453703982508"/>
      <trkpt lat="55.2461859152754" lon="-2.62448827470053"/>
      <trkpt lat="55.2462300914621" lon="-2.62445745282302"/>
      <trkpt lat="55.2463277166002" lon="-2.62435679078833"/>
      <trkpt lat="55.2463521546002" lon="-2.6243209925577"/>
      <trkpt lat="55.2463712357952" lon="-2.62427875427961"/>
      <trkpt lat="55.2463867476834" lon="-2.62423179168511"/>
      <trkpt lat="55.2464044261541" lon="-2.62411262784489"/>
      <trkpt lat="55.2463179675809" lon="-2.62362832360234"/>
      <trkpt lat="55.2463222149573" lon="-2.62314868202988"/>
      <trkpt lat="55.2461442254075" lon="-2.62245065500786"/>
      <trkpt lat="55.2461431834852" lon="-2.62230279711239"/>
      <trkpt lat="55.2461526151296" lon="-2.62221488811259"/>
      <trkpt lat="55.2461655036553" lon="-2.62215374849846"/>
      <trkpt lat="55.2461846799957" lon="-2.62209270703489"/>
      <trkpt lat="55.2462391776591" lon="-2.62197554433199"/>
      <trkpt lat="55.2462718364201" lon="-2.62193053483812"/>
      <trkpt lat="55.2463539955485" lon="-2.62184998623155"/>
      <trkpt lat="55.2465057855488" lon="-2.62167935422385"/>
      <trkpt lat="55.2466276212626" lon="-2.62141072892628"/>
      <trkpt lat="55.2467637304626" lon="-2.62114388016834"/>
      <trkpt lat="55.2468534194181" lon="-2.62099587881806"/>
      <trkpt lat="55.246916716482" lon="-2.6209322801393"/>
      <trkpt lat="55.2469718783667" lon="-2.62086077482558"/>
      <trkpt lat="55.2470316678609" lon="-2.62076262541568"/>
      <trkpt lat="55.2470998463257" lon="-2.62060481969765"/>
      <trkpt lat="55.2471569891107" lon="-2.62049716094413"/>
      <trkpt lat="55.2471724909984" lon="-2.62045188042561"/>
      <trkpt lat="55.2472151811115" lon="-2.6202008206589"/>
      <trkpt lat="55.2472228544442" lon="-2.62010496964018"/>
      <trkpt lat="55.2472307978883" lon="-2.619425655351"/>
      <trkpt lat="55.2472205152317" lon="-2.61824740261403"/>
      <trkpt lat="55.2472300896941" lon="-2.61814846947599"/>
      <trkpt lat="55.2472314429154" lon="-2.61805874568204"/>
      <trkpt lat="55.2472230260476" lon="-2.61794695319421"/>
      <trkpt lat="55.2472019198748" lon="-2.61783963237816"/>
      <trkpt lat="55.247167452869" lon="-2.61772743605064"/>
      <trkpt lat="55.2471310622354" lon="-2.61764037053146"/>
      <trkpt lat="55.2470829698218" lon="-2.61755779218255"/>
      <trkpt lat="55.2469866484086" lon="-2.61759727962982"/>
      <trkpt lat="55.2468710706217" lon="-2.61769612565948"/>
      <trkpt lat="55.2468424700661" lon="-2.61766740912419"/>
      <trkpt lat="55.2468264843529" lon="-2.61763097963944"/>
      <trkpt lat="55.2468159122636" lon="-2.61758983360076"/>
      <trkpt lat="55.2468125258756" lon="-2.61754892953338"/>
      <trkpt lat="55.2468163422589" lon="-2.61750489536466"/>
      <trkpt lat="55.2468255157965" lon="-2.61746729877647"/>
      <trkpt lat="55.2468373369721" lon="-2.61743921054758"/>
      <trkpt lat="55.2469087530401" lon="-2.61735070242312"/>
      <trkpt lat="55.246934273211" lon="-2.61729598149372"/>
      <trkpt lat="55.2469534550276" lon="-2.6172333795051"/>
      <trkpt lat="55.2469618414921" lon="-2.61717372457019"/>
      <trkpt lat="55.2469621518129" lon="-2.61711238573819"/>
      <trkpt lat="55.2469552766168" lon="-2.61705093717275"/>
      <trkpt lat="55.2469411983716" lon="-2.61699248985768"/>
      <trkpt lat="55.2469207846126" lon="-2.61694354080147"/>
      <trkpt lat="55.2468778891535" lon="-2.61688140396934"/>
      <trkpt lat="55.2466220580162" lon="-2.61666514627863"/>
      <trkpt lat="55.2464447870913" lon="-2.61635102582672"/>
      <trkpt lat="55.2464704632955" lon="-2.61624754444097"/>
      <trkpt lat="55.246476219057" lon="-2.61617526775079"/>
      <trkpt lat="55.2464684996344" lon="-2.61610278420397"/>
      <trkpt lat="55.24645619375" lon="-2.61604916268072"/>
      <trkpt lat="55.2464419967393" lon="-2.61601431745792"/>
      <trkpt lat="55.2462941786907" lon="-2.61575564313903"/>
      <trkpt lat="55.2462316311323" lon="-2.61567128826649"/>
      <trkpt lat="55.246158362623" lon="-2.61559312400594"/>
      <trkpt lat="55.2460787104391" lon="-2.61553366359225"/>
      <trkpt lat="55.2459379496391" lon="-2.61546081157244"/>
      <trkpt lat="55.2458475900204" lon="-2.61538705096961"/>
      <trkpt lat="55.2457931456501" lon="-2.61531695972337"/>
      <trkpt lat="55.2457512597156" lon="-2.61525030272801"/>
      <trkpt lat="55.2457228087373" lon="-2.61519163587777"/>
      <trkpt lat="55.2456846983509" lon="-2.61508885686326"/>
      <trkpt lat="55.2456501319888" lon="-2.61497822283656"/>
      <trkpt lat="55.2456301851824" lon="-2.61483629923636"/>
      <trkpt lat="55.2456307001708" lon="-2.6147341168401"/>
      <trkpt lat="55.2456509144424" lon="-2.6146446891477"/>
      <trkpt lat="55.2456681876851" lon="-2.61460410527483"/>
      <trkpt lat="55.2459081314892" lon="-2.61424767296891"/>
      <trkpt lat="55.24620815963" lon="-2.61373316892376"/>
      <trkpt lat="55.2464664095707" lon="-2.61313008769134"/>
      <trkpt lat="55.2468298275671" lon="-2.61215576417604"/>
      <trkpt lat="55.2469187652831" lon="-2.61197621773702"/>
      <trkpt lat="55.2470112440043" lon="-2.61182499488606"/>
      <trkpt lat="55.2470394133518" lon="-2.61176097256633"/>
      <trkpt lat="55.2470567409099" lon="-2.61170936386489"/>
      <trkpt lat="55.247085265193" lon="-2.61157453721135"/>
      <trkpt lat="55.2471343947086" lon="-2.61145104966158"/>
      <trkpt lat="55.2472924370008" lon="-2.61148174887988"/>
      <trkpt lat="55.2474760922384" lon="-2.6115820946563"/>
      <trkpt lat="55.2475199180643" lon="-2.61162050694874"/>
      <trkpt lat="55.2475600885091" lon="-2.61167144354817"/>
      <trkpt lat="55.2475931218383" lon="-2.61173018095648"/>
      <trkpt lat="55.2476532017562" lon="-2.6119308261539"/>
      <trkpt lat="55.2476869261193" lon="-2.61201317810146"/>
      <trkpt lat="55.2477683074794" lon="-2.61262319443184"/>
      <trkpt lat="55.2477890972257" lon="-2.61295539164111"/>
      <trkpt lat="55.2478157578158" lon="-2.61319170936339"/>
      <trkpt lat="55.2478540951416" lon="-2.61342820722357"/>
      <trkpt lat="55.2480237435463" lon="-2.61418743810427"/>
      <trkpt lat="55.2481742013516" lon="-2.6148142221609"/>
      <trkpt lat="55.2482494481163" lon="-2.61523065723605"/>
      <trkpt lat="55.2482641474664" lon="-2.61534410630584"/>
      <trkpt lat="55.2482757790923" lon="-2.61553143115668"/>
      <trkpt lat="55.2482747897809" lon="-2.61626132228338"/>
      <trkpt lat="55.2482676830145" lon="-2.61677868336853"/>
      <trkpt lat="55.2483057488126" lon="-2.61742267450582"/>
      <trkpt lat="55.2483092286613" lon="-2.6176224543849"/>
      <trkpt lat="55.2486681870406" lon="-2.61877788102061"/>
      <trkpt lat="55.2487335256932" lon="-2.61900222841638"/>
      <trkpt lat="55.248835674113" lon="-2.6194254507758"/>
      <trkpt lat="55.2489362493977" lon="-2.61996343054295"/>
      <trkpt lat="55.248993828632" lon="-2.62012320238287"/>
      <trkpt lat="55.2490415519238" lon="-2.62027802198979"/>
      <trkpt lat="55.2490811577991" lon="-2.62043907201692"/>
      <trkpt lat="55.2491162415285" lon="-2.62062365477304"/>
      <trkpt lat="55.2491498490395" lon="-2.62090418995197"/>
      <trkpt lat="55.2491494445983" lon="-2.62168909718323"/>
      <trkpt lat="55.2491562541884" lon="-2.62176312982487"/>
      <trkpt lat="55.2491833465387" lon="-2.62191140554221"/>
      <trkpt lat="55.2492788264501" lon="-2.62221340030566"/>
      <trkpt lat="55.2493878197881" lon="-2.62268382234433"/>
      <trkpt lat="55.2494381061866" lon="-2.62288122718954"/>
      <trkpt lat="55.2494555495304" lon="-2.62298383078339"/>
      <trkpt lat="55.2494683882417" lon="-2.62310827924448"/>
      <trkpt lat="55.2494758224922" lon="-2.62323575779556"/>
      <trkpt lat="55.2494619093145" lon="-2.62367287414328"/>
      <trkpt lat="55.2494690126788" lon="-2.62386493556435"/>
      <trkpt lat="55.2494948177834" lon="-2.62408867642494"/>
      <trkpt lat="55.249567034834" lon="-2.62437137970322"/>
      <trkpt lat="55.2497911744393" lon="-2.62517706913879"/>
      <trkpt lat="55.2498685282026" lon="-2.62550862108096"/>
      <trkpt lat="55.2501549969306" lon="-2.62642074902941"/>
      <trkpt lat="55.2503470188506" lon="-2.62700585725689"/>
      <trkpt lat="55.2505727662234" lon="-2.62765285193277"/>
      <trkpt lat="55.2507104680103" lon="-2.62796954364222"/>
      <trkpt lat="55.2511171361881" lon="-2.62908658993544"/>
      <trkpt lat="55.251317233238" lon="-2.62949714444314"/>
      <trkpt lat="55.2513893833081" lon="-2.62961631394803"/>
      <trkpt lat="55.2514866354272" lon="-2.62974522030097"/>
      <trkpt lat="55.2517689669712" lon="-2.63006123237629"/>
      <trkpt lat="55.2518886199129" lon="-2.63021877066159"/>
      <trkpt lat="55.2520009957936" lon="-2.63037632370558"/>
      <trkpt lat="55.252253138153" lon="-2.63079718705065"/>
      <trkpt lat="55.2524552852755" lon="-2.63114021907997"/>
      <trkpt lat="55.252737384611" lon="-2.63150021623111"/>
      <trkpt lat="55.2531717330986" lon="-2.63214111874643"/>
      <trkpt lat="55.2533627047157" lon="-2.63238631635863"/>
      <trkpt lat="55.2533288246331" lon="-2.63251016871698"/>
      <trkpt lat="55.2536018889935" lon="-2.63305254146616"/>
      <trkpt lat="55.2540072891427" lon="-2.63371337949955"/>
      <trkpt lat="55.254418392129" lon="-2.6345033836001"/>
      <trkpt lat="55.2545410010734" lon="-2.63476489308007"/>
      <trkpt lat="55.2550860902317" lon="-2.63604478569488"/>
      <trkpt lat="55.2552059689614" lon="-2.63631261671961"/>
      <trkpt lat="55.2557760065041" lon="-2.63780049826704"/>
      <trkpt lat="55.2559054981479" lon="-2.63811882221817"/>
      <trkpt lat="55.2559734861835" lon="-2.63836222442918"/>
      <trkpt lat="55.256023435281" lon="-2.63860222462798"/>
      <trkpt lat="55.2561282277918" lon="-2.63900499281537"/>
      <trkpt lat="55.2562161309167" lon="-2.6395618577989"/>
      <trkpt lat="55.2563261026576" lon="-2.64000414818392"/>
      <trkpt lat="55.2563561068719" lon="-2.64010684867592"/>
      <trkpt lat="55.2564631774068" lon="-2.64041691201995"/>
      <trkpt lat="55.2567968307242" lon="-2.64121837051003"/>
      <trkpt lat="55.2571494637967" lon="-2.64201392283218"/>
      <trkpt lat="55.2575005295784" lon="-2.64274797485104"/>
      <trkpt lat="55.2577149193157" lon="-2.64314800016799"/>
      <trkpt lat="55.2578870144401" lon="-2.64357873920568"/>
      <trkpt lat="55.2582181093758" lon="-2.64435024509423"/>
      <trkpt lat="55.2583775507286" lon="-2.64460773491887"/>
      <trkpt lat="55.2585791659217" lon="-2.64489107744397"/>
      <trkpt lat="55.258989199733" lon="-2.64551288569009"/>
      <trkpt lat="55.2593917843523" lon="-2.64620074777138"/>
      <trkpt lat="55.2598171063592" lon="-2.64681815914312"/>
      <trkpt lat="55.2599012925731" lon="-2.6468666195603"/>
      <trkpt lat="55.2600438241356" lon="-2.64677137755112"/>
      <trkpt lat="55.2600488115918" lon="-2.6463388062631"/>
      <trkpt lat="55.2600708098872" lon="-2.64540769690056"/>
      <trkpt lat="55.2603637454199" lon="-2.64404987277681"/>
      <trkpt lat="55.2606048683598" lon="-2.64280444989914"/>
      <trkpt lat="55.2608478979557" lon="-2.64168955241559"/>
      <trkpt lat="55.2609856070108" lon="-2.64097278810283"/>
      <trkpt lat="55.2607173876968" lon="-2.64071198780642"/>
      <trkpt lat="55.260802686748" lon="-2.64020662308338"/>
      <trkpt lat="55.260975501654" lon="-2.6396460992578"/>
      <trkpt lat="55.2611277868407" lon="-2.63904281695097"/>
      <trkpt lat="55.2611420583919" lon="-2.6383758221731"/>
      <trkpt lat="55.2611159402515" lon="-2.63787346270639"/>
      <trkpt lat="55.261125132099" lon="-2.63748972719576"/>
      <trkpt lat="55.2611198123577" lon="-2.63713248322214"/>
      <trkpt lat="55.2611189965278" lon="-2.63591141287882"/>
      <trkpt lat="55.2611197997514" lon="-2.63575730209262"/>
      <trkpt lat="55.2611297494613" lon="-2.63557181114053"/>
      <trkpt lat="55.2611414965976" lon="-2.63538621818606"/>
      <trkpt lat="55.2611857759407" lon="-2.63516352229078"/>
      <trkpt lat="55.2612175204565" lon="-2.63493271295842"/>
      <trkpt lat="55.2612358944674" lon="-2.63485438700764"/>
      <trkpt lat="55.2613631837213" lon="-2.63440636643231"/>
      <trkpt lat="55.2613753392723" lon="-2.63379602641042"/>
      <trkpt lat="55.2613739033733" lon="-2.63338059178503"/>
      <trkpt lat="55.2614455596413" lon="-2.6332479756759"/>
      <trkpt lat="55.2614756267187" lon="-2.63316672048101"/>
      <trkpt lat="55.261508690411" lon="-2.633027131508"/>
      <trkpt lat="55.2615207924457" lon="-2.6329455903975"/>
      <trkpt lat="55.2615284025234" lon="-2.63286384880414"/>
      <trkpt lat="55.2615508215973" lon="-2.63200509605028"/>
      <trkpt lat="55.2615995169066" lon="-2.63094527904557"/>
      <trkpt lat="55.2616379240712" lon="-2.63029292707345"/>
      <trkpt lat="55.2620087419377" lon="-2.62808327859545"/>
      <trkpt lat="55.2622208999994" lon="-2.62665626744086"/>
      <trkpt lat="55.2626874706727" lon="-2.62680048788684"/>
      <trkpt lat="55.2630359387245" lon="-2.62683438675528"/>
      <trkpt lat="55.2633162773348" lon="-2.62684035894081"/>
      <trkpt lat="55.2636239192326" lon="-2.62677747820359"/>
      <trkpt lat="55.2640466184099" lon="-2.62670070823972"/>
      <trkpt lat="55.2643766586792" lon="-2.62647469919478"/>
      <trkpt lat="55.2645420017483" lon="-2.62630733557471"/>
      <trkpt lat="55.2650538341352" lon="-2.6265419258349"/>
      <trkpt lat="55.2658649334565" lon="-2.62696223745469"/>
      <trkpt lat="55.2661605416067" lon="-2.62714322407941"/>
      <trkpt lat="55.266352203804" lon="-2.62727366035002"/>
      <trkpt lat="55.2668513931555" lon="-2.62752079002156"/>
      <trkpt lat="55.2671201752647" lon="-2.62767761800923"/>
      <trkpt lat="55.2673925095779" lon="-2.62784241999389"/>
      <trkpt lat="55.2679325882741" lon="-2.62819089993281"/>
      <trkpt lat="55.268067450075" lon="-2.62782010764519"/>
      <trkpt lat="55.2682819969831" lon="-2.62716873703618"/>
      <trkpt lat="55.268464672649" lon="-2.62658303307622"/>
      <trkpt lat="55.2688353848113" lon="-2.62560840817693"/>
      <trkpt lat="55.2689905252203" lon="-2.62515292501847"/>
      <trkpt lat="55.269298606374" lon="-2.62447781672248"/>
      <trkpt lat="55.2694139207117" lon="-2.62406257431044"/>
      <trkpt lat="55.2695418831975" lon="-2.62365064227418"/>
      <trkpt lat="55.2697611674973" lon="-2.623281141939"/>
      <trkpt lat="55.2699676413768" lon="-2.62315058932186"/>
      <trkpt lat="55.2701526437819" lon="-2.62317865952464"/>
      <trkpt lat="55.2705092290496" lon="-2.62320630382322"/>
      <trkpt lat="55.2707857736983" lon="-2.62325151065047"/>
      <trkpt lat="55.2712178055519" lon="-2.62328189426875"/>
      <trkpt lat="55.2713077675491" lon="-2.62325657090879"/>
      <trkpt lat="55.2714489322116" lon="-2.6232493085186"/>
      <trkpt lat="55.271720912195" lon="-2.62330872049403"/>
      <trkpt lat="55.2719642364683" lon="-2.62333290584882"/>
      <trkpt lat="55.2720431913509" lon="-2.62301789255332"/>
      <trkpt lat="55.2721260743352" lon="-2.62279559719776"/>
      <trkpt lat="55.272376563912" lon="-2.62248949435625"/>
      <trkpt lat="55.2725905907384" lon="-2.62226937740356"/>
      <trkpt lat="55.2728476543551" lon="-2.62225925062003"/>
      <trkpt lat="55.2730132159298" lon="-2.62222407584762"/>
      <trkpt lat="55.2730583461614" lon="-2.62218221567521"/>
      <trkpt lat="55.2730873234756" lon="-2.62213698959898"/>
      <trkpt lat="55.2731082397608" lon="-2.62208696438226"/>
      <trkpt lat="55.2731219626572" lon="-2.62203838487938"/>
      <trkpt lat="55.2731452534097" lon="-2.62187510367749"/>
      <trkpt lat="55.2731836859112" lon="-2.62173723737497"/>
      <trkpt lat="55.2732400917729" lon="-2.6215979627119"/>
      <trkpt lat="55.2733344979268" lon="-2.62142320441277"/>
      <trkpt lat="55.273407288284" lon="-2.62124174901839"/>
      <trkpt lat="55.2736576918837" lon="-2.62059873093429"/>
      <trkpt lat="55.2737625600959" lon="-2.62029189088667"/>
      <trkpt lat="55.2738532180681" lon="-2.62012952685881"/>
      <trkpt lat="55.2740128357431" lon="-2.62002663607756"/>
      <trkpt lat="55.2742306855781" lon="-2.61977813333048"/>
      <trkpt lat="55.2743275100756" lon="-2.61963961231278"/>
      <trkpt lat="55.2744225705717" lon="-2.61949470419617"/>
      <trkpt lat="55.2745241901083" lon="-2.61929642852143"/>
      <trkpt lat="55.2746259077393" lon="-2.61909646602825"/>
      <trkpt lat="55.274729538679" lon="-2.61885565200174"/>
      <trkpt lat="55.2747876257747" lon="-2.61873858766373"/>
      <trkpt lat="55.2748493876457" lon="-2.61862300617798"/>
      <trkpt lat="55.2749887563311" lon="-2.61842064117518"/>
      <trkpt lat="55.2750932418413" lon="-2.61836555128339"/>
      <trkpt lat="55.275208435875" lon="-2.61834216480264"/>
      <trkpt lat="55.2753000905056" lon="-2.61833723000175"/>
      <trkpt lat="55.2753325155083" lon="-2.61832047298777"/>
      <trkpt lat="55.2753631914893" lon="-2.61829421463122"/>
      <trkpt lat="55.2756372154583" lon="-2.61795052891965"/>
      <trkpt lat="55.2759033047548" lon="-2.61757699380723"/>
      <trkpt lat="55.276069992539" lon="-2.61747873993066"/>
      <trkpt lat="55.2761449246948" lon="-2.61742331809748"/>
      <trkpt lat="55.2762866758033" lon="-2.617282235862"/>
      <trkpt lat="55.2763371692464" lon="-2.61724525235839"/>
      <trkpt lat="55.2764155085367" lon="-2.61720870070883"/>
      <trkpt lat="55.2767259346395" lon="-2.61712695042634"/>
      <trkpt lat="55.2769848029985" lon="-2.61711513165811"/>
    </trkseg>
  </trk>
  <trk>
    <name>Northumberland</name>
    <trkseg>
      <trkpt lat="55.2769848029985" lon="-2.61711513165811"/>
      <trkpt lat="55.2770216864288" lon="-2.61710480147229"/>
      <trkpt lat="55.277057817633" lon="-2.61708329761198"/>
      <trkpt lat="55.2771263962286" lon="-2.61702297253862"/>
      <trkpt lat="55.2771535587861" lon="-2.61698082353473"/>
      <trkpt lat="55.2771744965063" lon="-2.61692611886381"/>
      <trkpt lat="55.2771864533055" lon="-2.6168711458176"/>
      <trkpt lat="55.2771902852394" lon="-2.61682396298886"/>
      <trkpt lat="55.277187232543" lon="-2.61671697052538"/>
      <trkpt lat="55.2772332660594" lon="-2.61649574981563"/>
      <trkpt lat="55.2775089937216" lon="-2.6159915139359"/>
      <trkpt lat="55.2776533102803" lon="-2.61569783233233"/>
      <trkpt lat="55.2777756236792" lon="-2.61533138548863"/>
      <trkpt lat="55.2778984996318" lon="-2.61501374657327"/>
      <trkpt lat="55.2780223622358" lon="-2.61469611937785"/>
      <trkpt lat="55.2781868489741" lon="-2.61432084405084"/>
      <trkpt lat="55.2782808277441" lon="-2.61403260350006"/>
      <trkpt lat="55.2783472225314" lon="-2.61370941166647"/>
      <trkpt lat="55.2788126217896" lon="-2.61353553222472"/>
      <trkpt lat="55.2790665817101" lon="-2.61342769722029"/>
      <trkpt lat="55.279155532988" lon="-2.61342439497263"/>
      <trkpt lat="55.2792122263026" lon="-2.6134047621225"/>
      <trkpt lat="55.2792545861126" lon="-2.61337712069439"/>
      <trkpt lat="55.2792943902939" lon="-2.6133398340736"/>
      <trkpt lat="55.27935235321" lon="-2.61324636874408"/>
      <trkpt lat="55.2795443361665" lon="-2.61276130111543"/>
      <trkpt lat="55.279613507164" lon="-2.61260025467468"/>
      <trkpt lat="55.2798014135416" lon="-2.61221116717383"/>
      <trkpt lat="55.2798656406236" lon="-2.61212233702331"/>
      <trkpt lat="55.2799334462598" lon="-2.61205419965922"/>
      <trkpt lat="55.2799884538727" lon="-2.61201247268687"/>
      <trkpt lat="55.2800352816137" lon="-2.6119895702746"/>
      <trkpt lat="55.2801566957474" lon="-2.61196158435117"/>
      <trkpt lat="55.2802794301109" lon="-2.61186742363575"/>
      <trkpt lat="55.2803994905081" lon="-2.61175115513034"/>
      <trkpt lat="55.280451905505" lon="-2.61168900885525"/>
      <trkpt lat="55.2805370149371" lon="-2.61157388960129"/>
      <trkpt lat="55.2806375972784" lon="-2.61140059838174"/>
      <trkpt lat="55.2807931223498" lon="-2.61119842697854"/>
      <trkpt lat="55.2808719994043" lon="-2.61107204691163"/>
      <trkpt lat="55.2809261939356" lon="-2.61101317246681"/>
      <trkpt lat="55.2809784822559" lon="-2.61097607367283"/>
      <trkpt lat="55.2810423848802" lon="-2.61095187476877"/>
      <trkpt lat="55.2811358424399" lon="-2.61094552216882"/>
      <trkpt lat="55.2813259457556" lon="-2.61085238893694"/>
      <trkpt lat="55.2814887770098" lon="-2.61064396398579"/>
      <trkpt lat="55.2817827435675" lon="-2.6104217138235"/>
      <trkpt lat="55.2818724854977" lon="-2.61045774745399"/>
      <trkpt lat="55.2825716873985" lon="-2.6098938352048"/>
      <trkpt lat="55.2831484878162" lon="-2.6093752775817"/>
      <trkpt lat="55.2832479879956" lon="-2.60923829997529"/>
      <trkpt lat="55.2833802844026" lon="-2.60902770162179"/>
      <trkpt lat="55.2834438930136" lon="-2.60888225379258"/>
      <trkpt lat="55.2834887241323" lon="-2.60871925375231"/>
      <trkpt lat="55.2835284246221" lon="-2.60850425085679"/>
      <trkpt lat="55.2835567493599" lon="-2.60840862752732"/>
      <trkpt lat="55.2835922292981" lon="-2.60831934322808"/>
      <trkpt lat="55.2836267077998" lon="-2.60825068338636"/>
      <trkpt lat="55.2836439158645" lon="-2.60822251816072"/>
      <trkpt lat="55.283787723018" lon="-2.60804532343324"/>
      <trkpt lat="55.2840068459491" lon="-2.60771649095084"/>
      <trkpt lat="55.2841560565997" lon="-2.6073377814942"/>
      <trkpt lat="55.2841933318948" lon="-2.60724852231242"/>
      <trkpt lat="55.2842296068313" lon="-2.60717988793423"/>
      <trkpt lat="55.2842630932021" lon="-2.60712990360963"/>
      <trkpt lat="55.2843073738956" lon="-2.60707709730304"/>
      <trkpt lat="55.2845528704594" lon="-2.60686354157635"/>
      <trkpt lat="55.2846654327682" lon="-2.60664639737704"/>
      <trkpt lat="55.2847794280186" lon="-2.60630335717264"/>
      <trkpt lat="55.2848629195371" lon="-2.60613301856399"/>
      <trkpt lat="55.2851813223511" lon="-2.60552866150251"/>
      <trkpt lat="55.2853744049068" lon="-2.60519616270012"/>
      <trkpt lat="55.2854405071312" lon="-2.60490911259636"/>
      <trkpt lat="55.2854471230369" lon="-2.60484300970998"/>
      <trkpt lat="55.2854540579425" lon="-2.60471252190234"/>
      <trkpt lat="55.285446871065" lon="-2.60453132409312"/>
      <trkpt lat="55.2854534083397" lon="-2.60448105562689"/>
      <trkpt lat="55.2854690373427" lon="-2.60440885639568"/>
      <trkpt lat="55.2854900333535" lon="-2.60434141315097"/>
      <trkpt lat="55.2855100045842" lon="-2.60429926810135"/>
      <trkpt lat="55.2855643134972" lon="-2.60421662253068"/>
      <trkpt lat="55.2855870817584" lon="-2.60415400956324"/>
      <trkpt lat="55.2856018787772" lon="-2.60408647027517"/>
      <trkpt lat="55.2856067205929" lon="-2.60401579620775"/>
      <trkpt lat="55.2856071028082" lon="-2.60393856298874"/>
      <trkpt lat="55.2855976579463" lon="-2.60385027600368"/>
      <trkpt lat="55.2855353930363" lon="-2.60334396548526"/>
      <trkpt lat="55.285559070306" lon="-2.60309715940796"/>
      <trkpt lat="55.2855444889114" lon="-2.60277578084525"/>
      <trkpt lat="55.2855711098649" lon="-2.60247852033679"/>
      <trkpt lat="55.2857920340725" lon="-2.60178125808609"/>
      <trkpt lat="55.2859746995875" lon="-2.60137315723739"/>
      <trkpt lat="55.2860703201893" lon="-2.60111003945084"/>
      <trkpt lat="55.2861472610724" lon="-2.60099151120183"/>
      <trkpt lat="55.286210528176" lon="-2.60073114776039"/>
      <trkpt lat="55.2863872425417" lon="-2.6002536266038"/>
      <trkpt lat="55.2866563514371" lon="-2.59962002373686"/>
      <trkpt lat="55.2868866859757" lon="-2.59901568722177"/>
      <trkpt lat="55.2871093473022" lon="-2.59849158787283"/>
      <trkpt lat="55.2873840715428" lon="-2.59799344819187"/>
      <trkpt lat="55.2876094555335" lon="-2.59766462637699"/>
      <trkpt lat="55.2880346126881" lon="-2.59689792667503"/>
      <trkpt lat="55.2884124624338" lon="-2.59625175502536"/>
      <trkpt lat="55.288605419812" lon="-2.59593969582746"/>
      <trkpt lat="55.2888019461256" lon="-2.59563248951921"/>
      <trkpt lat="55.2892082509783" lon="-2.59504488295529"/>
      <trkpt lat="55.2895790822266" lon="-2.59454657312808"/>
      <trkpt lat="55.2898512586325" lon="-2.59419945797438"/>
      <trkpt lat="55.2900810833334" lon="-2.59369435390142"/>
      <trkpt lat="55.2906416149818" lon="-2.59223836733719"/>
      <trkpt lat="55.2909964842147" lon="-2.59134288106728"/>
      <trkpt lat="55.2911985590296" lon="-2.5907963076734"/>
      <trkpt lat="55.2914059130481" lon="-2.59029083365121"/>
      <trkpt lat="55.2917729783755" lon="-2.58926644025143"/>
      <trkpt lat="55.2921891151754" lon="-2.58756397401422"/>
      <trkpt lat="55.292424594494" lon="-2.58662419374319"/>
      <trkpt lat="55.292529552472" lon="-2.5860935427648"/>
      <trkpt lat="55.292644367138" lon="-2.58558653366761"/>
      <trkpt lat="55.2927121367283" lon="-2.58531669159148"/>
      <trkpt lat="55.2927130427137" lon="-2.58531514752253"/>
      <trkpt lat="55.2930356275201" lon="-2.58419082266084"/>
      <trkpt lat="55.2931519897128" lon="-2.58371537561994"/>
      <trkpt lat="55.2931960694825" lon="-2.58351451365654"/>
      <trkpt lat="55.293231688773" lon="-2.58341103536639"/>
      <trkpt lat="55.2932797782569" lon="-2.58331098533492"/>
      <trkpt lat="55.293325935367" lon="-2.58323921283191"/>
      <trkpt lat="55.2934152920763" lon="-2.58315080485546"/>
      <trkpt lat="55.2934550862208" lon="-2.58309464838335"/>
      <trkpt lat="55.2934915361463" lon="-2.58298650735635"/>
      <trkpt lat="55.2935127519919" lon="-2.58287035097833"/>
      <trkpt lat="55.2935438981673" lon="-2.58257477358996"/>
      <trkpt lat="55.2935650838777" lon="-2.58246484929473"/>
      <trkpt lat="55.2936812591934" lon="-2.58202717311275"/>
      <trkpt lat="55.2937135167098" lon="-2.58185599594638"/>
      <trkpt lat="55.2937896347356" lon="-2.58134060344605"/>
      <trkpt lat="55.2938210453221" lon="-2.58115837692133"/>
      <trkpt lat="55.2938449178901" lon="-2.58105004940055"/>
      <trkpt lat="55.2938778404445" lon="-2.58094652786421"/>
      <trkpt lat="55.2939948250278" lon="-2.58071517164784"/>
      <trkpt lat="55.2940249087752" lon="-2.58062277474154"/>
      <trkpt lat="55.2940370512488" lon="-2.58052531116456"/>
      <trkpt lat="55.2940221252955" lon="-2.58026372305916"/>
      <trkpt lat="55.2940241461126" lon="-2.58021649037618"/>
      <trkpt lat="55.2940416405418" lon="-2.58012689516663"/>
      <trkpt lat="55.2941179249731" lon="-2.57995324206699"/>
      <trkpt lat="55.2941288831137" lon="-2.57991561817521"/>
      <trkpt lat="55.2941391533582" lon="-2.5798338368457"/>
      <trkpt lat="55.294138381574" lon="-2.57961815945574"/>
      <trkpt lat="55.2941541155197" lon="-2.57952074763807"/>
      <trkpt lat="55.2941880163781" lon="-2.57939996924733"/>
      <trkpt lat="55.294273551516" lon="-2.57916970777555"/>
      <trkpt lat="55.2943054915078" lon="-2.57906461025079"/>
      <trkpt lat="55.2943706053089" lon="-2.57878367108199"/>
      <trkpt lat="55.2944116764121" lon="-2.5786472856378"/>
      <trkpt lat="55.2944598143158" lon="-2.57853619152287"/>
      <trkpt lat="55.2945957999654" lon="-2.57829406505913"/>
      <trkpt lat="55.2946266838375" lon="-2.57822206079406"/>
      <trkpt lat="55.2946458308711" lon="-2.57816248103953"/>
      <trkpt lat="55.294710979487" lon="-2.57787374798852"/>
      <trkpt lat="55.2947557251087" lon="-2.57772001382913"/>
      <trkpt lat="55.2948412572427" lon="-2.57750870301782"/>
      <trkpt lat="55.2948829944927" lon="-2.57742114500519"/>
      <trkpt lat="55.2949219258621" lon="-2.5773570469766"/>
      <trkpt lat="55.2949879010529" lon="-2.57727295702496"/>
      <trkpt lat="55.2951467319985" lon="-2.57713827696532"/>
      <trkpt lat="55.2952126622313" lon="-2.57706366281117"/>
      <trkpt lat="55.2952651639469" lon="-2.57697937628315"/>
      <trkpt lat="55.295369669678" lon="-2.57672574674349"/>
      <trkpt lat="55.295448435396" lon="-2.57659626466648"/>
      <trkpt lat="55.2955975939956" lon="-2.57641729118669"/>
      <trkpt lat="55.2957939674619" lon="-2.57613187802343"/>
      <trkpt lat="55.2958554053895" lon="-2.57605719593802"/>
      <trkpt lat="55.2960079550099" lon="-2.57590190157517"/>
      <trkpt lat="55.2960495275521" lon="-2.5758490058211"/>
      <trkpt lat="55.2960903661353" lon="-2.57578025784734"/>
      <trkpt lat="55.2961630438831" lon="-2.57560809296213"/>
      <trkpt lat="55.2962078307348" lon="-2.57544500293856"/>
      <trkpt lat="55.296225565594" lon="-2.57530346531589"/>
      <trkpt lat="55.2962258550407" lon="-2.57505156404584"/>
      <trkpt lat="55.2962369529774" lon="-2.5749839440371"/>
      <trkpt lat="55.2962579768162" lon="-2.57490711753622"/>
      <trkpt lat="55.2962861566982" lon="-2.57483662771348"/>
      <trkpt lat="55.2964150525989" lon="-2.57457230032021"/>
      <trkpt lat="55.2964652420483" lon="-2.57440616949312"/>
      <trkpt lat="55.2965358828917" lon="-2.5740937332964"/>
      <trkpt lat="55.296581425807" lon="-2.57396051693086"/>
      <trkpt lat="55.2966231086275" lon="-2.57388398739165"/>
      <trkpt lat="55.2967488342275" lon="-2.57372037311093"/>
      <trkpt lat="55.2967950223309" lon="-2.57364079287722"/>
      <trkpt lat="55.2968560052945" lon="-2.5734715675647"/>
      <trkpt lat="55.2968843618553" lon="-2.57336329195379"/>
      <trkpt lat="55.2968879769859" lon="-2.57335866981476"/>
      <trkpt lat="55.297596045852" lon="-2.5733562836902"/>
      <trkpt lat="55.2980757709722" lon="-2.57338995148946"/>
      <trkpt lat="55.2987536933978" lon="-2.57349426326949"/>
      <trkpt lat="55.2996182625283" lon="-2.57366100621272"/>
      <trkpt lat="55.3007861449152" lon="-2.57370461009202"/>
      <trkpt lat="55.3008378623145" lon="-2.57304071634583"/>
      <trkpt lat="55.3008708982489" lon="-2.572700949751"/>
      <trkpt lat="55.3008932991756" lon="-2.57252180228192"/>
      <trkpt lat="55.300918194486" lon="-2.57238515378345"/>
      <trkpt lat="55.3009337899477" lon="-2.57231603213552"/>
      <trkpt lat="55.3011663528841" lon="-2.57159019034282"/>
      <trkpt lat="55.3013253778184" lon="-2.57100964366494"/>
      <trkpt lat="55.3014083275854" lon="-2.57075253369764"/>
      <trkpt lat="55.3015038761592" lon="-2.57050975860794"/>
      <trkpt lat="55.301620045589" lon="-2.57025623845258"/>
      <trkpt lat="55.3021078195178" lon="-2.56933559328322"/>
      <trkpt lat="55.3024542390186" lon="-2.56865536700555"/>
      <trkpt lat="55.30265479406" lon="-2.56822031751486"/>
      <trkpt lat="55.3026711829237" lon="-2.56817327938573"/>
      <trkpt lat="55.3033203503827" lon="-2.56634747505383"/>
      <trkpt lat="55.3037276832024" lon="-2.56610755831454"/>
      <trkpt lat="55.3040249149581" lon="-2.56595750170055"/>
      <trkpt lat="55.3042447768011" lon="-2.56581257459597"/>
      <trkpt lat="55.3043538261537" lon="-2.56575581349487"/>
      <trkpt lat="55.304718098547" lon="-2.56567748727688"/>
      <trkpt lat="55.3050600390781" lon="-2.56557208693755"/>
      <trkpt lat="55.3055894169872" lon="-2.56535908496316"/>
      <trkpt lat="55.3057918832625" lon="-2.56528481724514"/>
      <trkpt lat="55.3059333355629" lon="-2.56521435495774"/>
      <trkpt lat="55.3059369431697" lon="-2.56521128884448"/>
      <trkpt lat="55.3060415210153" lon="-2.56513082192485"/>
      <trkpt lat="55.3062419284892" lon="-2.56493832978569"/>
      <trkpt lat="55.3065919136142" lon="-2.5646471734304"/>
      <trkpt lat="55.306644238256" lon="-2.564599080088"/>
      <trkpt lat="55.3068943849521" lon="-2.5643348145544"/>
      <trkpt lat="55.3070289609083" lon="-2.56417761789161"/>
      <trkpt lat="55.3071907932911" lon="-2.56397352916687"/>
      <trkpt lat="55.307338141492" lon="-2.56377403958778"/>
      <trkpt lat="55.3074512850242" lon="-2.56360861157987"/>
      <trkpt lat="55.3075390774549" lon="-2.56346659310659"/>
      <trkpt lat="55.3076305581881" lon="-2.56330397550432"/>
      <trkpt lat="55.30770942651" lon="-2.56314909915048"/>
      <trkpt lat="55.3077676224243" lon="-2.5630161413595"/>
      <trkpt lat="55.3077958104245" lon="-2.56294237618132"/>
      <trkpt lat="55.3079185227986" lon="-2.56243534905586"/>
      <trkpt lat="55.3080240210295" lon="-2.56195950796704"/>
      <trkpt lat="55.3080962986052" lon="-2.56169426108323"/>
      <trkpt lat="55.3082228373075" lon="-2.56133067685361"/>
      <trkpt lat="55.3085124048804" lon="-2.56069675401859"/>
      <trkpt lat="55.3086380863216" lon="-2.56032353822179"/>
      <trkpt lat="55.3086762616238" lon="-2.56022640138049"/>
      <trkpt lat="55.3087134450695" lon="-2.56014977095335"/>
      <trkpt lat="55.3087497181887" lon="-2.56009507857641"/>
      <trkpt lat="55.3087921466563" lon="-2.56004995650275"/>
      <trkpt lat="55.3088390003634" lon="-2.56001918363542"/>
      <trkpt lat="55.3089001829737" lon="-2.55999796396184"/>
      <trkpt lat="55.3090152551792" lon="-2.55997906319662"/>
      <trkpt lat="55.3094052514288" lon="-2.55999092327877"/>
      <trkpt lat="55.3094421091117" lon="-2.55998507811008"/>
      <trkpt lat="55.3094907154426" lon="-2.55996381161399"/>
      <trkpt lat="55.309523147269" lon="-2.55994374603706"/>
      <trkpt lat="55.309710892723" lon="-2.55976830883345"/>
      <trkpt lat="55.3098461083507" lon="-2.55966629853382"/>
      <trkpt lat="55.3098813059353" lon="-2.55963055528143"/>
      <trkpt lat="55.3099093767188" lon="-2.55958210996081"/>
      <trkpt lat="55.3099266527649" lon="-2.55953663030162"/>
      <trkpt lat="55.3099451880434" lon="-2.55941245484005"/>
      <trkpt lat="55.3099661009516" lon="-2.55935767465617"/>
      <trkpt lat="55.3099959341193" lon="-2.5593360121192"/>
      <trkpt lat="55.3100651723069" lon="-2.55932127039958"/>
      <trkpt lat="55.310085883439" lon="-2.55931051986437"/>
      <trkpt lat="55.3101237836211" lon="-2.55927325446309"/>
      <trkpt lat="55.3101608578682" lon="-2.55922013029186"/>
      <trkpt lat="55.3102441693431" lon="-2.55907478271948"/>
      <trkpt lat="55.310284110657" lon="-2.55898402872867"/>
      <trkpt lat="55.3103342249509" lon="-2.55884925389953"/>
      <trkpt lat="55.310367965965" lon="-2.55873944737985"/>
      <trkpt lat="55.3104085126717" lon="-2.55851634059494"/>
      <trkpt lat="55.3104258254725" lon="-2.55846293604507"/>
      <trkpt lat="55.3104512073573" lon="-2.55841289493861"/>
      <trkpt lat="55.3104864559804" lon="-2.55836610859983"/>
      <trkpt lat="55.3108230809382" lon="-2.55804635814557"/>
      <trkpt lat="55.3109342259531" lon="-2.55792347790453"/>
      <trkpt lat="55.3111148712076" lon="-2.55770856745008"/>
      <trkpt lat="55.3113735473974" lon="-2.55734354814061"/>
      <trkpt lat="55.3114611758016" lon="-2.55723605288098"/>
      <trkpt lat="55.3116092563802" lon="-2.55709004477333"/>
      <trkpt lat="55.3116569793974" lon="-2.55706551417192"/>
      <trkpt lat="55.3116883901256" lon="-2.55707218867259"/>
      <trkpt lat="55.3117125421731" lon="-2.55709461068781"/>
      <trkpt lat="55.3117258723077" lon="-2.55712636378189"/>
      <trkpt lat="55.3117487090292" lon="-2.55724008511095"/>
      <trkpt lat="55.3117727388978" lon="-2.55728926343877"/>
      <trkpt lat="55.3117906614924" lon="-2.55729899759773"/>
      <trkpt lat="55.31182657723" lon="-2.55730261919394"/>
      <trkpt lat="55.3118607543517" lon="-2.55729361572476"/>
      <trkpt lat="55.3118960491098" lon="-2.55725631021602"/>
      <trkpt lat="55.3119504696808" lon="-2.5571421119749"/>
      <trkpt lat="55.3119884415192" lon="-2.55708899598016"/>
      <trkpt lat="55.3120811991038" lon="-2.55703833683236"/>
      <trkpt lat="55.312257542141" lon="-2.55699833202173"/>
      <trkpt lat="55.3124151333022" lon="-2.55691389640296"/>
      <trkpt lat="55.3124502089119" lon="-2.556904905063"/>
      <trkpt lat="55.3124843427425" lon="-2.55690538346934"/>
      <trkpt lat="55.3125185018325" lon="-2.55692002130147"/>
      <trkpt lat="55.3125542744646" lon="-2.55695520748325"/>
      <trkpt lat="55.3126587239572" lon="-2.55709839352232"/>
      <trkpt lat="55.3126819854926" lon="-2.55711924386127"/>
      <trkpt lat="55.3127268051768" lon="-2.557140398081"/>
      <trkpt lat="55.312764481791" lon="-2.55715196758335"/>
      <trkpt lat="55.3131389270636" lon="-2.55722489816408"/>
      <trkpt lat="55.3132932266365" lon="-2.55727122908678"/>
      <trkpt lat="55.3134105684241" lon="-2.55734536076316"/>
      <trkpt lat="55.3135484434303" lon="-2.55746693705382"/>
      <trkpt lat="55.3137773581345" lon="-2.55771761978295"/>
      <trkpt lat="55.3139070598326" lon="-2.55783908374455"/>
      <trkpt lat="55.3139623843405" lon="-2.55792027250713"/>
      <trkpt lat="55.3139774676445" lon="-2.55796140484617"/>
      <trkpt lat="55.3140082441275" lon="-2.55810681107098"/>
      <trkpt lat="55.3140197698281" lon="-2.55814009923072"/>
      <trkpt lat="55.3140375990965" lon="-2.55817022872258"/>
      <trkpt lat="55.3140563830038" lon="-2.55818789946606"/>
      <trkpt lat="55.3140977707324" lon="-2.55819315877297"/>
      <trkpt lat="55.3141931162103" lon="-2.55816617735897"/>
      <trkpt lat="55.3142371025177" lon="-2.5581730314108"/>
      <trkpt lat="55.3142783430924" lon="-2.55819101773575"/>
      <trkpt lat="55.3143535380785" lon="-2.55824871461991"/>
      <trkpt lat="55.3145172670976" lon="-2.55841327041726"/>
      <trkpt lat="55.3145645506288" lon="-2.55848486474519"/>
      <trkpt lat="55.3145778875255" lon="-2.55851506085466"/>
      <trkpt lat="55.314589348328" lon="-2.55856250850845"/>
      <trkpt lat="55.3146126794074" lon="-2.55876445359318"/>
      <trkpt lat="55.3146365355897" lon="-2.55885143866062"/>
      <trkpt lat="55.3146650856207" lon="-2.5588943197463"/>
      <trkpt lat="55.3147009394819" lon="-2.55893106902374"/>
      <trkpt lat="55.3147690334215" lon="-2.55896995940513"/>
      <trkpt lat="55.3148768036285" lon="-2.55897615355437"/>
      <trkpt lat="55.3149144294918" lon="-2.55899876653343"/>
      <trkpt lat="55.315011041255" lon="-2.55910717083072"/>
      <trkpt lat="55.3150638648119" lon="-2.55914584849165"/>
      <trkpt lat="55.3151382619723" lon="-2.55918145178208"/>
      <trkpt lat="55.3152154260819" lon="-2.5592015050383"/>
      <trkpt lat="55.3154247818728" lon="-2.5592106864274"/>
      <trkpt lat="55.3156544875242" lon="-2.55928796948117"/>
      <trkpt lat="55.315840283096" lon="-2.5593221544506"/>
      <trkpt lat="55.31592293677" lon="-2.55932019987041"/>
      <trkpt lat="55.3160938554102" lon="-2.55928791979115"/>
      <trkpt lat="55.3162771907947" lon="-2.55929050069404"/>
      <trkpt lat="55.3163536363883" lon="-2.55927104919317"/>
      <trkpt lat="55.3164869399189" lon="-2.5591941977175"/>
      <trkpt lat="55.3165337291023" lon="-2.55917744834057"/>
      <trkpt lat="55.316578746549" lon="-2.55917496371127"/>
      <trkpt lat="55.3166325980069" lon="-2.55918520561431"/>
      <trkpt lat="55.3166855099015" lon="-2.55920478750458"/>
      <trkpt lat="55.3167697654692" lon="-2.5592454675677"/>
      <trkpt lat="55.3170108311181" lon="-2.55939215788022"/>
      <trkpt lat="55.3170718112029" lon="-2.55941510276976"/>
      <trkpt lat="55.3171544009407" lon="-2.55942730797317"/>
      <trkpt lat="55.3172272572611" lon="-2.55942677537285"/>
      <trkpt lat="55.3173657413641" lon="-2.55939559607529"/>
      <trkpt lat="55.3174989935753" lon="-2.55932978458451"/>
      <trkpt lat="55.3175711829031" lon="-2.55927870321496"/>
      <trkpt lat="55.3177740709723" lon="-2.55911149690633"/>
      <trkpt lat="55.3178346693221" lon="-2.55904141401032"/>
      <trkpt lat="55.3178527859954" lon="-2.55900853945193"/>
      <trkpt lat="55.3178929294971" lon="-2.55887359870761"/>
      <trkpt lat="55.3179060243072" lon="-2.55876036260996"/>
      <trkpt lat="55.317904646734" lon="-2.55866888060676"/>
      <trkpt lat="55.3178480011867" lon="-2.55848372996869"/>
      <trkpt lat="55.3177562697179" lon="-2.55829029023419"/>
      <trkpt lat="55.3176382275221" lon="-2.55797656882451"/>
      <trkpt lat="55.3172818781787" lon="-2.55691118211316"/>
      <trkpt lat="55.3170094377947" lon="-2.55576345194708"/>
      <trkpt lat="55.3166963187482" lon="-2.55447174434522"/>
      <trkpt lat="55.3164063130018" lon="-2.55303227577792"/>
      <trkpt lat="55.3161996326237" lon="-2.55203504149948"/>
      <trkpt lat="55.3157854997097" lon="-2.5504253936091"/>
      <trkpt lat="55.3172452718763" lon="-2.54872811753625"/>
      <trkpt lat="55.3182633955305" lon="-2.54430008016273"/>
      <trkpt lat="55.3195922988794" lon="-2.5431050514832"/>
      <trkpt lat="55.3197229273154" lon="-2.54241498820905"/>
      <trkpt lat="55.3202454970247" lon="-2.5400804574478"/>
      <trkpt lat="55.3204169334793" lon="-2.539299586423"/>
      <trkpt lat="55.3206180338306" lon="-2.53833006696222"/>
      <trkpt lat="55.3208191186891" lon="-2.5373620976198"/>
      <trkpt lat="55.3209529291521" lon="-2.53655393151596"/>
      <trkpt lat="55.3211386590447" lon="-2.53601112655632"/>
      <trkpt lat="55.3219427378455" lon="-2.53357158692788"/>
      <trkpt lat="55.3227089133908" lon="-2.53076879806383"/>
      <trkpt lat="55.3225576725428" lon="-2.52958177929839"/>
      <trkpt lat="55.3224600313321" lon="-2.52848201978516"/>
      <trkpt lat="55.3223165848115" lon="-2.52777262512464"/>
      <trkpt lat="55.3220506452344" lon="-2.52653356651425"/>
      <trkpt lat="55.3218087575039" lon="-2.52510891214271"/>
      <trkpt lat="55.3222197613233" lon="-2.5231366369556"/>
      <trkpt lat="55.3223559300492" lon="-2.52238507646846"/>
      <trkpt lat="55.3224054638602" lon="-2.52216665961318"/>
      <trkpt lat="55.3224556767063" lon="-2.52197826721109"/>
      <trkpt lat="55.322488520035" lon="-2.5218604591472"/>
      <trkpt lat="55.3226606954572" lon="-2.5213002348468"/>
      <trkpt lat="55.3228454193439" lon="-2.52076680775144"/>
      <trkpt lat="55.3229271716127" lon="-2.52055504573329"/>
      <trkpt lat="55.323047054729" lon="-2.52026984796056"/>
      <trkpt lat="55.3231875682589" lon="-2.5199707571878"/>
      <trkpt lat="55.3238306387149" lon="-2.51898631481197"/>
      <trkpt lat="55.3246646223476" lon="-2.51769858153826"/>
      <trkpt lat="55.3249842911335" lon="-2.51753875990315"/>
      <trkpt lat="55.3261781165666" lon="-2.51678373777279"/>
      <trkpt lat="55.3264465736746" lon="-2.51660439595459"/>
      <trkpt lat="55.3268306280748" lon="-2.51632246649509"/>
      <trkpt lat="55.3275819205788" lon="-2.51565610312707"/>
      <trkpt lat="55.3283526179893" lon="-2.51507352455481"/>
      <trkpt lat="55.3288408855632" lon="-2.51457550387101"/>
      <trkpt lat="55.3292832637192" lon="-2.51407362850419"/>
      <trkpt lat="55.3295504070578" lon="-2.5137997583139"/>
      <trkpt lat="55.3296253341157" lon="-2.5137124868802"/>
      <trkpt lat="55.3297158414505" lon="-2.51357330489744"/>
      <trkpt lat="55.3297656764903" lon="-2.51347154310502"/>
      <trkpt lat="55.3300573101777" lon="-2.51249958737827"/>
      <trkpt lat="55.3301817942808" lon="-2.51216239115147"/>
      <trkpt lat="55.3312613552636" lon="-2.50993797438246"/>
      <trkpt lat="55.3313691110823" lon="-2.50973284754001"/>
      <trkpt lat="55.3315039518675" lon="-2.5094950556214"/>
      <trkpt lat="55.331646960964" lon="-2.50925879807037"/>
      <trkpt lat="55.3317672057274" lon="-2.50907436144609"/>
      <trkpt lat="55.3319985721417" lon="-2.50876047445305"/>
      <trkpt lat="55.3322712566172" lon="-2.50844724045878"/>
      <trkpt lat="55.3325265264909" lon="-2.50821722040927"/>
      <trkpt lat="55.3329051929895" lon="-2.50790832419858"/>
      <trkpt lat="55.3330873108451" lon="-2.50774988183019"/>
      <trkpt lat="55.3334509131935" lon="-2.50741245149311"/>
      <trkpt lat="55.3337025435394" lon="-2.50717132325278"/>
      <trkpt lat="55.3338334643538" lon="-2.50703275748273"/>
      <trkpt lat="55.3339553446608" lon="-2.50688614635397"/>
      <trkpt lat="55.3341207777912" lon="-2.50665651960287"/>
      <trkpt lat="55.3342202476376" lon="-2.506498573261"/>
      <trkpt lat="55.3343694809369" lon="-2.50625456843838"/>
      <trkpt lat="55.3346003459736" lon="-2.50584289836345"/>
      <trkpt lat="55.3348829903368" lon="-2.50529163936755"/>
      <trkpt lat="55.3351649886366" lon="-2.50467888637515"/>
      <trkpt lat="55.335251007988" lon="-2.50451439135919"/>
      <trkpt lat="55.3353451746508" lon="-2.50435636779131"/>
      <trkpt lat="55.336038101836" lon="-2.50344921654789"/>
      <trkpt lat="55.3361861770884" lon="-2.50326665392621"/>
      <trkpt lat="55.336602429829" lon="-2.50279269551982"/>
      <trkpt lat="55.3367343218283" lon="-2.50261317366001"/>
      <trkpt lat="55.336927918222" lon="-2.50230497030964"/>
      <trkpt lat="55.3370173522036" lon="-2.50218314011633"/>
      <trkpt lat="55.3371996112097" lon="-2.50198839336334"/>
      <trkpt lat="55.3372609961437" lon="-2.50193717553125"/>
      <trkpt lat="55.337324922121" lon="-2.50190171981364"/>
      <trkpt lat="55.3373752830897" lon="-2.50188818696624"/>
      <trkpt lat="55.3374578915127" lon="-2.50189703007102"/>
      <trkpt lat="55.3375458813507" lon="-2.50192972893369"/>
      <trkpt lat="55.337638226722" lon="-2.50197353109226"/>
      <trkpt lat="55.3377895996076" lon="-2.50208099169054"/>
      <trkpt lat="55.3378236752347" lon="-2.50209559063328"/>
      <trkpt lat="55.3378551845294" lon="-2.50210079743818"/>
      <trkpt lat="55.337901926677" lon="-2.50209346029346"/>
      <trkpt lat="55.3379496058202" lon="-2.50207677524997"/>
      <trkpt lat="55.3380116444983" lon="-2.50206326080976"/>
      <trkpt lat="55.3380125430182" lon="-2.50206327217175"/>
      <trkpt lat="55.3382641721807" lon="-2.5020602158112"/>
      <trkpt lat="55.3384561859678" lon="-2.50211463780727"/>
      <trkpt lat="55.3397154361383" lon="-2.50224573450334"/>
      <trkpt lat="55.3402195342262" lon="-2.50225367260336"/>
      <trkpt lat="55.3404291443779" lon="-2.50176443396895"/>
      <trkpt lat="55.3406457588201" lon="-2.50129724677073"/>
      <trkpt lat="55.3408551319998" lon="-2.50086479973234"/>
      <trkpt lat="55.3410191705621" lon="-2.50053421374248"/>
      <trkpt lat="55.3411214690083" lon="-2.50034155184046"/>
      <trkpt lat="55.3412264609048" lon="-2.50014892288311"/>
      <trkpt lat="55.3415566423934" lon="-2.499609177671"/>
      <trkpt lat="55.342101770558" lon="-2.49880875292625"/>
      <trkpt lat="55.3424122429561" lon="-2.49869435632047"/>
      <trkpt lat="55.3426931674404" lon="-2.49855605606287"/>
      <trkpt lat="55.3429605994178" lon="-2.49842226567178"/>
      <trkpt lat="55.343997996106" lon="-2.49786288753998"/>
      <trkpt lat="55.3447034627461" lon="-2.49739240580524"/>
      <trkpt lat="55.3457848037185" lon="-2.49665060334431"/>
      <trkpt lat="55.3465145315359" lon="-2.49617726074363"/>
      <trkpt lat="55.34671611679" lon="-2.49588803297974"/>
      <trkpt lat="55.3469400611967" lon="-2.49560077200818"/>
      <trkpt lat="55.3471576283114" lon="-2.49535750188565"/>
      <trkpt lat="55.347378660597" lon="-2.49514573751582"/>
      <trkpt lat="55.3474914534208" lon="-2.49502103037708"/>
      <trkpt lat="55.3482427361019" lon="-2.49390288912032"/>
      <trkpt lat="55.3485077222943" lon="-2.49346152426785"/>
      <trkpt lat="55.3487925505279" lon="-2.49302195978076"/>
      <trkpt lat="55.3488712340518" lon="-2.49289044766006"/>
      <trkpt lat="55.3491138934128" lon="-2.49243774080414"/>
      <trkpt lat="55.349197143453" lon="-2.49230940237719"/>
      <trkpt lat="55.3493325813076" lon="-2.49213763486105"/>
      <trkpt lat="55.3496187449773" lon="-2.49181157896138"/>
      <trkpt lat="55.3497459567351" lon="-2.49167442158403"/>
      <trkpt lat="55.3502295864114" lon="-2.49118684473078"/>
      <trkpt lat="55.3503966505576" lon="-2.49096812994556"/>
      <trkpt lat="55.350528721407" lon="-2.49076159488803"/>
      <trkpt lat="55.351319527211" lon="-2.48938671217723"/>
      <trkpt lat="55.3518343080245" lon="-2.48851939657081"/>
      <trkpt lat="55.3519112168429" lon="-2.48815599990097"/>
      <trkpt lat="55.3519952475538" lon="-2.48780855470217"/>
      <trkpt lat="55.3521981762048" lon="-2.48717701968624"/>
      <trkpt lat="55.352456276762" lon="-2.48622445844018"/>
      <trkpt lat="55.3526474110313" lon="-2.48559757700629"/>
      <trkpt lat="55.3527341125036" lon="-2.48527693810544"/>
      <trkpt lat="55.3528207914811" lon="-2.48493887376579"/>
      <trkpt lat="55.3529304842835" lon="-2.48446078142689"/>
      <trkpt lat="55.3530956347921" lon="-2.48361120706371"/>
      <trkpt lat="55.3532273791035" lon="-2.48300711371409"/>
      <trkpt lat="55.3532913352908" lon="-2.48273508083844"/>
      <trkpt lat="55.3534901838511" lon="-2.48199318049072"/>
      <trkpt lat="55.3536396337444" lon="-2.48147602362455"/>
      <trkpt lat="55.3536679145516" lon="-2.48136596752944"/>
      <trkpt lat="55.3537200347979" lon="-2.48113318547077"/>
      <trkpt lat="55.3537834111825" lon="-2.4807790853739"/>
      <trkpt lat="55.3538287715981" lon="-2.48043751078632"/>
      <trkpt lat="55.3540022247686" lon="-2.47929606783214"/>
      <trkpt lat="55.3541052529669" lon="-2.47867911674331"/>
      <trkpt lat="55.354210978747" lon="-2.47806063360657"/>
      <trkpt lat="55.3543191041252" lon="-2.47753983542895"/>
      <trkpt lat="55.3543245928887" lon="-2.47751467483886"/>
      <trkpt lat="55.3543328434864" lon="-2.4774721214445"/>
      <trkpt lat="55.3543392420445" lon="-2.47744385058772"/>
      <trkpt lat="55.354456177981" lon="-2.47694370075882"/>
      <trkpt lat="55.3545386513667" lon="-2.47652674757937"/>
      <trkpt lat="55.3546509589738" lon="-2.47585306528445"/>
      <trkpt lat="55.3547398818082" lon="-2.47539366445015"/>
      <trkpt lat="55.3547592297941" lon="-2.47526931827904"/>
      <trkpt lat="55.3547676389279" lon="-2.47518580339145"/>
      <trkpt lat="55.3547707456117" lon="-2.47508011921646"/>
      <trkpt lat="55.3547581300158" lon="-2.47485916165097"/>
      <trkpt lat="55.3547614189465" lon="-2.47470627473175"/>
      <trkpt lat="55.3547567744996" lon="-2.47405160059467"/>
      <trkpt lat="55.3547348944927" lon="-2.47343950495474"/>
      <trkpt lat="55.3542602761914" lon="-2.47231551586573"/>
      <trkpt lat="55.3537879498668" lon="-2.47131641466883"/>
      <trkpt lat="55.3534809612888" lon="-2.46960150528251"/>
      <trkpt lat="55.3527574899074" lon="-2.4675380322713"/>
      <trkpt lat="55.3529941550838" lon="-2.46649041160817"/>
      <trkpt lat="55.3533116421073" lon="-2.46499900915555"/>
      <trkpt lat="55.3535536750282" lon="-2.46373855344515"/>
      <trkpt lat="55.3535855988196" lon="-2.46361123276209"/>
      <trkpt lat="55.3536150672753" lon="-2.4634208152375"/>
      <trkpt lat="55.3536235583402" lon="-2.46331363475113"/>
      <trkpt lat="55.3536255769226" lon="-2.4632552728838"/>
      <trkpt lat="55.3535777945268" lon="-2.46282728860948"/>
      <trkpt lat="55.3535221523999" lon="-2.46233939639399"/>
      <trkpt lat="55.353500197725" lon="-2.46220663489777"/>
      <trkpt lat="55.3534622834116" lon="-2.46201842193222"/>
      <trkpt lat="55.353409212197" lon="-2.46180025513155"/>
      <trkpt lat="55.3533576856715" lon="-2.4616244983545"/>
      <trkpt lat="55.3533114953649" lon="-2.46148677487117"/>
      <trkpt lat="55.3532091857317" lon="-2.46122382558403"/>
      <trkpt lat="55.3535181993124" lon="-2.46029532742534"/>
      <trkpt lat="55.3537169121446" lon="-2.45955317849898"/>
      <trkpt lat="55.3540013630879" lon="-2.4586796379734"/>
      <trkpt lat="55.3542775763775" lon="-2.45786905732153"/>
      <trkpt lat="55.3544608927284" lon="-2.45739640476734"/>
      <trkpt lat="55.3546103922638" lon="-2.45705430598235"/>
      <trkpt lat="55.3547722673564" lon="-2.45702938352159"/>
      <trkpt lat="55.3550291213048" lon="-2.45682883167683"/>
      <trkpt lat="55.3552811974633" lon="-2.45668036912163"/>
      <trkpt lat="55.3552650396653" lon="-2.45643726629881"/>
      <trkpt lat="55.355271201341" lon="-2.45623070231539"/>
      <trkpt lat="55.3552981065281" lon="-2.45602606760168"/>
      <trkpt lat="55.3553547522255" lon="-2.45577118738694"/>
      <trkpt lat="55.3553720432115" lon="-2.45571143830642"/>
      <trkpt lat="55.3554955180781" lon="-2.4553610947756"/>
      <trkpt lat="55.3557476319993" lon="-2.45474420745833"/>
      <trkpt lat="55.3559454381402" lon="-2.454236968236"/>
      <trkpt lat="55.3560435406243" lon="-2.45394471364014"/>
      <trkpt lat="55.3561027297071" lon="-2.45372938968364"/>
      <trkpt lat="55.3561447178143" lon="-2.45355001848242"/>
      <trkpt lat="55.3561831356919" lon="-2.45336436654573"/>
      <trkpt lat="55.3562198040026" lon="-2.45316607795671"/>
      <trkpt lat="55.3562881196242" lon="-2.45269362771623"/>
      <trkpt lat="55.356327574993" lon="-2.45247014187162"/>
      <trkpt lat="55.3564172283627" lon="-2.45203265543052"/>
      <trkpt lat="55.3564801068731" lon="-2.45179044827427"/>
      <trkpt lat="55.3566173089978" lon="-2.45139303366969"/>
      <trkpt lat="55.3569302382341" lon="-2.45060006268562"/>
      <trkpt lat="55.3575857706694" lon="-2.44900180408662"/>
      <trkpt lat="55.3578753591883" lon="-2.44820072807407"/>
      <trkpt lat="55.3589384432815" lon="-2.44521736702027"/>
      <trkpt lat="55.3590035083544" lon="-2.44511080507843"/>
      <trkpt lat="55.3590668691828" lon="-2.44497899081703"/>
      <trkpt lat="55.3591068964527" lon="-2.444865904026"/>
      <trkpt lat="55.3591378045108" lon="-2.44476532877963"/>
      <trkpt lat="55.3591606745335" lon="-2.4446520491351"/>
      <trkpt lat="55.3591831284177" lon="-2.44440623865774"/>
      <trkpt lat="55.3592247474989" lon="-2.4435832046852"/>
      <trkpt lat="55.3592332971002" lon="-2.44296034299387"/>
      <trkpt lat="55.35921365087" lon="-2.44168871782496"/>
      <trkpt lat="55.3591394189838" lon="-2.44035510181844"/>
      <trkpt lat="55.3592892288431" lon="-2.43991354124178"/>
      <trkpt lat="55.3594133583004" lon="-2.4396182642619"/>
      <trkpt lat="55.3594416118385" lon="-2.43953027049543"/>
      <trkpt lat="55.3594553471416" lon="-2.43945785302485"/>
      <trkpt lat="55.3594600705455" lon="-2.43939326818235"/>
      <trkpt lat="55.359453231496" lon="-2.43929695113885"/>
      <trkpt lat="55.3594230088596" lon="-2.43918307929183"/>
      <trkpt lat="55.3594025482295" lon="-2.43912758030683"/>
      <trkpt lat="55.3590770840432" lon="-2.43843156977825"/>
      <trkpt lat="55.3586145403951" lon="-2.43763469955194"/>
      <trkpt lat="55.3584576798818" lon="-2.43701301358094"/>
      <trkpt lat="55.3583053609408" lon="-2.4369040422949"/>
      <trkpt lat="55.3580115254495" lon="-2.43564842527074"/>
      <trkpt lat="55.3578786376254" lon="-2.43510283913876"/>
      <trkpt lat="55.3573737329491" lon="-2.43307518721224"/>
      <trkpt lat="55.3570921275491" lon="-2.43190650269784"/>
      <trkpt lat="55.3564348549337" lon="-2.42923069961683"/>
      <trkpt lat="55.3567431309542" lon="-2.42895482980455"/>
      <trkpt lat="55.3569108494499" lon="-2.42877366945754"/>
      <trkpt lat="55.3570426897448" lon="-2.42860317323897"/>
      <trkpt lat="55.3571628281333" lon="-2.42841369318203"/>
      <trkpt lat="55.3574169832217" lon="-2.42794475682081"/>
      <trkpt lat="55.3575825648217" lon="-2.42760425697456"/>
      <trkpt lat="55.3577419575644" lon="-2.42726056614077"/>
      <trkpt lat="55.3581377258381" lon="-2.4263673549375"/>
      <trkpt lat="55.3582611521589" lon="-2.426032761746"/>
      <trkpt lat="55.3583540904754" lon="-2.4256567437048"/>
      <trkpt lat="55.3583925047049" lon="-2.42545999918494"/>
      <trkpt lat="55.3584961068282" lon="-2.42485858315518"/>
      <trkpt lat="55.3585922857863" lon="-2.42435020204375"/>
      <trkpt lat="55.358629175197" lon="-2.42407449666198"/>
      <trkpt lat="55.3586386510315" lon="-2.42393258167624"/>
      <trkpt lat="55.3586447914029" lon="-2.42371663216589"/>
      <trkpt lat="55.3586455687575" lon="-2.42349269133497"/>
      <trkpt lat="55.3586296202182" lon="-2.42265173725908"/>
      <trkpt lat="55.3586099019206" lon="-2.42212000560033"/>
      <trkpt lat="55.3586170351663" lon="-2.42187558474784"/>
      <trkpt lat="55.3586566513637" lon="-2.42158898134343"/>
      <trkpt lat="55.3586913625586" lon="-2.42142210456143"/>
      <trkpt lat="55.3587423293233" lon="-2.42123016921532"/>
      <trkpt lat="55.3590336154399" lon="-2.41988305474837"/>
      <trkpt lat="55.3590113625763" lon="-2.41956262787869"/>
      <trkpt lat="55.3588490629795" lon="-2.41735587242648"/>
      <trkpt lat="55.3588790752607" lon="-2.41672205280838"/>
      <trkpt lat="55.3588646751379" lon="-2.41567615046659"/>
      <trkpt lat="55.3589218723784" lon="-2.41499683487442"/>
      <trkpt lat="55.3577707332918" lon="-2.41236651232327"/>
      <trkpt lat="55.3580664098696" lon="-2.41128757358859"/>
      <trkpt lat="55.3574300526527" lon="-2.40866740382351"/>
      <trkpt lat="55.3571922885752" lon="-2.40801822968501"/>
      <trkpt lat="55.3567979875086" lon="-2.40716887549908"/>
      <trkpt lat="55.3563087364378" lon="-2.40620958772189"/>
      <trkpt lat="55.3556949914138" lon="-2.40486581904599"/>
      <trkpt lat="55.3550382123116" lon="-2.40349174437248"/>
      <trkpt lat="55.3545940440442" lon="-2.40249984245921"/>
      <trkpt lat="55.3544063515588" lon="-2.4021841566505"/>
      <trkpt lat="55.3539820451912" lon="-2.40170509055273"/>
      <trkpt lat="55.3535253707982" lon="-2.40120685121114"/>
      <trkpt lat="55.3534869964126" lon="-2.40085628034333"/>
      <trkpt lat="55.352775611542" lon="-2.40050684392156"/>
      <trkpt lat="55.3515509066814" lon="-2.39994731443327"/>
      <trkpt lat="55.3505351524645" lon="-2.39952229154927"/>
      <trkpt lat="55.3498505934803" lon="-2.39975827824726"/>
      <trkpt lat="55.3487897073462" lon="-2.40019381111863"/>
      <trkpt lat="55.348716059588" lon="-2.4001899472969"/>
      <trkpt lat="55.3486299126199" lon="-2.40016229557459"/>
      <trkpt lat="55.3485724475908" lon="-2.4001269998035"/>
      <trkpt lat="55.3485222839363" lon="-2.40008384743374"/>
      <trkpt lat="55.3484820060925" lon="-2.40003936618669"/>
      <trkpt lat="55.3483774087606" lon="-2.3998852792532"/>
      <trkpt lat="55.3483327629512" lon="-2.39980291781234"/>
      <trkpt lat="55.3482953039611" lon="-2.39972049967575"/>
      <trkpt lat="55.3482551326921" lon="-2.39961595077693"/>
      <trkpt lat="55.3482213595191" lon="-2.39950522669362"/>
      <trkpt lat="55.3481965220936" lon="-2.39940889377965"/>
      <trkpt lat="55.3481665175105" lon="-2.39924450947325"/>
      <trkpt lat="55.3481527947837" lon="-2.39904570446327"/>
      <trkpt lat="55.3481502470315" lon="-2.39872557735848"/>
      <trkpt lat="55.3481180879992" lon="-2.39811976414322"/>
      <trkpt lat="55.3479647626853" lon="-2.39690075168584"/>
      <trkpt lat="55.347804914921" lon="-2.39577802408595"/>
      <trkpt lat="55.3477090644681" lon="-2.39486253871753"/>
      <trkpt lat="55.3476476140146" lon="-2.39439192118652"/>
      <trkpt lat="55.3475990997333" lon="-2.39411554675548"/>
      <trkpt lat="55.347450726055" lon="-2.39332722177407"/>
      <trkpt lat="55.3474473572825" lon="-2.39297861893752"/>
      <trkpt lat="55.3475241003226" lon="-2.39257893435658"/>
      <trkpt lat="55.3476964147245" lon="-2.39181731750553"/>
      <trkpt lat="55.3477520593385" lon="-2.39155302486578"/>
      <trkpt lat="55.347850048885" lon="-2.3909689193558"/>
      <trkpt lat="55.3479295404953" lon="-2.39026956571942"/>
      <trkpt lat="55.3480654558387" lon="-2.38880444282146"/>
      <trkpt lat="55.348140096959" lon="-2.38736536612175"/>
      <trkpt lat="55.3482211491997" lon="-2.38645005590094"/>
      <trkpt lat="55.3482446039466" lon="-2.38613486259914"/>
      <trkpt lat="55.3482505872644" lon="-2.38537796048164"/>
      <trkpt lat="55.3483027450744" lon="-2.38479039803385"/>
      <trkpt lat="55.3483918257569" lon="-2.38420136995814"/>
      <trkpt lat="55.3485331298182" lon="-2.38354367565899"/>
      <trkpt lat="55.3486906461992" lon="-2.38290017419168"/>
      <trkpt lat="55.3488696070337" lon="-2.382263246714"/>
      <trkpt lat="55.3491087002634" lon="-2.38138401387193"/>
      <trkpt lat="55.3491409372148" lon="-2.38112896389554"/>
      <trkpt lat="55.3491713778727" lon="-2.38087376537515"/>
      <trkpt lat="55.3491975970543" lon="-2.38024315819613"/>
      <trkpt lat="55.3492013308508" lon="-2.37962039638353"/>
      <trkpt lat="55.3491693955538" lon="-2.37891199964103"/>
      <trkpt lat="55.3493634494327" lon="-2.37893439640224"/>
      <trkpt lat="55.3495836303871" lon="-2.37890334417784"/>
      <trkpt lat="55.3501334089062" lon="-2.37895592465883"/>
      <trkpt lat="55.3505332268127" lon="-2.37896130439433"/>
      <trkpt lat="55.3507097521521" lon="-2.37855289117561"/>
      <trkpt lat="55.3508399296047" lon="-2.37828771113895"/>
      <trkpt lat="55.351307793206" lon="-2.37781432293551"/>
      <trkpt lat="55.3513988604458" lon="-2.37770479626295"/>
      <trkpt lat="55.3514855313983" lon="-2.37759366754055"/>
      <trkpt lat="55.3515685624769" lon="-2.37746820147814"/>
      <trkpt lat="55.3518376928226" lon="-2.37703243477048"/>
      <trkpt lat="55.3523209910289" lon="-2.37647555635049"/>
      <trkpt lat="55.3529573395916" lon="-2.37583650524901"/>
      <trkpt lat="55.3532826581663" lon="-2.37553049639491"/>
      <trkpt lat="55.3535513362333" lon="-2.3752396831588"/>
      <trkpt lat="55.3537840482493" lon="-2.37495957848685"/>
      <trkpt lat="55.3540358699883" lon="-2.37459928782476"/>
      <trkpt lat="55.3542742823428" lon="-2.37418828208352"/>
      <trkpt lat="55.3545657271161" lon="-2.37379519577195"/>
      <trkpt lat="55.3547085843627" lon="-2.37352216075612"/>
      <trkpt lat="55.3548641249528" lon="-2.37318448436634"/>
      <trkpt lat="55.3550693086992" lon="-2.37279837784988"/>
      <trkpt lat="55.3551559579497" lon="-2.37236863005775"/>
      <trkpt lat="55.3551907711428" lon="-2.37214658770156"/>
      <trkpt lat="55.3553039024524" lon="-2.37130862895109"/>
      <trkpt lat="55.3553396402125" lon="-2.37107710037225"/>
      <trkpt lat="55.3553816030655" lon="-2.37086617729354"/>
      <trkpt lat="55.35542894075" lon="-2.37065998513094"/>
      <trkpt lat="55.355494253734" lon="-2.37045083912779"/>
      <trkpt lat="55.3555622412375" lon="-2.37024795997654"/>
      <trkpt lat="55.3557053581467" lon="-2.3698866094071"/>
      <trkpt lat="55.3558642949451" lon="-2.36961045178473"/>
      <trkpt lat="55.35607739954" lon="-2.36927497715679"/>
      <trkpt lat="55.3562247333368" lon="-2.36900338774989"/>
      <trkpt lat="55.3564323989254" lon="-2.36865368163704"/>
      <trkpt lat="55.3565789431818" lon="-2.36834579728452"/>
      <trkpt lat="55.3566513519425" lon="-2.36816518763603"/>
      <trkpt lat="55.3568651792856" lon="-2.36758833959391"/>
      <trkpt lat="55.3570343952381" lon="-2.36717818166164"/>
      <trkpt lat="55.3571005099837" lon="-2.36699894009918"/>
      <trkpt lat="55.3571649224488" lon="-2.36681825161296"/>
      <trkpt lat="55.3574109107619" lon="-2.36596871785561"/>
      <trkpt lat="55.3574290659552" lon="-2.36590581170977"/>
      <trkpt lat="55.357620941118" lon="-2.36545644597336"/>
      <trkpt lat="55.3578579950433" lon="-2.36521895009632"/>
      <trkpt lat="55.3581556943586" lon="-2.36482738165921"/>
      <trkpt lat="55.3583269184555" lon="-2.36464441635139"/>
      <trkpt lat="55.3587614046618" lon="-2.36419882327599"/>
      <trkpt lat="55.3588035102435" lon="-2.36393585572718"/>
      <trkpt lat="55.3589090183188" lon="-2.36319539627186"/>
      <trkpt lat="55.3589726675057" lon="-2.36263441244217"/>
      <trkpt lat="55.3590559918313" lon="-2.36210208856892"/>
      <trkpt lat="55.3591017561785" lon="-2.36154249781986"/>
      <trkpt lat="55.3592218391665" lon="-2.3610326143669"/>
      <trkpt lat="55.3593231032758" lon="-2.36050669011859"/>
      <trkpt lat="55.3596222964853" lon="-2.3596024096277"/>
      <trkpt lat="55.3597414423675" lon="-2.35913347257664"/>
      <trkpt lat="55.3598413049058" lon="-2.35877633431638"/>
      <trkpt lat="55.3599870659408" lon="-2.35838956651303"/>
      <trkpt lat="55.36016606311" lon="-2.35803314048056"/>
      <trkpt lat="55.3603674098306" lon="-2.357713197665"/>
      <trkpt lat="55.3608967227716" lon="-2.35705545554672"/>
      <trkpt lat="55.3610978367217" lon="-2.35681431569551"/>
      <trkpt lat="55.361286559565" lon="-2.35650998370011"/>
      <trkpt lat="55.3615084955866" lon="-2.35618227466033"/>
      <trkpt lat="55.3616864373017" lon="-2.35587783973305"/>
      <trkpt lat="55.361776489069" lon="-2.35580139108064"/>
      <trkpt lat="55.3620421386894" lon="-2.3556081627307"/>
      <trkpt lat="55.362198126684" lon="-2.35540770334417"/>
      <trkpt lat="55.3623534628779" lon="-2.3551535220567"/>
      <trkpt lat="55.3624674660656" lon="-2.35487217527546"/>
      <trkpt lat="55.3625916723637" lon="-2.35420124404322"/>
      <trkpt lat="55.3627928418299" lon="-2.35328803494376"/>
      <trkpt lat="55.3628979658193" lon="-2.35268963177516"/>
      <trkpt lat="55.3630298224924" lon="-2.35213386291655"/>
      <trkpt lat="55.3631859753641" lon="-2.35128188648479"/>
      <trkpt lat="55.3632791783038" lon="-2.35104612098358"/>
      <trkpt lat="55.3633338595467" lon="-2.35077359502686"/>
      <trkpt lat="55.3634331718401" lon="-2.35059940453647"/>
      <trkpt lat="55.3635965323613" lon="-2.3503626959436"/>
      <trkpt lat="55.3636391725515" lon="-2.35021635537953"/>
      <trkpt lat="55.3636782193525" lon="-2.35006998434111"/>
      <trkpt lat="55.3637238605688" lon="-2.34981636476907"/>
      <trkpt lat="55.3636589196326" lon="-2.34959493679447"/>
      <trkpt lat="55.3638028957614" lon="-2.34950789028718"/>
      <trkpt lat="55.3638660046601" lon="-2.34945954171873"/>
      <trkpt lat="55.3639518871389" lon="-2.349269357244"/>
      <trkpt lat="55.3640398946566" lon="-2.34896408083676"/>
      <trkpt lat="55.3641973616077" lon="-2.34858852552394"/>
      <trkpt lat="55.3643006695233" lon="-2.34827232311807"/>
      <trkpt lat="55.3644056746837" lon="-2.34799086379126"/>
      <trkpt lat="55.3644411795714" lon="-2.34785707234685"/>
      <trkpt lat="55.3645366800751" lon="-2.34744298586877"/>
      <trkpt lat="55.3646111773642" lon="-2.3471486381237"/>
      <trkpt lat="55.364622022555" lon="-2.34680963783447"/>
      <trkpt lat="55.3645815039918" lon="-2.34652690008281"/>
      <trkpt lat="55.3645501286117" lon="-2.34618740176958"/>
      <trkpt lat="55.3645655926209" lon="-2.34580265655277"/>
      <trkpt lat="55.3645605406642" lon="-2.34504846355708"/>
      <trkpt lat="55.3647212369715" lon="-2.34444724195087"/>
      <trkpt lat="55.3647946346937" lon="-2.34425381364118"/>
      <trkpt lat="55.364804119839" lon="-2.34407569702214"/>
      <trkpt lat="55.3649496399778" lon="-2.34375828388898"/>
      <trkpt lat="55.3649948649408" lon="-2.3436482457736"/>
      <trkpt lat="55.36503957311" lon="-2.34340253595191"/>
      <trkpt lat="55.3651266599679" lon="-2.34313195905373"/>
      <trkpt lat="55.3651320031331" lon="-2.34282906703343"/>
      <trkpt lat="55.3650994851312" lon="-2.34257319252063"/>
      <trkpt lat="55.365224349385" lon="-2.3425727114574"/>
      <trkpt lat="55.3652294644291" lon="-2.34235033188125"/>
      <trkpt lat="55.3652102783156" lon="-2.34214504071149"/>
      <trkpt lat="55.3652221102412" lon="-2.34208999204187"/>
      <trkpt lat="55.3652375266184" lon="-2.34203809631242"/>
      <trkpt lat="55.3652870554118" lon="-2.34199429761033"/>
      <trkpt lat="55.3654464676662" lon="-2.34187886797076"/>
      <trkpt lat="55.365490132515" lon="-2.34168361323334"/>
      <trkpt lat="55.3655076017564" lon="-2.34154029245691"/>
      <trkpt lat="55.365522388703" lon="-2.34139213520279"/>
      <trkpt lat="55.3655357764268" lon="-2.34110192678444"/>
      <trkpt lat="55.3656458903629" lon="-2.34091517602096"/>
      <trkpt lat="55.3657281682993" lon="-2.34075654239111"/>
      <trkpt lat="55.3658245520939" lon="-2.34066111632653"/>
      <trkpt lat="55.3659667701463" lon="-2.34055827757405"/>
      <trkpt lat="55.3660100852885" lon="-2.34048762859291"/>
      <trkpt lat="55.3660481052042" lon="-2.34041537371527"/>
      <trkpt lat="55.3660558064617" lon="-2.34023086165785"/>
      <trkpt lat="55.3660903015983" lon="-2.34010173298287"/>
      <trkpt lat="55.3662272881953" lon="-2.33994200481815"/>
      <trkpt lat="55.3664045880172" lon="-2.33985364140551"/>
      <trkpt lat="55.3665778324325" lon="-2.33989922345155"/>
      <trkpt lat="55.3666165813585" lon="-2.33985545910492"/>
      <trkpt lat="55.3667898242838" lon="-2.33961083791819"/>
      <trkpt lat="55.3668287126626" lon="-2.3395164743393"/>
      <trkpt lat="55.3669572807668" lon="-2.33915309499742"/>
      <trkpt lat="55.3669980687118" lon="-2.33905406433805"/>
      <trkpt lat="55.3671403499335" lon="-2.33892754303816"/>
      <trkpt lat="55.3672636747875" lon="-2.33851052237594"/>
      <trkpt lat="55.3672868754929" lon="-2.33824249656212"/>
      <trkpt lat="55.3672247400962" lon="-2.33797374270625"/>
      <trkpt lat="55.3671561153019" lon="-2.33777751790879"/>
      <trkpt lat="55.3671909347614" lon="-2.3375301435705"/>
      <trkpt lat="55.3672809093699" lon="-2.33747731649069"/>
      <trkpt lat="55.367299491798" lon="-2.33761158754209"/>
      <trkpt lat="55.3673575131818" lon="-2.33774450355894"/>
      <trkpt lat="55.367535608305" lon="-2.3379843278886"/>
      <trkpt lat="55.3675892765128" lon="-2.33806673656575"/>
      <trkpt lat="55.3676964761002" lon="-2.3383138943229"/>
      <trkpt lat="55.3678074636476" lon="-2.33845832148151"/>
      <trkpt lat="55.3679314874909" lon="-2.33846887681476"/>
      <trkpt lat="55.3680457033402" lon="-2.3384209420748"/>
      <trkpt lat="55.3682302426996" lon="-2.33860398242761"/>
      <trkpt lat="55.3683471207353" lon="-2.33860016902972"/>
      <trkpt lat="55.3685212262134" lon="-2.33865850173256"/>
      <trkpt lat="55.3686797305907" lon="-2.33886812201109"/>
      <trkpt lat="55.3688276556208" lon="-2.33897345391812"/>
      <trkpt lat="55.3688739682096" lon="-2.33914907443325"/>
      <trkpt lat="55.3689723348087" lon="-2.33930927064176"/>
      <trkpt lat="55.3690548722612" lon="-2.33966966378254"/>
      <trkpt lat="55.3691845342946" lon="-2.33991377604154"/>
      <trkpt lat="55.3692391004273" lon="-2.34031816115393"/>
      <trkpt lat="55.3693319343226" lon="-2.34052878800898"/>
      <trkpt lat="55.3694706547777" lon="-2.34071301224805"/>
      <trkpt lat="55.3694806930768" lon="-2.34097808571049"/>
      <trkpt lat="55.3696114539621" lon="-2.34114962477243"/>
      <trkpt lat="55.3696820989385" lon="-2.34126380036057"/>
      <trkpt lat="55.3697545186483" lon="-2.34138592465599"/>
      <trkpt lat="55.3699467586077" lon="-2.34173634932304"/>
      <trkpt lat="55.370181575214" lon="-2.34227954460744"/>
      <trkpt lat="55.3703030172843" lon="-2.34253778097183"/>
      <trkpt lat="55.3704263583162" lon="-2.34279122150965"/>
      <trkpt lat="55.3707212817023" lon="-2.34332870713026"/>
      <trkpt lat="55.3709656648822" lon="-2.34366216886978"/>
      <trkpt lat="55.3711800794442" lon="-2.34379177855694"/>
      <trkpt lat="55.3716760160929" lon="-2.34414486380826"/>
      <trkpt lat="55.3717807617549" lon="-2.34427040459043"/>
      <trkpt lat="55.3718827940863" lon="-2.3444021660147"/>
      <trkpt lat="55.372085062298" lon="-2.34469742024155"/>
      <trkpt lat="55.3730610115371" lon="-2.34623340041337"/>
      <trkpt lat="55.3732248327816" lon="-2.34579925918555"/>
      <trkpt lat="55.3733886347865" lon="-2.34540310399962"/>
      <trkpt lat="55.373663489146" lon="-2.34480742645431"/>
      <trkpt lat="55.3740263765852" lon="-2.34389219684771"/>
      <trkpt lat="55.3742727186486" lon="-2.34321116452429"/>
      <trkpt lat="55.3744127926311" lon="-2.34291249122634"/>
      <trkpt lat="55.3748420586631" lon="-2.34205777695744"/>
      <trkpt lat="55.3749505981821" lon="-2.34179212797813"/>
      <trkpt lat="55.3750573456705" lon="-2.34152477193478"/>
      <trkpt lat="55.3757909391208" lon="-2.33948593059036"/>
      <trkpt lat="55.3761908060005" lon="-2.33850625189076"/>
      <trkpt lat="55.37645758876" lon="-2.33789623442652"/>
      <trkpt lat="55.3767334785379" lon="-2.33724061613086"/>
      <trkpt lat="55.376918281815" lon="-2.33700551556626"/>
      <trkpt lat="55.3770262774184" lon="-2.33693383223404"/>
      <trkpt lat="55.3771388365156" lon="-2.33686843168651"/>
      <trkpt lat="55.3774122631361" lon="-2.336777725269"/>
      <trkpt lat="55.3776929635726" lon="-2.3366554609493"/>
      <trkpt lat="55.3779009694351" lon="-2.33647571745369"/>
      <trkpt lat="55.378003956067" lon="-2.33629820557262"/>
      <trkpt lat="55.3781077726679" lon="-2.33611289138239"/>
      <trkpt lat="55.3783383434891" lon="-2.33560036791473"/>
      <trkpt lat="55.3785211225848" lon="-2.335120614302"/>
      <trkpt lat="55.3787390262227" lon="-2.33463959216776"/>
      <trkpt lat="55.3789777998507" lon="-2.3340813207498"/>
      <trkpt lat="55.3793298671603" lon="-2.33348300691158"/>
      <trkpt lat="55.3796079833867" lon="-2.33298985150818"/>
      <trkpt lat="55.379939178192" lon="-2.33246707513143"/>
      <trkpt lat="55.3800375475743" lon="-2.33230056337877"/>
      <trkpt lat="55.380092815253" lon="-2.33212744470489"/>
      <trkpt lat="55.3802089724758" lon="-2.3317292029711"/>
      <trkpt lat="55.3802706733292" lon="-2.33150239625493"/>
      <trkpt lat="55.3803591788033" lon="-2.33099813079685"/>
      <trkpt lat="55.3804636238777" lon="-2.33057766545035"/>
      <trkpt lat="55.3804843524727" lon="-2.33055259518166"/>
      <trkpt lat="55.3806411541567" lon="-2.33040243868223"/>
      <trkpt lat="55.3809066361186" lon="-2.33025787245631"/>
      <trkpt lat="55.3812415369633" lon="-2.33002071223259"/>
      <trkpt lat="55.3811889387075" lon="-2.33053635074628"/>
      <trkpt lat="55.3813610797145" lon="-2.33099075530649"/>
      <trkpt lat="55.3814787463125" lon="-2.33135947416746"/>
      <trkpt lat="55.381708285242" lon="-2.33184741781046"/>
      <trkpt lat="55.381955319434" lon="-2.3325408553895"/>
      <trkpt lat="55.3821509510103" lon="-2.33297647580984"/>
      <trkpt lat="55.3825952144208" lon="-2.33381356135945"/>
      <trkpt lat="55.3827962095657" lon="-2.33425717756444"/>
      <trkpt lat="55.383000085024" lon="-2.33463289445683"/>
      <trkpt lat="55.383155195122" lon="-2.33474156347817"/>
      <trkpt lat="55.3832350816665" lon="-2.33476436143125"/>
      <trkpt lat="55.383318669729" lon="-2.33478081281871"/>
      <trkpt lat="55.3835126592431" lon="-2.3347966363087"/>
      <trkpt lat="55.3835135568801" lon="-2.33479664389414"/>
      <trkpt lat="55.3837399220247" lon="-2.33483174102564"/>
      <trkpt lat="55.3842097470722" lon="-2.33485939634951"/>
      <trkpt lat="55.3845332517958" lon="-2.33484950862974"/>
      <trkpt lat="55.3848909332741" lon="-2.33485721641761"/>
      <trkpt lat="55.3854029411632" lon="-2.33489785183066"/>
      <trkpt lat="55.3855693121392" lon="-2.33486295047221"/>
      <trkpt lat="55.3856919209735" lon="-2.33502978502746"/>
      <trkpt lat="55.3858075910245" lon="-2.33543315667527"/>
      <trkpt lat="55.3858941532671" lon="-2.33567386900362"/>
      <trkpt lat="55.3859827441583" lon="-2.33579773249795"/>
      <trkpt lat="55.3861588095707" lon="-2.3358308500517"/>
      <trkpt lat="55.3864948208018" lon="-2.33584632278533"/>
      <trkpt lat="55.3866673077621" lon="-2.33584140660988"/>
      <trkpt lat="55.386842596472" lon="-2.33583026982132"/>
      <trkpt lat="55.3873126464475" lon="-2.3357758183833"/>
      <trkpt lat="55.3875699216884" lon="-2.33567700681999"/>
      <trkpt lat="55.3877913009194" lon="-2.33556526362988"/>
      <trkpt lat="55.3881072336172" lon="-2.33536907491784"/>
      <trkpt lat="55.3883557732173" lon="-2.33518012015919"/>
      <trkpt lat="55.3885662476088" lon="-2.33508090631965"/>
      <trkpt lat="55.3887650427287" lon="-2.3350146484617"/>
      <trkpt lat="55.3891046166639" lon="-2.33504120793005"/>
      <trkpt lat="55.3893337715817" lon="-2.33504158503139"/>
      <trkpt lat="55.3894406970407" lon="-2.33503142699723"/>
      <trkpt lat="55.3896745341526" lon="-2.33496247085591"/>
      <trkpt lat="55.3900106494843" lon="-2.3349399330186"/>
      <trkpt lat="55.3902496585681" lon="-2.33494989436263"/>
      <trkpt lat="55.3903645907871" lon="-2.33496830646616"/>
      <trkpt lat="55.3906187416856" lon="-2.33502564185236"/>
      <trkpt lat="55.3907587729693" lon="-2.33506314038592"/>
      <trkpt lat="55.3908961690219" lon="-2.3351116797476"/>
      <trkpt lat="55.3910289671749" lon="-2.3351664286742"/>
      <trkpt lat="55.3912828924476" lon="-2.3353058936388"/>
      <trkpt lat="55.3915160749655" lon="-2.33547525127046"/>
      <trkpt lat="55.3917404009141" lon="-2.33556552971424"/>
      <trkpt lat="55.3919694467805" lon="-2.33560534813035"/>
      <trkpt lat="55.3922912407868" lon="-2.33556394945211"/>
      <trkpt lat="55.3925654516003" lon="-2.33551251557977"/>
      <trkpt lat="55.3926540988825" lon="-2.33561596394941"/>
      <trkpt lat="55.3927919154498" lon="-2.33583814841663"/>
      <trkpt lat="55.3943711883864" lon="-2.33825431667138"/>
      <trkpt lat="55.3945393025136" lon="-2.33853053859676"/>
      <trkpt lat="55.3947613371731" lon="-2.33883078554715"/>
      <trkpt lat="55.3948370851984" lon="-2.33904933902702"/>
      <trkpt lat="55.3950660139962" lon="-2.33977752086999"/>
      <trkpt lat="55.3951647248271" lon="-2.34013672755801"/>
      <trkpt lat="55.3955227701824" lon="-2.3406259955589"/>
      <trkpt lat="55.39596557701" lon="-2.3413529183563"/>
      <trkpt lat="55.3962313374441" lon="-2.34175471473867"/>
      <trkpt lat="55.3965410989656" lon="-2.34216158269328"/>
      <trkpt lat="55.3974147133481" lon="-2.3433705481119"/>
      <trkpt lat="55.3975293513193" lon="-2.34349312935195"/>
      <trkpt lat="55.3978169700471" lon="-2.34378618581764"/>
      <trkpt lat="55.3981737333158" lon="-2.34408765661411"/>
      <trkpt lat="55.398291149639" lon="-2.34418032577453"/>
      <trkpt lat="55.3986274379263" lon="-2.34441536337843"/>
      <trkpt lat="55.3993134048566" lon="-2.34494701652977"/>
      <trkpt lat="55.3994424551835" lon="-2.34473658879937"/>
      <trkpt lat="55.3994487743309" lon="-2.34472557855792"/>
      <trkpt lat="55.3996212323707" lon="-2.34444444731368"/>
      <trkpt lat="55.3997993484079" lon="-2.34403551907724"/>
      <trkpt lat="55.400345368092" lon="-2.3431923484634"/>
      <trkpt lat="55.4004151470141" lon="-2.34297501864063"/>
      <trkpt lat="55.4003705664503" lon="-2.34221511455312"/>
      <trkpt lat="55.4004073853724" lon="-2.34189803316782"/>
      <trkpt lat="55.4007901613413" lon="-2.34125091241831"/>
      <trkpt lat="55.4008994976203" lon="-2.34105279454011"/>
      <trkpt lat="55.4010884836448" lon="-2.34060760966355"/>
      <trkpt lat="55.4012430272621" lon="-2.34030416201864"/>
      <trkpt lat="55.4012676407211" lon="-2.34017496352625"/>
      <trkpt lat="55.4012644977605" lon="-2.33969010512001"/>
      <trkpt lat="55.4012200283781" lon="-2.3392065853974"/>
      <trkpt lat="55.4011613334048" lon="-2.33831232229834"/>
      <trkpt lat="55.4011595343952" lon="-2.33798865316275"/>
      <trkpt lat="55.4011918644767" lon="-2.33766683682232"/>
      <trkpt lat="55.401270548929" lon="-2.33750646227851"/>
      <trkpt lat="55.401430372376" lon="-2.33720773275805"/>
      <trkpt lat="55.4017184040704" lon="-2.33670490884756"/>
      <trkpt lat="55.4018872109163" lon="-2.33643788681604"/>
      <trkpt lat="55.4019254121864" lon="-2.33626609561401"/>
      <trkpt lat="55.4019779983272" lon="-2.33576282479976"/>
      <trkpt lat="55.4020246028985" lon="-2.33514740533803"/>
      <trkpt lat="55.4020557566994" lon="-2.33459655850753"/>
      <trkpt lat="55.4021030587482" lon="-2.33405222795004"/>
      <trkpt lat="55.4022314669754" lon="-2.33377378374061"/>
      <trkpt lat="55.4024252645763" lon="-2.33353065178634"/>
      <trkpt lat="55.4026090636945" lon="-2.33336320664292"/>
      <trkpt lat="55.4027989642465" lon="-2.3332637749146"/>
      <trkpt lat="55.4030903361259" lon="-2.33314462395156"/>
      <trkpt lat="55.4034408642147" lon="-2.33313976247402"/>
      <trkpt lat="55.4037690255808" lon="-2.33306831074124"/>
      <trkpt lat="55.4039128136742" lon="-2.33304582440111"/>
      <trkpt lat="55.4043217556371" lon="-2.33299874723917"/>
      <trkpt lat="55.4049208279249" lon="-2.33342694833917"/>
      <trkpt lat="55.4059343855597" lon="-2.33411295016802"/>
      <trkpt lat="55.4071926646827" lon="-2.33498426501718"/>
      <trkpt lat="55.4082080319561" lon="-2.33562934366392"/>
      <trkpt lat="55.4087611194375" lon="-2.33382260535281"/>
      <trkpt lat="55.4096402422734" lon="-2.33268331611546"/>
      <trkpt lat="55.4099106819565" lon="-2.33236655178339"/>
      <trkpt lat="55.4098552151576" lon="-2.3319523788193"/>
      <trkpt lat="55.409677001479" lon="-2.33072370446745"/>
      <trkpt lat="55.4095084469421" lon="-2.33060379608248"/>
      <trkpt lat="55.409320270419" lon="-2.33039856535009"/>
      <trkpt lat="55.4088729207964" lon="-2.32969986824336"/>
      <trkpt lat="55.4087638042706" lon="-2.3295236883506"/>
      <trkpt lat="55.4085205162053" lon="-2.32910159099243"/>
      <trkpt lat="55.4083167843431" lon="-2.3286671944215"/>
      <trkpt lat="55.4081500812691" lon="-2.3281919621971"/>
      <trkpt lat="55.4080415509375" lon="-2.32776305141214"/>
      <trkpt lat="55.4079654035948" lon="-2.32735029687898"/>
      <trkpt lat="55.4078964857152" lon="-2.32624890885289"/>
      <trkpt lat="55.4078532674673" lon="-2.32527573335739"/>
      <trkpt lat="55.4077933463359" lon="-2.32480465393758"/>
      <trkpt lat="55.4076396333152" lon="-2.32382888531341"/>
      <trkpt lat="55.4076098899096" lon="-2.32284801769528"/>
      <trkpt lat="55.4076334851478" lon="-2.32241707865667"/>
      <trkpt lat="55.407683020976" lon="-2.32202736709019"/>
      <trkpt lat="55.4077989564376" lon="-2.32166501676802"/>
      <trkpt lat="55.4078849806463" lon="-2.32143836596181"/>
      <trkpt lat="55.4079754263197" lon="-2.32120380469093"/>
      <trkpt lat="55.4081960354978" lon="-2.32069541909136"/>
      <trkpt lat="55.4080455163426" lon="-2.32051098911023"/>
      <trkpt lat="55.4079775036929" lon="-2.32041251777279"/>
      <trkpt lat="55.4075615862761" lon="-2.31969532990161"/>
      <trkpt lat="55.4075467908347" lon="-2.31951356457677"/>
      <trkpt lat="55.4074504317124" lon="-2.31888425684505"/>
      <trkpt lat="55.4074132590689" lon="-2.31832652348423"/>
      <trkpt lat="55.4073240139025" lon="-2.31741146503596"/>
      <trkpt lat="55.4073136076329" lon="-2.31726762795724"/>
      <trkpt lat="55.4073231036181" lon="-2.31707030462605"/>
      <trkpt lat="55.4073635138518" lon="-2.31638207243356"/>
      <trkpt lat="55.407326885902" lon="-2.31595690199332"/>
      <trkpt lat="55.407144711389" lon="-2.31480894516671"/>
      <trkpt lat="55.4070835198189" lon="-2.31450207444948"/>
      <trkpt lat="55.4070214249254" lon="-2.31419675938608"/>
      <trkpt lat="55.4067893026025" lon="-2.31325376475155"/>
      <trkpt lat="55.4074707223384" lon="-2.31312334939638"/>
      <trkpt lat="55.4086745590458" lon="-2.31286437187268"/>
      <trkpt lat="55.409855193151" lon="-2.31254515976013"/>
      <trkpt lat="55.4099249714491" lon="-2.3119550354255"/>
      <trkpt lat="55.4099881357195" lon="-2.31113905676705"/>
      <trkpt lat="55.4100300717649" lon="-2.31089769906293"/>
      <trkpt lat="55.4101185038597" lon="-2.3104229589581"/>
      <trkpt lat="55.4101667053444" lon="-2.31018959304296"/>
      <trkpt lat="55.4102734396837" lon="-2.30989990630329"/>
      <trkpt lat="55.4105958777141" lon="-2.30924533206626"/>
      <trkpt lat="55.4106529326586" lon="-2.30906255575832"/>
      <trkpt lat="55.4109629839946" lon="-2.30797527327047"/>
      <trkpt lat="55.4110631138349" lon="-2.30748797585165"/>
      <trkpt lat="55.4112483787803" lon="-2.30668710690385"/>
      <trkpt lat="55.4113848565566" lon="-2.30638955908188"/>
      <trkpt lat="55.411589722696" lon="-2.30600893573688"/>
      <trkpt lat="55.4118791317177" lon="-2.30562270981328"/>
      <trkpt lat="55.4125097247577" lon="-2.30461831153798"/>
      <trkpt lat="55.4127254195302" lon="-2.30425194621623"/>
      <trkpt lat="55.4128493639057" lon="-2.30389906727163"/>
      <trkpt lat="55.4129780879068" lon="-2.30346574017661"/>
      <trkpt lat="55.4132406833408" lon="-2.30265902396698"/>
      <trkpt lat="55.4134103957368" lon="-2.30232224213241"/>
      <trkpt lat="55.4135629387992" lon="-2.30206281388024"/>
      <trkpt lat="55.4136606394278" lon="-2.30178551501444"/>
      <trkpt lat="55.4136078110095" lon="-2.30135235365901"/>
      <trkpt lat="55.4136132953249" lon="-2.30094971859765"/>
      <trkpt lat="55.4137014231037" lon="-2.30054601932608"/>
      <trkpt lat="55.4140277384438" lon="-2.2993890356785"/>
      <trkpt lat="55.4142114812244" lon="-2.29885816106889"/>
      <trkpt lat="55.4143058668162" lon="-2.29846400553849"/>
      <trkpt lat="55.41453427705" lon="-2.29729531031271"/>
      <trkpt lat="55.4146786757801" lon="-2.29627912949622"/>
      <trkpt lat="55.4147570744055" lon="-2.29617709122045"/>
      <trkpt lat="55.4149221383655" lon="-2.29593504578969"/>
      <trkpt lat="55.4150807544487" lon="-2.29572134288993"/>
      <trkpt lat="55.415167338794" lon="-2.29561467546938"/>
      <trkpt lat="55.4152681062887" lon="-2.2955490070917"/>
      <trkpt lat="55.415371556788" lon="-2.2954881777087"/>
      <trkpt lat="55.4155118801475" lon="-2.29544663672653"/>
      <trkpt lat="55.415657504238" lon="-2.29540500707457"/>
      <trkpt lat="55.4164586019406" lon="-2.29521836023476"/>
      <trkpt lat="55.4168758191656" lon="-2.29508563062217"/>
      <trkpt lat="55.417522903031" lon="-2.29465752510314"/>
      <trkpt lat="55.4178857591788" lon="-2.29434438373402"/>
      <trkpt lat="55.4182152452196" lon="-2.29408608035075"/>
      <trkpt lat="55.4185187380526" lon="-2.29380400727128"/>
      <trkpt lat="55.4195575753377" lon="-2.2941545434868"/>
      <trkpt lat="55.4204651517317" lon="-2.2945136296386"/>
      <trkpt lat="55.420752970859" lon="-2.29324083709746"/>
      <trkpt lat="55.4210891466303" lon="-2.29168729127455"/>
      <trkpt lat="55.4215097427688" lon="-2.28979293389749"/>
      <trkpt lat="55.4224485047669" lon="-2.2856906158427"/>
      <trkpt lat="55.4227717848546" lon="-2.28423311003051"/>
      <trkpt lat="55.4228867584409" lon="-2.28385005427624"/>
      <trkpt lat="55.4230906649329" lon="-2.28350397738941"/>
      <trkpt lat="55.423376225608" lon="-2.28319638801322"/>
      <trkpt lat="55.4239118063331" lon="-2.2827609675069"/>
      <trkpt lat="55.4244538836553" lon="-2.28227347674966"/>
      <trkpt lat="55.4247420667704" lon="-2.28199584726876"/>
      <trkpt lat="55.4249088548687" lon="-2.28177271394351"/>
      <trkpt lat="55.4251117097601" lon="-2.28145187252186"/>
      <trkpt lat="55.4254214810297" lon="-2.28076989763403"/>
      <trkpt lat="55.4255135978348" lon="-2.28059520639147"/>
      <trkpt lat="55.4256056101849" lon="-2.28042676718386"/>
      <trkpt lat="55.4258066283196" lon="-2.28012166349742"/>
      <trkpt lat="55.426199893181" lon="-2.278710336986"/>
      <trkpt lat="55.4263965175569" lon="-2.27796603568145"/>
      <trkpt lat="55.4263676320943" lon="-2.27763246336899"/>
      <trkpt lat="55.4261275155586" lon="-2.27533185822079"/>
      <trkpt lat="55.4260620296753" lon="-2.27449401266568"/>
      <trkpt lat="55.4259807356026" lon="-2.27389302443312"/>
      <trkpt lat="55.4266143557458" lon="-2.27342659922213"/>
      <trkpt lat="55.4278852491569" lon="-2.27246363666739"/>
      <trkpt lat="55.4282929203736" lon="-2.27216927610213"/>
      <trkpt lat="55.4285972246802" lon="-2.27190286223872"/>
      <trkpt lat="55.4287863215748" lon="-2.27173818363423"/>
      <trkpt lat="55.4290287287432" lon="-2.27143329377343"/>
      <trkpt lat="55.4295928913397" lon="-2.27064712349588"/>
      <trkpt lat="55.4297302150757" lon="-2.26992746040672"/>
      <trkpt lat="55.4298904156542" lon="-2.26897421587979"/>
      <trkpt lat="55.4299840642502" lon="-2.26850387138684"/>
      <trkpt lat="55.4300024877479" lon="-2.26829540875462"/>
      <trkpt lat="55.4299697060329" lon="-2.26808829448278"/>
      <trkpt lat="55.4298956822232" lon="-2.26780338041856"/>
      <trkpt lat="55.4295581430915" lon="-2.26684194689156"/>
      <trkpt lat="55.429303522735" lon="-2.26616223700445"/>
      <trkpt lat="55.4290134658531" lon="-2.26529443112743"/>
      <trkpt lat="55.428920593226" lon="-2.26499989221711"/>
      <trkpt lat="55.4288439206965" lon="-2.26473230291527"/>
      <trkpt lat="55.4287708227193" lon="-2.26447268335053"/>
      <trkpt lat="55.4287397522647" lon="-2.26430180791321"/>
      <trkpt lat="55.4287086849513" lon="-2.26412936845816"/>
      <trkpt lat="55.4286158447742" lon="-2.26340191275218"/>
      <trkpt lat="55.4285955216481" lon="-2.26324544188953"/>
      <trkpt lat="55.428558150818" lon="-2.26224333675346"/>
      <trkpt lat="55.4293587431248" lon="-2.26226766387621"/>
      <trkpt lat="55.4295687739674" lon="-2.26192771370606"/>
      <trkpt lat="55.4298923393378" lon="-2.26146526006177"/>
      <trkpt lat="55.4299885577151" lon="-2.2614596417334"/>
      <trkpt lat="55.430412802843" lon="-2.26138336259227"/>
      <trkpt lat="55.4306627513531" lon="-2.26132026121643"/>
      <trkpt lat="55.4308893736692" lon="-2.26120163175951"/>
      <trkpt lat="55.4310854329696" lon="-2.26113504709609"/>
      <trkpt lat="55.4315617389821" lon="-2.26111916866763"/>
      <trkpt lat="55.4317620205353" lon="-2.26113625512662"/>
      <trkpt lat="55.4319355450995" lon="-2.26110587017055"/>
      <trkpt lat="55.4322152651756" lon="-2.26098289742306"/>
      <trkpt lat="55.4326397929711" lon="-2.26077396959859"/>
      <trkpt lat="55.4329339691887" lon="-2.26061147792587"/>
      <trkpt lat="55.4328440178473" lon="-2.26024749332086"/>
      <trkpt lat="55.4327823668806" lon="-2.26009216734024"/>
      <trkpt lat="55.4327152464398" lon="-2.25993211566408"/>
      <trkpt lat="55.4324906181678" lon="-2.25953559035855"/>
      <trkpt lat="55.4324020792345" lon="-2.25930908016192"/>
      <trkpt lat="55.4323190284489" lon="-2.25907778715521"/>
      <trkpt lat="55.432185314822" lon="-2.25859170261175"/>
      <trkpt lat="55.4321629189895" lon="-2.25813800953693"/>
      <trkpt lat="55.4322362908311" lon="-2.2574226604639"/>
      <trkpt lat="55.4322547485001" lon="-2.2571889050825"/>
      <trkpt lat="55.432257537988" lon="-2.25671648200887"/>
      <trkpt lat="55.4322226951031" lon="-2.25619795310246"/>
      <trkpt lat="55.4321971084276" lon="-2.25597655105844"/>
      <trkpt lat="55.4321165647191" lon="-2.25535974696315"/>
      <trkpt lat="55.4320508873262" lon="-2.25497847984672"/>
      <trkpt lat="55.4320486904018" lon="-2.25473977168252"/>
      <trkpt lat="55.4320231215195" lon="-2.25450898978817"/>
      <trkpt lat="55.431993974873" lon="-2.25427010858875"/>
      <trkpt lat="55.4318971168955" lon="-2.25376226022734"/>
      <trkpt lat="55.4318768135651" lon="-2.25315692673748"/>
      <trkpt lat="55.4319049362011" lon="-2.25258981766524"/>
      <trkpt lat="55.4320060603006" lon="-2.25190460746382"/>
      <trkpt lat="55.4320366533377" lon="-2.25144330857454"/>
      <trkpt lat="55.4320419137176" lon="-2.25019345193815"/>
      <trkpt lat="55.4320611854882" lon="-2.24955514351168"/>
      <trkpt lat="55.4320626767278" lon="-2.24926434259899"/>
      <trkpt lat="55.4320605683061" lon="-2.24897677430821"/>
      <trkpt lat="55.4320384164665" lon="-2.24838563113935"/>
      <trkpt lat="55.4320209426238" lon="-2.24725719523884"/>
      <trkpt lat="55.4320479003973" lon="-2.24680850889412"/>
      <trkpt lat="55.4320529978221" lon="-2.24606274897889"/>
      <trkpt lat="55.4320754906055" lon="-2.24515110655009"/>
      <trkpt lat="55.4321335715101" lon="-2.24395838195095"/>
      <trkpt lat="55.4321464000688" lon="-2.24338165745299"/>
      <trkpt lat="55.432174354201" lon="-2.24287616494567"/>
      <trkpt lat="55.432146268419" lon="-2.24254413792075"/>
      <trkpt lat="55.432045541116" lon="-2.24215160320978"/>
      <trkpt lat="55.4319739004424" lon="-2.24158543789836"/>
      <trkpt lat="55.4318984456516" lon="-2.24112986943121"/>
      <trkpt lat="55.4318450077083" lon="-2.24085137216128"/>
      <trkpt lat="55.4317889640225" lon="-2.24057299095859"/>
      <trkpt lat="55.431644438352" lon="-2.24006645433988"/>
      <trkpt lat="55.4315043831249" lon="-2.23952346756688"/>
      <trkpt lat="55.4313588827822" lon="-2.23859349229854"/>
      <trkpt lat="55.4312798306008" lon="-2.23813478777421"/>
      <trkpt lat="55.4311550680398" lon="-2.23757613902293"/>
      <trkpt lat="55.4310394671654" lon="-2.23697025488033"/>
      <trkpt lat="55.4309869344243" lon="-2.23672981958506"/>
      <trkpt lat="55.430961966402" lon="-2.23663482041063"/>
      <trkpt lat="55.4308455011533" lon="-2.23642709638992"/>
      <trkpt lat="55.4306204604673" lon="-2.2361586624922"/>
      <trkpt lat="55.4303776350469" lon="-2.23584283258369"/>
      <trkpt lat="55.430168709535" lon="-2.23560134027209"/>
      <trkpt lat="55.4299912482539" lon="-2.23534752917273"/>
      <trkpt lat="55.42993127655" lon="-2.23523656147953"/>
      <trkpt lat="55.4298758027893" lon="-2.23512236257916"/>
      <trkpt lat="55.4297927738183" lon="-2.2348564796914"/>
      <trkpt lat="55.4295429874394" lon="-2.23437464267858"/>
      <trkpt lat="55.4293754434651" lon="-2.23410031577173"/>
      <trkpt lat="55.4292394537911" lon="-2.23381341185005"/>
      <trkpt lat="55.4291768675554" lon="-2.23365983001005"/>
      <trkpt lat="55.4290552374712" lon="-2.23333197332722"/>
      <trkpt lat="55.4289096318227" lon="-2.23290457413238"/>
      <trkpt lat="55.4287030602209" lon="-2.23236764409138"/>
      <trkpt lat="55.4286789903635" lon="-2.23227109585031"/>
      <trkpt lat="55.4284292568376" lon="-2.2312821090241"/>
      <trkpt lat="55.4286812324412" lon="-2.2310892039984"/>
      <trkpt lat="55.4291058293411" lon="-2.23086421150987"/>
      <trkpt lat="55.430016151654" lon="-2.23034174024851"/>
      <trkpt lat="55.4305766010071" lon="-2.22995622717729"/>
      <trkpt lat="55.4305261449538" lon="-2.2295593409514"/>
      <trkpt lat="55.4303954030432" lon="-2.22886324489691"/>
      <trkpt lat="55.430352061928" lon="-2.22850275322551"/>
      <trkpt lat="55.430350830142" lon="-2.22820087352034"/>
      <trkpt lat="55.4306272951261" lon="-2.22686572488879"/>
      <trkpt lat="55.4308741978062" lon="-2.22552713233355"/>
      <trkpt lat="55.4310475151369" lon="-2.22462900032424"/>
      <trkpt lat="55.4311336327342" lon="-2.22420435822494"/>
      <trkpt lat="55.4313329067586" lon="-2.22335222349826"/>
      <trkpt lat="55.4318066658191" lon="-2.22320310953088"/>
      <trkpt lat="55.4322346506474" lon="-2.22308226681482"/>
      <trkpt lat="55.4326017702945" lon="-2.22229905849386"/>
      <trkpt lat="55.4328957900072" lon="-2.22170018536499"/>
      <trkpt lat="55.4331420451182" lon="-2.22113582310832"/>
      <trkpt lat="55.4332577857223" lon="-2.22076512815095"/>
      <trkpt lat="55.4333871948267" lon="-2.22023645745371"/>
      <trkpt lat="55.4335707816182" lon="-2.21960058894655"/>
      <trkpt lat="55.4342282807802" lon="-2.21721482053441"/>
      <trkpt lat="55.4344189735215" lon="-2.21656476121329"/>
      <trkpt lat="55.4346149856828" lon="-2.21600319998307"/>
      <trkpt lat="55.4350824697013" lon="-2.21436212894206"/>
      <trkpt lat="55.4352896552706" lon="-2.21351785017251"/>
      <trkpt lat="55.4357877898098" lon="-2.21179466481527"/>
      <trkpt lat="55.436026515639" lon="-2.21093462855757"/>
      <trkpt lat="55.4368723996505" lon="-2.2080722453522"/>
      <trkpt lat="55.4371916322114" lon="-2.20686648685726"/>
      <trkpt lat="55.4375387606221" lon="-2.20562449712917"/>
      <trkpt lat="55.4376567265896" lon="-2.20550496362233"/>
      <trkpt lat="55.4377799236538" lon="-2.20542663559846"/>
      <trkpt lat="55.4378491655731" lon="-2.20538268986565"/>
      <trkpt lat="55.4379806401062" lon="-2.20524276713658"/>
      <trkpt lat="55.4380395117999" lon="-2.20495534528448"/>
      <trkpt lat="55.438174791277" lon="-2.20463521942418"/>
      <trkpt lat="55.4382635154712" lon="-2.20427536567921"/>
      <trkpt lat="55.4383608596002" lon="-2.20407831351347"/>
      <trkpt lat="55.4385698269014" lon="-2.20379335465788"/>
      <trkpt lat="55.4386931258644" lon="-2.20365325241497"/>
      <trkpt lat="55.4390432753303" lon="-2.20327727205616"/>
      <trkpt lat="55.4395409383282" lon="-2.20283740720067"/>
      <trkpt lat="55.4398253293607" lon="-2.20257015019338"/>
      <trkpt lat="55.4400169219319" lon="-2.20241461997082"/>
      <trkpt lat="55.4405649875025" lon="-2.20191321868887"/>
      <trkpt lat="55.4406847431582" lon="-2.20174154652702"/>
      <trkpt lat="55.4408110719964" lon="-2.2014513153358"/>
      <trkpt lat="55.4409319849416" lon="-2.20112156826492"/>
      <trkpt lat="55.4411232352933" lon="-2.20068166379864"/>
      <trkpt lat="55.4414144535756" lon="-2.20008248497362"/>
      <trkpt lat="55.4414180598377" lon="-2.20007455273571"/>
      <trkpt lat="55.4415362407099" lon="-2.19976537330264"/>
      <trkpt lat="55.4418747295078" lon="-2.19882027894773"/>
      <trkpt lat="55.4421316023778" lon="-2.1983457547146"/>
      <trkpt lat="55.4425332767007" lon="-2.1977598691261"/>
      <trkpt lat="55.4429368144587" lon="-2.19713110202631"/>
      <trkpt lat="55.4430773564294" lon="-2.19693266076216"/>
      <trkpt lat="55.4434663491517" lon="-2.1964081981542"/>
      <trkpt lat="55.44371039812" lon="-2.19608228192088"/>
      <trkpt lat="55.4440786487036" lon="-2.19560670385147"/>
      <trkpt lat="55.4444776404548" lon="-2.19500484780161"/>
      <trkpt lat="55.444590249324" lon="-2.19485838643413"/>
      <trkpt lat="55.4447045577507" lon="-2.19471662582746"/>
      <trkpt lat="55.445257972863" lon="-2.19421990773038"/>
      <trkpt lat="55.4454000256762" lon="-2.19414149091585"/>
      <trkpt lat="55.4459045308817" lon="-2.19389737045131"/>
      <trkpt lat="55.4463243690373" lon="-2.19373976412987"/>
      <trkpt lat="55.4467561226899" lon="-2.19348901840041"/>
      <trkpt lat="55.447213738017" lon="-2.19329991684866"/>
      <trkpt lat="55.4481544128241" lon="-2.19336147576389"/>
      <trkpt lat="55.4485479632021" lon="-2.19335388473445"/>
      <trkpt lat="55.4488650821913" lon="-2.19339492963336"/>
      <trkpt lat="55.4492307448123" lon="-2.19346945318006"/>
      <trkpt lat="55.4497993535724" lon="-2.19352919835886"/>
      <trkpt lat="55.4499279969996" lon="-2.19346660728111"/>
      <trkpt lat="55.4500278365756" lon="-2.19338484495692"/>
      <trkpt lat="55.450127682646" lon="-2.19329838850832"/>
      <trkpt lat="55.4503113454" lon="-2.19309372289103"/>
      <trkpt lat="55.4505506691123" lon="-2.19290992079837"/>
      <trkpt lat="55.4508877425848" lon="-2.19282944284232"/>
      <trkpt lat="55.4514738926477" lon="-2.19264563356657"/>
      <trkpt lat="55.4519736235964" lon="-2.19252162282637"/>
      <trkpt lat="55.45255090476" lon="-2.19226515082292"/>
      <trkpt lat="55.4527669171697" lon="-2.19205280203769"/>
      <trkpt lat="55.4530731279009" lon="-2.19160363224927"/>
      <trkpt lat="55.4534800386822" lon="-2.19109497643379"/>
      <trkpt lat="55.4539888723043" lon="-2.19037483123828"/>
      <trkpt lat="55.4543083825114" lon="-2.19003481375182"/>
      <trkpt lat="55.4545791869348" lon="-2.18982114287914"/>
      <trkpt lat="55.454792305104" lon="-2.18967667737016"/>
      <trkpt lat="55.4549290969959" lon="-2.18957134616525"/>
      <trkpt lat="55.455064908588" lon="-2.18946131508096"/>
      <trkpt lat="55.455456282183" lon="-2.18911849739482"/>
      <trkpt lat="55.455597582299" lon="-2.18900223283257"/>
      <trkpt lat="55.4557855477416" lon="-2.18885763902544"/>
      <trkpt lat="55.4562569711665" lon="-2.18850567220404"/>
      <trkpt lat="55.4564385470579" lon="-2.18842596931939"/>
      <trkpt lat="55.4567052688177" lon="-2.18852841088837"/>
      <trkpt lat="55.4570986047807" lon="-2.18871685140652"/>
      <trkpt lat="55.4575278220059" lon="-2.18888017661084"/>
      <trkpt lat="55.4578637448805" lon="-2.18896079038289"/>
      <trkpt lat="55.4582347117862" lon="-2.18903375057308"/>
      <trkpt lat="55.459222653125" lon="-2.18931684001288"/>
      <trkpt lat="55.4604082631407" lon="-2.18962775174146"/>
      <trkpt lat="55.4608078540115" lon="-2.18977831025735"/>
      <trkpt lat="55.4610442420895" lon="-2.18974619676192"/>
      <trkpt lat="55.4611657682091" lon="-2.18963764470193"/>
      <trkpt lat="55.4617154099213" lon="-2.18860447111934"/>
      <trkpt lat="55.4619260695011" lon="-2.1883634733397"/>
      <trkpt lat="55.4621152381902" lon="-2.1880781662751"/>
      <trkpt lat="55.4623819248496" lon="-2.18756073910402"/>
      <trkpt lat="55.4629359680713" lon="-2.18663340335451"/>
      <trkpt lat="55.4631596334464" lon="-2.18610792938216"/>
      <trkpt lat="55.4633904039794" lon="-2.18563450909748"/>
      <trkpt lat="55.4636480402016" lon="-2.18515494957311"/>
      <trkpt lat="55.4638759272456" lon="-2.18480329484342"/>
      <trkpt lat="55.4640850074115" lon="-2.18441373415606"/>
      <trkpt lat="55.4641619739514" lon="-2.1840076439621"/>
      <trkpt lat="55.4642056906772" lon="-2.18360922306891"/>
      <trkpt lat="55.4642950278284" lon="-2.18333762826272"/>
      <trkpt lat="55.4643704714858" lon="-2.18280660648764"/>
      <trkpt lat="55.4644427118856" lon="-2.18255383697911"/>
      <trkpt lat="55.4646386758353" lon="-2.18191904693241"/>
      <trkpt lat="55.4647507435869" lon="-2.18146094809785"/>
      <trkpt lat="55.4648413600182" lon="-2.18092985641671"/>
      <trkpt lat="55.4650658427953" lon="-2.17983330402409"/>
      <trkpt lat="55.4652696665507" lon="-2.17872869204387"/>
      <trkpt lat="55.4654945751188" lon="-2.17726360085436"/>
      <trkpt lat="55.465669512978" lon="-2.17624111983024"/>
      <trkpt lat="55.4659079763608" lon="-2.17538817175402"/>
      <trkpt lat="55.4659877300451" lon="-2.17489664522096"/>
      <trkpt lat="55.4661024560008" lon="-2.17444634677141"/>
      <trkpt lat="55.4661621258133" lon="-2.17417771745126"/>
      <trkpt lat="55.4662085296604" lon="-2.1738253083595"/>
      <trkpt lat="55.4663695208796" lon="-2.1730525874363"/>
      <trkpt lat="55.4664474511679" lon="-2.17257369065403"/>
      <trkpt lat="55.4665788028908" lon="-2.17185625256675"/>
      <trkpt lat="55.4666939257807" lon="-2.17111487435358"/>
      <trkpt lat="55.4667292398141" lon="-2.17091420227126"/>
      <trkpt lat="55.4667663387484" lon="-2.17072136184674"/>
      <trkpt lat="55.4668549586451" lon="-2.17036430159001"/>
      <trkpt lat="55.4670271462192" lon="-2.16927536543947"/>
      <trkpt lat="55.467128485315" lon="-2.16874595526607"/>
      <trkpt lat="55.4672057512394" lon="-2.16814993182863"/>
      <trkpt lat="55.4673432558561" lon="-2.1674467084025"/>
      <trkpt lat="55.4674684622588" lon="-2.16653620808204"/>
      <trkpt lat="55.4683818652578" lon="-2.16552141797729"/>
      <trkpt lat="55.4685592575304" lon="-2.16593191545183"/>
      <trkpt lat="55.468664099546" lon="-2.16612054024922"/>
      <trkpt lat="55.4687572900836" lon="-2.16635658706457"/>
      <trkpt lat="55.4689045163506" lon="-2.1670816506432"/>
      <trkpt lat="55.4689604189042" lon="-2.16758489039793"/>
      <trkpt lat="55.4690200496211" lon="-2.16798851213754"/>
      <trkpt lat="55.4690616617402" lon="-2.16849482419454"/>
      <trkpt lat="55.4694499261826" lon="-2.1690596125812"/>
      <trkpt lat="55.4696559635961" lon="-2.16946856490135"/>
      <trkpt lat="55.4699329502772" lon="-2.16995216275265"/>
      <trkpt lat="55.4703660960728" lon="-2.17059933522341"/>
      <trkpt lat="55.4706815778157" lon="-2.17117336826543"/>
      <trkpt lat="55.4709065674529" lon="-2.17151434647324"/>
      <trkpt lat="55.471596000497" lon="-2.17265944610412"/>
      <trkpt lat="55.4719994822277" lon="-2.17324811559283"/>
      <trkpt lat="55.4721266909264" lon="-2.17349230562368"/>
      <trkpt lat="55.472271074759" lon="-2.17372378990929"/>
      <trkpt lat="55.4722977772207" lon="-2.17389632872192"/>
      <trkpt lat="55.4722982947752" lon="-2.17416370111244"/>
      <trkpt lat="55.4723310414328" lon="-2.17450712247124"/>
      <trkpt lat="55.472352644064" lon="-2.17510351816218"/>
      <trkpt lat="55.4724069550683" lon="-2.17606551045858"/>
      <trkpt lat="55.4724607942479" lon="-2.17672700489994"/>
      <trkpt lat="55.4725013564595" lon="-2.17731253301467"/>
      <trkpt lat="55.4725590379823" lon="-2.17779836380805"/>
      <trkpt lat="55.4726142566926" lon="-2.17812454677644"/>
      <trkpt lat="55.4727958323527" lon="-2.17932906559523"/>
      <trkpt lat="55.4731319015441" lon="-2.18174453558606"/>
      <trkpt lat="55.4733553532142" lon="-2.18369298112181"/>
      <trkpt lat="55.4733726133564" lon="-2.1841612978214"/>
      <trkpt lat="55.4733755929608" lon="-2.18456785442177"/>
      <trkpt lat="55.4734146801609" lon="-2.18491602014243"/>
      <trkpt lat="55.4734924327823" lon="-2.185770557667"/>
      <trkpt lat="55.4735641738395" lon="-2.18644012273487"/>
      <trkpt lat="55.4736049776818" lon="-2.18677877668947"/>
      <trkpt lat="55.4736832850883" lon="-2.18726316768882"/>
      <trkpt lat="55.4737537483121" lon="-2.18764800731582"/>
      <trkpt lat="55.47378574613" lon="-2.18786962767094"/>
      <trkpt lat="55.4738159440804" lon="-2.1880928043149"/>
      <trkpt lat="55.4738804447152" lon="-2.18878908343409"/>
      <trkpt lat="55.4739611322759" lon="-2.1894713555667"/>
      <trkpt lat="55.4741345400114" lon="-2.19065857940026"/>
      <trkpt lat="55.4746844059563" lon="-2.19298670632791"/>
      <trkpt lat="55.4749808858669" lon="-2.19414770433483"/>
      <trkpt lat="55.4750861218833" lon="-2.19462599960962"/>
      <trkpt lat="55.4752371129994" lon="-2.1951392175656"/>
      <trkpt lat="55.4753210764844" lon="-2.19549245688036"/>
      <trkpt lat="55.4753346427757" lon="-2.19599560852468"/>
      <trkpt lat="55.4752998077536" lon="-2.19643199801187"/>
      <trkpt lat="55.4752627917488" lon="-2.19705046309542"/>
      <trkpt lat="55.4751679497673" lon="-2.1979295028236"/>
      <trkpt lat="55.4750179305095" lon="-2.20014037530992"/>
      <trkpt lat="55.4750240169246" lon="-2.20081109324983"/>
      <trkpt lat="55.4750157135368" lon="-2.20094396208368"/>
      <trkpt lat="55.4750165781847" lon="-2.20096457460376"/>
      <trkpt lat="55.4751241239184" lon="-2.20111538112609"/>
      <trkpt lat="55.4752675749658" lon="-2.20133602379572"/>
      <trkpt lat="55.4755159766774" lon="-2.2015918997673"/>
      <trkpt lat="55.4757789097594" lon="-2.20180532982825"/>
      <trkpt lat="55.4762761978911" lon="-2.20213057417615"/>
      <trkpt lat="55.476476313189" lon="-2.20225186345975"/>
      <trkpt lat="55.4769351769915" lon="-2.20245509112373"/>
      <trkpt lat="55.4774441172508" lon="-2.20274088851826"/>
      <trkpt lat="55.4778203757999" lon="-2.20292152638139"/>
      <trkpt lat="55.4782000951509" lon="-2.20312762225045"/>
      <trkpt lat="55.4786040014391" lon="-2.20337337227343"/>
      <trkpt lat="55.4787717936559" lon="-2.20353872831466"/>
      <trkpt lat="55.479000509908" lon="-2.20374562214329"/>
      <trkpt lat="55.4792426632651" lon="-2.20402850770962"/>
      <trkpt lat="55.4793260076007" lon="-2.20414594957097"/>
      <trkpt lat="55.4794856141678" lon="-2.20437140655573"/>
      <trkpt lat="55.4796907746393" lon="-2.20475063906486"/>
      <trkpt lat="55.4799066981577" lon="-2.20508557892189"/>
      <trkpt lat="55.4801748869018" lon="-2.20537500653446"/>
      <trkpt lat="55.4805669570604" lon="-2.20571243801434"/>
      <trkpt lat="55.4808782674644" lon="-2.20599883880252"/>
      <trkpt lat="55.4811555737789" lon="-2.20620757644817"/>
      <trkpt lat="55.4813737534218" lon="-2.20632103720658"/>
      <trkpt lat="55.4815597293336" lon="-2.20635527366189"/>
      <trkpt lat="55.4817789071777" lon="-2.20635641924288"/>
      <trkpt lat="55.482102435851" lon="-2.20632171397435"/>
      <trkpt lat="55.4822346223765" lon="-2.20629226931293"/>
      <trkpt lat="55.4826184525815" lon="-2.20618834251879"/>
      <trkpt lat="55.4828882370003" lon="-2.20606307479784"/>
      <trkpt lat="55.4831221430222" lon="-2.20590617827967"/>
      <trkpt lat="55.483436208123" lon="-2.2056228898071"/>
      <trkpt lat="55.4838303180011" lon="-2.20528000055618"/>
      <trkpt lat="55.4842001835866" lon="-2.20493071730959"/>
      <trkpt lat="55.4850035604157" lon="-2.20436357972799"/>
      <trkpt lat="55.4854965042609" lon="-2.20400382502468"/>
      <trkpt lat="55.4859597804866" lon="-2.20371188158499"/>
      <trkpt lat="55.486357367326" lon="-2.2034355116062"/>
      <trkpt lat="55.4865300211595" lon="-2.20332393503436"/>
      <trkpt lat="55.4875212896223" lon="-2.20271346669491"/>
      <trkpt lat="55.4879521646011" lon="-2.20240397530742"/>
      <trkpt lat="55.4882426796563" lon="-2.20223297548149"/>
      <trkpt lat="55.4883702145142" lon="-2.20224471960102"/>
      <trkpt lat="55.4886190584032" lon="-2.20228553141544"/>
      <trkpt lat="55.4887420763134" lon="-2.2023130412993"/>
      <trkpt lat="55.4891614882585" lon="-2.20247033398214"/>
      <trkpt lat="55.4893087012983" lon="-2.20253280682362"/>
      <trkpt lat="55.4895412503239" lon="-2.20264947574286"/>
      <trkpt lat="55.4897636948008" lon="-2.20290075289148"/>
      <trkpt lat="55.4899617752066" lon="-2.20316443325149"/>
      <trkpt lat="55.490253077006" lon="-2.20360109674603"/>
      <trkpt lat="55.490541721981" lon="-2.20401413452186"/>
      <trkpt lat="55.4908303251607" lon="-2.20445079662939"/>
      <trkpt lat="55.490992633422" lon="-2.20467163776403"/>
      <trkpt lat="55.4911584489636" lon="-2.2048893669575"/>
      <trkpt lat="55.4914929142207" lon="-2.20529457171791"/>
      <trkpt lat="55.4917585363374" lon="-2.20550643253023"/>
      <trkpt lat="55.4921275115767" lon="-2.20568725679184"/>
      <trkpt lat="55.4925260436754" lon="-2.20597263072673"/>
      <trkpt lat="55.4930476089591" lon="-2.20622224758466"/>
      <trkpt lat="55.4940705407906" lon="-2.20703158270987"/>
      <trkpt lat="55.4946767341957" lon="-2.20880431872414"/>
      <trkpt lat="55.4951881688609" lon="-2.20872311499271"/>
      <trkpt lat="55.49554319703" lon="-2.20865217531845"/>
      <trkpt lat="55.495727246777" lon="-2.20876081334691"/>
      <trkpt lat="55.4962843412091" lon="-2.20929399668214"/>
      <trkpt lat="55.4967076899176" lon="-2.2097172527308"/>
      <trkpt lat="55.4973051725733" lon="-2.21026816713214"/>
      <trkpt lat="55.4974352296388" lon="-2.21037966198409"/>
      <trkpt lat="55.4975653773514" lon="-2.21049115647415"/>
      <trkpt lat="55.4980409734703" lon="-2.21082610283379"/>
      <trkpt lat="55.4994237299231" lon="-2.21194142788639"/>
      <trkpt lat="55.4997642250657" lon="-2.21248150289518"/>
      <trkpt lat="55.5007622886581" lon="-2.21413167192308"/>
      <trkpt lat="55.5010346202778" lon="-2.21460641371525"/>
      <trkpt lat="55.5018253738489" lon="-2.21557318640308"/>
      <trkpt lat="55.5024268665113" lon="-2.21638063247163"/>
      <trkpt lat="55.5028158472707" lon="-2.21692105423807"/>
      <trkpt lat="55.5031074841694" lon="-2.2171411592437"/>
      <trkpt lat="55.5035614606232" lon="-2.21755051365678"/>
      <trkpt lat="55.5046505598362" lon="-2.2184873439826"/>
      <trkpt lat="55.5053189895839" lon="-2.21902466988728"/>
      <trkpt lat="55.5057325041606" lon="-2.21945277252273"/>
      <trkpt lat="55.5061732320928" lon="-2.22018192101323"/>
      <trkpt lat="55.506284165469" lon="-2.22043264992918"/>
      <trkpt lat="55.5063154259568" lon="-2.22058176695553"/>
      <trkpt lat="55.5063420973755" lon="-2.22073542766965"/>
      <trkpt lat="55.5063513293576" lon="-2.22109484652824"/>
      <trkpt lat="55.5063885064265" lon="-2.22139907655834"/>
      <trkpt lat="55.506495694861" lon="-2.22173215615102"/>
      <trkpt lat="55.5065540921134" lon="-2.22222173954346"/>
      <trkpt lat="55.5065711078136" lon="-2.22274424798224"/>
      <trkpt lat="55.506598786294" lon="-2.22332855979974"/>
      <trkpt lat="55.5066643518358" lon="-2.22387366693458"/>
      <trkpt lat="55.5067728893835" lon="-2.22444734610848"/>
      <trkpt lat="55.5070978877564" lon="-2.22654069703646"/>
      <trkpt lat="55.5080054033392" lon="-2.22799454211865"/>
      <trkpt lat="55.5081148965568" lon="-2.22804582626733"/>
      <trkpt lat="55.5095187473573" lon="-2.22884571662354"/>
      <trkpt lat="55.5098042502859" lon="-2.22897243804434"/>
      <trkpt lat="55.510091875205" lon="-2.22892502271727"/>
      <trkpt lat="55.5104227655152" lon="-2.22879861308182"/>
      <trkpt lat="55.5108524549004" lon="-2.22867760535757"/>
      <trkpt lat="55.5118746450244" lon="-2.22836367487255"/>
      <trkpt lat="55.5120661560348" lon="-2.22831569442549"/>
      <trkpt lat="55.5122539749784" lon="-2.22827252482465"/>
      <trkpt lat="55.5126008919128" lon="-2.22826970259532"/>
      <trkpt lat="55.5128407839454" lon="-2.22824106277251"/>
      <trkpt lat="55.513456992386" lon="-2.22785830324326"/>
      <trkpt lat="55.5138850746992" lon="-2.22768334340705"/>
      <trkpt lat="55.5142232222942" lon="-2.22751752339933"/>
      <trkpt lat="55.5146001812364" lon="-2.22773499937259"/>
      <trkpt lat="55.514841078271" lon="-2.22769683087706"/>
      <trkpt lat="55.5151081047832" lon="-2.2276159869458"/>
      <trkpt lat="55.5155181138593" lon="-2.22745057594869"/>
      <trkpt lat="55.5159558855173" lon="-2.22732958317894"/>
      <trkpt lat="55.5164720022675" lon="-2.22715198161881"/>
      <trkpt lat="55.5177431719146" lon="-2.22679826913767"/>
      <trkpt lat="55.5180451186966" lon="-2.22677780976458"/>
      <trkpt lat="55.5185429669051" lon="-2.22676317602771"/>
      <trkpt lat="55.518921260047" lon="-2.22674641925636"/>
      <trkpt lat="55.5194011912469" lon="-2.2266572524972"/>
      <trkpt lat="55.5195136191006" lon="-2.22662786502511"/>
      <trkpt lat="55.5197707502116" lon="-2.2265058142343"/>
      <trkpt lat="55.5200721058774" lon="-2.2263191148716"/>
      <trkpt lat="55.5201963200779" lon="-2.22623116252724"/>
      <trkpt lat="55.5204383991301" lon="-2.22603929012223"/>
      <trkpt lat="55.5205589681943" lon="-2.22593068166357"/>
      <trkpt lat="55.5207850123299" lon="-2.22566584672108"/>
      <trkpt lat="55.5210290182956" lon="-2.22535370830098"/>
      <trkpt lat="55.5212064155363" lon="-2.2251647211324"/>
      <trkpt lat="55.5216243305981" lon="-2.22509424030212"/>
      <trkpt lat="55.5220001809087" lon="-2.22498865112967"/>
      <trkpt lat="55.5222701274927" lon="-2.22473515109737"/>
      <trkpt lat="55.5224871136746" lon="-2.22450994566795"/>
      <trkpt lat="55.5227876413015" lon="-2.22428351532692"/>
      <trkpt lat="55.5234301062334" lon="-2.22476083348401"/>
      <trkpt lat="55.5240726860337" lon="-2.2251746985003"/>
      <trkpt lat="55.5242818399231" lon="-2.22530100533381"/>
      <trkpt lat="55.5247638575252" lon="-2.22554131927788"/>
      <trkpt lat="55.5252701013699" lon="-2.2258452471202"/>
      <trkpt lat="55.5262405361492" lon="-2.22631327201572"/>
      <trkpt lat="55.527245737937" lon="-2.22692414162109"/>
      <trkpt lat="55.5284080973876" lon="-2.22760255934935"/>
      <trkpt lat="55.5287483793809" lon="-2.22918230567756"/>
      <trkpt lat="55.5291554333699" lon="-2.23106823222194"/>
      <trkpt lat="55.5296132487935" lon="-2.23321742323058"/>
      <trkpt lat="55.5306291578297" lon="-2.23337704039164"/>
      <trkpt lat="55.5315678887311" lon="-2.23349832812284"/>
      <trkpt lat="55.5323996782841" lon="-2.23364419964297"/>
      <trkpt lat="55.5330752741628" lon="-2.23368778347621"/>
      <trkpt lat="55.5331027564868" lon="-2.23340749451635"/>
      <trkpt lat="55.5335366455332" lon="-2.23344180589916"/>
      <trkpt lat="55.5339563151784" lon="-2.23344272520236"/>
      <trkpt lat="55.5346417375153" lon="-2.23351484470643"/>
      <trkpt lat="55.5357656962936" lon="-2.2335390101027"/>
      <trkpt lat="55.5373056648282" lon="-2.23359882629291"/>
      <trkpt lat="55.5386147685901" lon="-2.23366367952818"/>
      <trkpt lat="55.5395949301003" lon="-2.23372645414904"/>
      <trkpt lat="55.5402354584766" lon="-2.23378734796177"/>
      <trkpt lat="55.5408275275777" lon="-2.23382417767797"/>
      <trkpt lat="55.5410396523638" lon="-2.23375410100521"/>
      <trkpt lat="55.5412493484138" lon="-2.23359216026397"/>
      <trkpt lat="55.5414104533472" lon="-2.23342666397892"/>
      <trkpt lat="55.5415151669655" lon="-2.23320386680961"/>
      <trkpt lat="55.5416286402977" lon="-2.23305075991461"/>
      <trkpt lat="55.5417789078891" lon="-2.23296293478651"/>
      <trkpt lat="55.5419891574682" lon="-2.2329341270819"/>
      <trkpt lat="55.5421185333391" lon="-2.23296820936306"/>
      <trkpt lat="55.542270134488" lon="-2.23307676737267"/>
      <trkpt lat="55.5427749389521" lon="-2.23318284223498"/>
      <trkpt lat="55.5431450386904" lon="-2.23322305468227"/>
      <trkpt lat="55.5432964046807" lon="-2.23298301546185"/>
      <trkpt lat="55.5434416593842" lon="-2.23269707703763"/>
      <trkpt lat="55.5435416698206" lon="-2.23253760949641"/>
      <trkpt lat="55.5437162559338" lon="-2.23241503583655"/>
      <trkpt lat="55.5440624038658" lon="-2.23229660906598"/>
      <trkpt lat="55.5444219715559" lon="-2.23220687340032"/>
      <trkpt lat="55.5446125158448" lon="-2.23219532194567"/>
      <trkpt lat="55.5447211596434" lon="-2.23221974322761"/>
      <trkpt lat="55.5448297954142" lon="-2.23224886815663"/>
      <trkpt lat="55.5449178033211" lon="-2.2323080565295"/>
      <trkpt lat="55.5450048109334" lon="-2.23237351017768"/>
      <trkpt lat="55.5452074530986" lon="-2.23256639186723"/>
      <trkpt lat="55.54547287675" lon="-2.23285803781951"/>
      <trkpt lat="55.5461075195044" lon="-2.23365102788815"/>
      <trkpt lat="55.5463747700747" lon="-2.23392518963133"/>
      <trkpt lat="55.5465586843556" lon="-2.2340927553881"/>
      <trkpt lat="55.5468252751213" lon="-2.23424160626613"/>
      <trkpt lat="55.5471249670341" lon="-2.23446056547251"/>
      <trkpt lat="55.5475064131603" lon="-2.23467361076379"/>
      <trkpt lat="55.5478698594711" lon="-2.23490406575955"/>
      <trkpt lat="55.5483347348562" lon="-2.23517302393221"/>
      <trkpt lat="55.5488535178362" lon="-2.2359496036192"/>
      <trkpt lat="55.5490184343891" lon="-2.23618515909135"/>
      <trkpt lat="55.5491841745424" lon="-2.23641274926135"/>
      <trkpt lat="55.5495247655545" lon="-2.23684747457753"/>
      <trkpt lat="55.5498133514331" lon="-2.23723288873526"/>
      <trkpt lat="55.5502033411959" lon="-2.2376694939938"/>
      <trkpt lat="55.5506947489684" lon="-2.23819545744168"/>
      <trkpt lat="55.5508309905236" lon="-2.23834682964211"/>
      <trkpt lat="55.5513974680962" lon="-2.23906837852472"/>
      <trkpt lat="55.5515741216523" lon="-2.23927070870838"/>
      <trkpt lat="55.5515839035034" lon="-2.23932147482273"/>
      <trkpt lat="55.5515927776228" lon="-2.23937693981007"/>
      <trkpt lat="55.5517172659617" lon="-2.23956640780027"/>
      <trkpt lat="55.55228109164" lon="-2.24026249158429"/>
      <trkpt lat="55.5526835087865" lon="-2.24076902013712"/>
      <trkpt lat="55.5528363517101" lon="-2.24074460006065"/>
      <trkpt lat="55.5533775155657" lon="-2.24062897961692"/>
      <trkpt lat="55.5541774385597" lon="-2.2404833088967"/>
      <trkpt lat="55.5549719717984" lon="-2.24038347406836"/>
      <trkpt lat="55.5552668076795" lon="-2.24032502205727"/>
      <trkpt lat="55.5554816331063" lon="-2.2402535340145"/>
      <trkpt lat="55.555627138115" lon="-2.24030670340996"/>
      <trkpt lat="55.5557714027416" lon="-2.24048821123426"/>
      <trkpt lat="55.5559255099479" lon="-2.24073487068067"/>
      <trkpt lat="55.5559814233094" lon="-2.24107921846846"/>
      <trkpt lat="55.5560104782032" lon="-2.24137739657917"/>
      <trkpt lat="55.5560470197355" lon="-2.2415234837621"/>
      <trkpt lat="55.5560871440618" lon="-2.24167429812537"/>
      <trkpt lat="55.5563522605874" lon="-2.24256365683587"/>
      <trkpt lat="55.5565219778107" lon="-2.24308947708521"/>
      <trkpt lat="55.556670071294" lon="-2.24360235776732"/>
      <trkpt lat="55.5568174800569" lon="-2.2440519774596"/>
      <trkpt lat="55.5568088865132" lon="-2.24430705758121"/>
      <trkpt lat="55.5567774900432" lon="-2.2446906095442"/>
      <trkpt lat="55.5567309461897" lon="-2.24550512757464"/>
      <trkpt lat="55.5566767466041" lon="-2.24610393556678"/>
      <trkpt lat="55.5566414998774" lon="-2.24665698246408"/>
      <trkpt lat="55.5566381853945" lon="-2.24696450818495"/>
      <trkpt lat="55.5567307055382" lon="-2.24785439770204"/>
      <trkpt lat="55.5568858496045" lon="-2.24802502769702"/>
      <trkpt lat="55.5575161718651" lon="-2.24868527845733"/>
      <trkpt lat="55.5578613298275" lon="-2.24906154556073"/>
      <trkpt lat="55.5582548529027" lon="-2.24950635404097"/>
      <trkpt lat="55.55842334272" lon="-2.24973890848714"/>
      <trkpt lat="55.5586430079715" lon="-2.24994002764101"/>
      <trkpt lat="55.558980110694" lon="-2.25030044698944"/>
      <trkpt lat="55.5595459862512" lon="-2.25084310492857"/>
      <trkpt lat="55.5598580057913" lon="-2.251168480036"/>
      <trkpt lat="55.5598958105326" lon="-2.25113068351239"/>
      <trkpt lat="55.5599497569873" lon="-2.25114998065512"/>
      <trkpt lat="55.5602283138645" lon="-2.25154181299421"/>
      <trkpt lat="55.5604208708143" lon="-2.25186329745901"/>
      <trkpt lat="55.5606350200802" lon="-2.25216740792266"/>
      <trkpt lat="55.5608743400311" lon="-2.25246227054673"/>
      <trkpt lat="55.5612400737878" lon="-2.25287363470292"/>
      <trkpt lat="55.5613914630721" lon="-2.25307604476283"/>
      <trkpt lat="55.5615168096514" lon="-2.2533177676456"/>
      <trkpt lat="55.5615506750047" lon="-2.2534480511531"/>
      <trkpt lat="55.5616699336969" lon="-2.25398307280133"/>
      <trkpt lat="55.5617983761897" lon="-2.25485266935096"/>
      <trkpt lat="55.5618819142779" lon="-2.2553273357633"/>
      <trkpt lat="55.5620379307349" lon="-2.2558928029805"/>
      <trkpt lat="55.5621932588116" lon="-2.2563995749774"/>
      <trkpt lat="55.5623959961442" lon="-2.25695738094306"/>
      <trkpt lat="55.5625674019193" lon="-2.25750544635763"/>
      <trkpt lat="55.5627247509421" lon="-2.25786008320048"/>
      <trkpt lat="55.562904467388" lon="-2.25829879409984"/>
      <trkpt lat="55.5634046870156" lon="-2.25928827169397"/>
      <trkpt lat="55.5636927913868" lon="-2.2598673292124"/>
      <trkpt lat="55.5642797403686" lon="-2.25973001560108"/>
      <trkpt lat="55.5644372398124" lon="-2.25962960810659"/>
      <trkpt lat="55.5647861275664" lon="-2.25950196255076"/>
      <trkpt lat="55.5648695271165" lon="-2.25956748554668"/>
      <trkpt lat="55.5650577493864" lon="-2.2598049593757"/>
      <trkpt lat="55.5651864989798" lon="-2.26008805770695"/>
      <trkpt lat="55.5652930599742" lon="-2.2602869530963"/>
      <trkpt lat="55.5654022287661" lon="-2.26048429549977"/>
      <trkpt lat="55.565626071508" lon="-2.26086634164603"/>
      <trkpt lat="55.5657656557517" lon="-2.26112245953193"/>
      <trkpt lat="55.5658092404583" lon="-2.2613242089728"/>
      <trkpt lat="55.5659216333399" lon="-2.26173559086025"/>
      <trkpt lat="55.5660608855636" lon="-2.26214558577182"/>
      <trkpt lat="55.5661668537553" lon="-2.26257758721032"/>
      <trkpt lat="55.5663232090978" lon="-2.26301149577062"/>
      <trkpt lat="55.5665140104152" lon="-2.26371678440433"/>
      <trkpt lat="55.5667170491432" lon="-2.26411937638221"/>
      <trkpt lat="55.5669190701042" lon="-2.26461858111324"/>
      <trkpt lat="55.5671322345283" lon="-2.26494829914214"/>
      <trkpt lat="55.5675506029475" lon="-2.2655076743076"/>
      <trkpt lat="55.568026047298" lon="-2.26625610664187"/>
      <trkpt lat="55.568283778658" lon="-2.26674303581889"/>
      <trkpt lat="55.5684243722783" lon="-2.26698350847914"/>
      <trkpt lat="55.5685657871623" lon="-2.26721758374112"/>
      <trkpt lat="55.5688371447813" lon="-2.26763323087468"/>
      <trkpt lat="55.5691531039127" lon="-2.268190392788"/>
      <trkpt lat="55.5694342376262" lon="-2.26865214145132"/>
      <trkpt lat="55.5696509592676" lon="-2.26899304004499"/>
      <trkpt lat="55.5697358756358" lon="-2.26918385808666"/>
      <trkpt lat="55.5699682523111" lon="-2.26975799219842"/>
      <trkpt lat="55.5701086246561" lon="-2.27005549171922"/>
      <trkpt lat="55.5703012545061" lon="-2.27032158120107"/>
      <trkpt lat="55.5705199246747" lon="-2.27055150279407"/>
      <trkpt lat="55.5708755501708" lon="-2.2710787824089"/>
      <trkpt lat="55.5711273232217" lon="-2.27136751681472"/>
      <trkpt lat="55.5713443053642" lon="-2.27158789234303"/>
      <trkpt lat="55.5715862516256" lon="-2.27189251751031"/>
      <trkpt lat="55.5717098898324" lon="-2.27203759311662"/>
      <trkpt lat="55.5720675224726" lon="-2.27242710042347"/>
      <trkpt lat="55.5722457684191" lon="-2.27269625201101"/>
      <trkpt lat="55.5724032711933" lon="-2.2729622553283"/>
      <trkpt lat="55.5725879343262" lon="-2.27317287865227"/>
      <trkpt lat="55.5728049487227" lon="-2.27337732018255"/>
      <trkpt lat="55.5731187355492" lon="-2.27368874446765"/>
      <trkpt lat="55.5733124644483" lon="-2.27382176520375"/>
      <trkpt lat="55.5735322138509" lon="-2.27400727353331"/>
      <trkpt lat="55.5736235733184" lon="-2.27412520283377"/>
      <trkpt lat="55.5739012660556" lon="-2.2745093517638"/>
      <trkpt lat="55.5741460302712" lon="-2.2747553214166"/>
      <trkpt lat="55.5746186201855" lon="-2.27515038885083"/>
      <trkpt lat="55.5749748638549" lon="-2.2753938802837"/>
      <trkpt lat="55.575165745142" lon="-2.27559358791733"/>
      <trkpt lat="55.5754959858254" lon="-2.27617467222454"/>
      <trkpt lat="55.5756894142632" lon="-2.27647901694238"/>
      <trkpt lat="55.5758134910837" lon="-2.2768256370947"/>
      <trkpt lat="55.5764303340315" lon="-2.27821142656057"/>
      <trkpt lat="55.5771295973034" lon="-2.27972626068611"/>
      <trkpt lat="55.5773199642624" lon="-2.28014791776436"/>
      <trkpt lat="55.5774166500886" lon="-2.28146666287479"/>
      <trkpt lat="55.577485295799" lon="-2.28251242222288"/>
      <trkpt lat="55.5776365032383" lon="-2.28432471982644"/>
      <trkpt lat="55.5777113784257" lon="-2.28534673440249"/>
      <trkpt lat="55.5777201612325" lon="-2.28543245462374"/>
      <trkpt lat="55.5777515789014" lon="-2.28548028419023"/>
      <trkpt lat="55.5791649507515" lon="-2.28738277505276"/>
      <trkpt lat="55.5800499941431" lon="-2.28853606270259"/>
      <trkpt lat="55.5803072386087" lon="-2.28881076154805"/>
      <trkpt lat="55.5804192761641" lon="-2.28891477242006"/>
      <trkpt lat="55.581075618802" lon="-2.28949373850228"/>
      <trkpt lat="55.5818830620404" lon="-2.29002793214027"/>
      <trkpt lat="55.5826977083824" lon="-2.29051616224486"/>
      <trkpt lat="55.5831554301382" lon="-2.29075745395321"/>
      <trkpt lat="55.5835814675609" lon="-2.29106365289097"/>
      <trkpt lat="55.5838066974578" lon="-2.29120017041162"/>
      <trkpt lat="55.5849848832903" lon="-2.29186877650181"/>
      <trkpt lat="55.5854001683686" lon="-2.29216223505549"/>
      <trkpt lat="55.5858076645313" lon="-2.29233177480488"/>
      <trkpt lat="55.5857985382908" lon="-2.29239200641918"/>
      <trkpt lat="55.5859487146042" lon="-2.29235976950403"/>
      <trkpt lat="55.5860350449458" lon="-2.29231920931786"/>
      <trkpt lat="55.5865686333965" lon="-2.29200899037722"/>
      <trkpt lat="55.58666669729" lon="-2.29194470975164"/>
      <trkpt lat="55.5867629716227" lon="-2.2918772759258"/>
      <trkpt lat="55.5869736627991" lon="-2.29170591699607"/>
      <trkpt lat="55.587154780286" lon="-2.2915056915573"/>
      <trkpt lat="55.5877055623256" lon="-2.2911036225373"/>
      <trkpt lat="55.5879322504177" lon="-2.29100379477728"/>
      <trkpt lat="55.5881910428149" lon="-2.29100257185474"/>
      <trkpt lat="55.5883231415115" lon="-2.29097974303547"/>
      <trkpt lat="55.5884553527294" lon="-2.29094736563863"/>
      <trkpt lat="55.588724247424" lon="-2.29085255793781"/>
      <trkpt lat="55.5891965750101" lon="-2.29057847038005"/>
      <trkpt lat="55.589344075181" lon="-2.29050028908375"/>
      <trkpt lat="55.5896094526221" lon="-2.2903736617628"/>
      <trkpt lat="55.5899598386159" lon="-2.29000500129698"/>
      <trkpt lat="55.590081477585" lon="-2.28988528701896"/>
      <trkpt lat="55.5903173015773" lon="-2.28972049973523"/>
      <trkpt lat="55.5905361597856" lon="-2.28947460837774"/>
      <trkpt lat="55.5907742551674" lon="-2.28910824318933"/>
      <trkpt lat="55.5911456796006" lon="-2.28857789180988"/>
      <trkpt lat="55.5913208950852" lon="-2.28821105420305"/>
      <trkpt lat="55.5915376035189" lon="-2.28811426738859"/>
      <trkpt lat="55.5918325116594" lon="-2.28803388308339"/>
      <trkpt lat="55.5921540800085" lon="-2.28807601103557"/>
      <trkpt lat="55.5924192001055" lon="-2.28805728424192"/>
      <trkpt lat="55.5926945189172" lon="-2.28790375535627"/>
      <trkpt lat="55.5928654086937" lon="-2.28784796778793"/>
      <trkpt lat="55.5932979191873" lon="-2.28807798859232"/>
      <trkpt lat="55.5934297784442" lon="-2.28815666695217"/>
      <trkpt lat="55.5935878885664" lon="-2.28818804775539"/>
      <trkpt lat="55.5939387215138" lon="-2.28839052760255"/>
      <trkpt lat="55.5940626229562" lon="-2.28845331890124"/>
      <trkpt lat="55.5943328002361" lon="-2.28853785584045"/>
      <trkpt lat="55.5945663107072" lon="-2.28859190293758"/>
      <trkpt lat="55.594941836403" lon="-2.28860735345058"/>
      <trkpt lat="55.5951122511318" lon="-2.28837219326417"/>
      <trkpt lat="55.5952488490226" lon="-2.28796382233709"/>
      <trkpt lat="55.5954169107121" lon="-2.28758263074942"/>
      <trkpt lat="55.5960029649849" lon="-2.28672681385188"/>
      <trkpt lat="55.5962749734769" lon="-2.28645116689409"/>
      <trkpt lat="55.596543858903" lon="-2.2859358017045"/>
      <trkpt lat="55.5967963045887" lon="-2.28634388940241"/>
      <trkpt lat="55.5971367658293" lon="-2.28675733488213"/>
      <trkpt lat="55.5974286056384" lon="-2.28721962858977"/>
      <trkpt lat="55.5978048634548" lon="-2.28768895871032"/>
      <trkpt lat="55.5981444329397" lon="-2.28813578493138"/>
      <trkpt lat="55.5979799777486" lon="-2.28851061613469"/>
      <trkpt lat="55.5981671283467" lon="-2.28879761960763"/>
      <trkpt lat="55.5983625781169" lon="-2.28895462923611"/>
      <trkpt lat="55.5989083656308" lon="-2.28879993049337"/>
      <trkpt lat="55.5991837335282" lon="-2.28862583712627"/>
      <trkpt lat="55.5994241471753" lon="-2.28841812020866"/>
      <trkpt lat="55.5997144187369" lon="-2.28839957873013"/>
      <trkpt lat="55.600097976454" lon="-2.28843733205852"/>
      <trkpt lat="55.6001827733778" lon="-2.28828407690969"/>
      <trkpt lat="55.6003132459696" lon="-2.28818820742139"/>
      <trkpt lat="55.6005239837309" lon="-2.28799452547432"/>
      <trkpt lat="55.6008282433389" lon="-2.28775716988888"/>
      <trkpt lat="55.6009405385808" lon="-2.28775158148601"/>
      <trkpt lat="55.6010484170101" lon="-2.2877523722762"/>
      <trkpt lat="55.6011784091174" lon="-2.28786127846866"/>
      <trkpt lat="55.6013591342397" lon="-2.28820700781491"/>
      <trkpt lat="55.6014235647884" lon="-2.28831059276016"/>
      <trkpt lat="55.601490705531" lon="-2.28840791801033"/>
      <trkpt lat="55.6016493206538" lon="-2.28860588601855"/>
      <trkpt lat="55.6019594022176" lon="-2.28894773458257"/>
      <trkpt lat="55.6027469367609" lon="-2.29026445907234"/>
      <trkpt lat="55.6028384259087" lon="-2.29032074924538"/>
      <trkpt lat="55.6029986772304" lon="-2.29020612635711"/>
      <trkpt lat="55.6031881870873" lon="-2.28987422990645"/>
      <trkpt lat="55.6037736613863" lon="-2.28923249415625"/>
      <trkpt lat="55.6038804793161" lon="-2.28968252712563"/>
      <trkpt lat="55.6040764322418" lon="-2.29038539126434"/>
      <trkpt lat="55.604194922819" lon="-2.29083551732871"/>
      <trkpt lat="55.6043241646793" lon="-2.29125863780227"/>
      <trkpt lat="55.6043915549292" lon="-2.29162738545207"/>
      <trkpt lat="55.6044522950682" lon="-2.29180868966409"/>
      <trkpt lat="55.6046218678359" lon="-2.29226875787881"/>
      <trkpt lat="55.6046156822181" lon="-2.29260201988964"/>
      <trkpt lat="55.6045761750225" lon="-2.29297141428188"/>
      <trkpt lat="55.6045518747122" lon="-2.29336644012112"/>
      <trkpt lat="55.6045551225422" lon="-2.29388546783801"/>
      <trkpt lat="55.6056869605623" lon="-2.29439555525057"/>
      <trkpt lat="55.6082487041204" lon="-2.29547669596827"/>
      <trkpt lat="55.6083339713305" lon="-2.29550429859997"/>
      <trkpt lat="55.6083968256846" lon="-2.2955143243804"/>
      <trkpt lat="55.60846886623" lon="-2.29544026869333"/>
      <trkpt lat="55.6086223963256" lon="-2.29513504170923"/>
      <trkpt lat="55.6087694709913" lon="-2.29560756746501"/>
      <trkpt lat="55.6089496957642" lon="-2.29615180613087"/>
      <trkpt lat="55.6092192079774" lon="-2.29691738686603"/>
      <trkpt lat="55.6096340033926" lon="-2.29814752585433"/>
      <trkpt lat="55.6101037599313" lon="-2.29970832661483"/>
      <trkpt lat="55.6111406205868" lon="-2.30299753735239"/>
      <trkpt lat="55.6118649796086" lon="-2.30509693762648"/>
      <trkpt lat="55.6120839164133" lon="-2.30594954366928"/>
      <trkpt lat="55.6118439845713" lon="-2.30631127910534"/>
      <trkpt lat="55.6115311946667" lon="-2.30671196848858"/>
      <trkpt lat="55.6111038887558" lon="-2.30728648621748"/>
      <trkpt lat="55.6114166296672" lon="-2.30762230195278"/>
      <trkpt lat="55.6118048301658" lon="-2.30795557344233"/>
      <trkpt lat="55.6128824264467" lon="-2.3089387735257"/>
      <trkpt lat="55.6130688166196" lon="-2.30911641977221"/>
      <trkpt lat="55.6138746113196" lon="-2.30991336733652"/>
      <trkpt lat="55.6145361320257" lon="-2.31053615976761"/>
      <trkpt lat="55.6149877775352" lon="-2.31099695933769"/>
      <trkpt lat="55.6157014641154" lon="-2.31162648531702"/>
      <trkpt lat="55.6178519539658" lon="-2.31361239765031"/>
      <trkpt lat="55.6188799505047" lon="-2.31461762084152"/>
      <trkpt lat="55.6197880023675" lon="-2.31545540897698"/>
      <trkpt lat="55.6204584330562" lon="-2.31609429571504"/>
      <trkpt lat="55.6206940054111" lon="-2.31534355040151"/>
      <trkpt lat="55.6208908105634" lon="-2.31461159999668"/>
      <trkpt lat="55.6210824261735" lon="-2.31383508910702"/>
      <trkpt lat="55.6215238443857" lon="-2.31231903451204"/>
      <trkpt lat="55.6217141514338" lon="-2.31169802396569"/>
      <trkpt lat="55.6219327672343" lon="-2.3108581994649"/>
      <trkpt lat="55.6224794669275" lon="-2.30893482246141"/>
      <trkpt lat="55.6233043431805" lon="-2.30893345623673"/>
      <trkpt lat="55.6239170606324" lon="-2.30896367734916"/>
    </trkseg>
  </trk>
  <trk>
    <name>Northumberland</name>
    <trkseg>
      <trkpt lat="55.6243887474715" lon="-2.30895940109567"/>
      <trkpt lat="55.6251330342348" lon="-2.30885723829262"/>
      <trkpt lat="55.6256389656078" lon="-2.30880884431155"/>
      <trkpt lat="55.6263722628044" lon="-2.30878920966804"/>
      <trkpt lat="55.6274012942673" lon="-2.30868770550265"/>
      <trkpt lat="55.6283296536734" lon="-2.30861237774561"/>
      <trkpt lat="55.6288759390852" lon="-2.3086262301145"/>
      <trkpt lat="55.6288614232148" lon="-2.30903911218374"/>
      <trkpt lat="55.6288726462528" lon="-2.30957436824524"/>
      <trkpt lat="55.6288971918474" lon="-2.31016852310765"/>
      <trkpt lat="55.628912554797" lon="-2.3108403872704"/>
      <trkpt lat="55.6288683109048" lon="-2.31093064882153"/>
      <trkpt lat="55.628621887608" lon="-2.31171959350296"/>
      <trkpt lat="55.6284326978707" lon="-2.31225482417865"/>
      <trkpt lat="55.6283620804582" lon="-2.31247188853292"/>
      <trkpt lat="55.6282968593074" lon="-2.31268572195277"/>
      <trkpt lat="55.628065471909" lon="-2.31356210109101"/>
      <trkpt lat="55.6279832175711" lon="-2.31411257485726"/>
      <trkpt lat="55.6279538909286" lon="-2.31433939094003"/>
      <trkpt lat="55.6279272544178" lon="-2.31456780046393"/>
      <trkpt lat="55.627883836974" lon="-2.31499942449347"/>
      <trkpt lat="55.6278810112956" lon="-2.31505033881091"/>
      <trkpt lat="55.6278962527932" lon="-2.31509642095534"/>
      <trkpt lat="55.6280399490215" lon="-2.31545491084322"/>
      <trkpt lat="55.6282499938502" lon="-2.31589499156207"/>
      <trkpt lat="55.6282516965588" lon="-2.31593153844553"/>
      <trkpt lat="55.6282472997712" lon="-2.31624275137126"/>
      <trkpt lat="55.6282227883186" lon="-2.31669037423825"/>
      <trkpt lat="55.6282174100657" lon="-2.31737960753652"/>
      <trkpt lat="55.628142428184" lon="-2.31750915742118"/>
      <trkpt lat="55.6280948914275" lon="-2.31782800842109"/>
      <trkpt lat="55.6281683039787" lon="-2.31792235563759"/>
      <trkpt lat="55.6281079354078" lon="-2.3183394401733"/>
      <trkpt lat="55.628070566121" lon="-2.31854720493021"/>
      <trkpt lat="55.6280286940894" lon="-2.31875977813124"/>
      <trkpt lat="55.627916183208" lon="-2.31919241400354"/>
      <trkpt lat="55.6278361705812" lon="-2.31952841411575"/>
      <trkpt lat="55.627722238345" lon="-2.31981647552586"/>
      <trkpt lat="55.6275490355717" lon="-2.32006437631469"/>
      <trkpt lat="55.6273852323231" lon="-2.32018691030659"/>
      <trkpt lat="55.6273013726354" lon="-2.32031009533838"/>
      <trkpt lat="55.6272309870159" lon="-2.32039856118473"/>
      <trkpt lat="55.627155327352" lon="-2.32047729310841"/>
      <trkpt lat="55.6270734005171" lon="-2.32054811727474"/>
      <trkpt lat="55.6267970568743" lon="-2.32073480517912"/>
      <trkpt lat="55.6266473632072" lon="-2.32095748691883"/>
      <trkpt lat="55.6264881103735" lon="-2.32102296364689"/>
      <trkpt lat="55.6264033631285" lon="-2.32114129161089"/>
      <trkpt lat="55.6263300983225" lon="-2.3213344789766"/>
      <trkpt lat="55.6262676544987" lon="-2.32147682036879"/>
      <trkpt lat="55.6261999241124" lon="-2.32161453328891"/>
      <trkpt lat="55.6261445681831" lon="-2.32182842289046"/>
      <trkpt lat="55.6261185243432" lon="-2.32216798787853"/>
      <trkpt lat="55.6260762897441" lon="-2.32251553915994"/>
      <trkpt lat="55.6261148884295" lon="-2.32286676364357"/>
      <trkpt lat="55.6261442032895" lon="-2.32299087136641"/>
      <trkpt lat="55.626162702022" lon="-2.32312916054825"/>
      <trkpt lat="55.626163080905" lon="-2.32332609211043"/>
      <trkpt lat="55.6261511147388" lon="-2.32343558686977"/>
      <trkpt lat="55.6261635314504" lon="-2.32383582997537"/>
      <trkpt lat="55.6261869435255" lon="-2.32415367410745"/>
      <trkpt lat="55.6261658672858" lon="-2.32431075419043"/>
      <trkpt lat="55.6263540006788" lon="-2.3248728483772"/>
      <trkpt lat="55.6264272312303" lon="-2.32503385214665"/>
      <trkpt lat="55.6264914613703" lon="-2.32520119937205"/>
      <trkpt lat="55.6265421679098" lon="-2.32538741889688"/>
      <trkpt lat="55.6265678662691" lon="-2.32551935451377"/>
      <trkpt lat="55.6265978623747" lon="-2.32572452026167"/>
      <trkpt lat="55.6268517685185" lon="-2.3265460397261"/>
      <trkpt lat="55.6272510896679" lon="-2.32777377968559"/>
      <trkpt lat="55.6274090740923" lon="-2.32814998069139"/>
      <trkpt lat="55.6274788391997" lon="-2.3282617330352"/>
      <trkpt lat="55.6277756331017" lon="-2.32849283727248"/>
      <trkpt lat="55.627967605666" lon="-2.32862145887656"/>
      <trkpt lat="55.6283461200351" lon="-2.32919475526534"/>
      <trkpt lat="55.6284383179361" lon="-2.32931468713604"/>
      <trkpt lat="55.6288814849833" lon="-2.32959469783401"/>
      <trkpt lat="55.6289576934032" lon="-2.32964784728889"/>
      <trkpt lat="55.6291450972315" lon="-2.3298049844478"/>
      <trkpt lat="55.6293166223357" lon="-2.33015422035606"/>
      <trkpt lat="55.6293685229041" lon="-2.33022772612361"/>
      <trkpt lat="55.629439196251" lon="-2.33036817181952"/>
      <trkpt lat="55.6294659299465" lon="-2.33044775074128"/>
      <trkpt lat="55.6294917008016" lon="-2.33055115407207"/>
      <trkpt lat="55.6295084753321" lon="-2.33065932734252"/>
      <trkpt lat="55.6295205876221" lon="-2.33083097008588"/>
      <trkpt lat="55.6296405543398" lon="-2.33131164383231"/>
      <trkpt lat="55.6297887845489" lon="-2.33167025184002"/>
      <trkpt lat="55.6297553136282" lon="-2.3317573122541"/>
      <trkpt lat="55.6297371545961" lon="-2.33182865646392"/>
      <trkpt lat="55.6297269992042" lon="-2.33189679499232"/>
      <trkpt lat="55.6297259121761" lon="-2.33196671113412"/>
      <trkpt lat="55.6297311164925" lon="-2.33203497952146"/>
      <trkpt lat="55.6297444991899" lon="-2.3321018766159"/>
      <trkpt lat="55.6297640961704" lon="-2.33216240999893"/>
      <trkpt lat="55.6297900033533" lon="-2.33221500817962"/>
      <trkpt lat="55.6298347390868" lon="-2.33228046826809"/>
      <trkpt lat="55.629907048666" lon="-2.33244620640201"/>
      <trkpt lat="55.6302987718451" lon="-2.33311029841845"/>
      <trkpt lat="55.6307193434399" lon="-2.33376823261544"/>
      <trkpt lat="55.6309215878238" lon="-2.33404783255392"/>
      <trkpt lat="55.6312409491802" lon="-2.33456362455051"/>
      <trkpt lat="55.6313442931011" lon="-2.33458035154703"/>
      <trkpt lat="55.6313773365999" lon="-2.33465056150937"/>
      <trkpt lat="55.6315177567958" lon="-2.33487254796013"/>
      <trkpt lat="55.6318871086927" lon="-2.33517270681442"/>
      <trkpt lat="55.6319366155623" lon="-2.33516828527079"/>
      <trkpt lat="55.6319680234689" lon="-2.33517968425476"/>
      <trkpt lat="55.6319957992434" lon="-2.33520532627228"/>
      <trkpt lat="55.63202083707" lon="-2.33524679140014"/>
      <trkpt lat="55.6320368879652" lon="-2.33528988246895"/>
      <trkpt lat="55.6320457093158" lon="-2.33534875668758"/>
      <trkpt lat="55.6319800875164" lon="-2.33569444481862"/>
      <trkpt lat="55.6319706918628" lon="-2.33584522566107"/>
      <trkpt lat="55.6320546691245" lon="-2.33601265064561"/>
      <trkpt lat="55.6321676162351" lon="-2.33609782317077"/>
      <trkpt lat="55.6323998173133" lon="-2.3359663661744"/>
      <trkpt lat="55.632481452157" lon="-2.33600530530745"/>
      <trkpt lat="55.6327101047468" lon="-2.33585783776419"/>
      <trkpt lat="55.632818462567" lon="-2.3356508031742"/>
      <trkpt lat="55.6329331468347" lon="-2.3354626782288"/>
      <trkpt lat="55.6330891154227" lon="-2.3352543453329"/>
      <trkpt lat="55.6332387126912" lon="-2.33510960151113"/>
      <trkpt lat="55.6333410856793" lon="-2.33511990565536"/>
      <trkpt lat="55.6335045329178" lon="-2.33516582785358"/>
      <trkpt lat="55.6335653440058" lon="-2.33526483041196"/>
      <trkpt lat="55.6336119131673" lon="-2.33531604159712"/>
      <trkpt lat="55.6336639148463" lon="-2.33535145220062"/>
      <trkpt lat="55.6336935355529" lon="-2.33535956296687"/>
      <trkpt lat="55.6338240689068" lon="-2.33528773242911"/>
      <trkpt lat="55.6339013919925" lon="-2.33526128424495"/>
      <trkpt lat="55.6341594453767" lon="-2.3352015433442"/>
      <trkpt lat="55.6344914140263" lon="-2.33504722109208"/>
      <trkpt lat="55.6344664545951" lon="-2.3349770724128"/>
      <trkpt lat="55.6344593464868" lon="-2.33494846187505"/>
      <trkpt lat="55.6344549037832" lon="-2.33493087533792"/>
      <trkpt lat="55.6344425757868" lon="-2.3348402728203"/>
      <trkpt lat="55.6344446105114" lon="-2.33475293804902"/>
      <trkpt lat="55.6344529156697" lon="-2.33467194201883"/>
      <trkpt lat="55.6344656991142" lon="-2.3345958303288"/>
      <trkpt lat="55.6344875046217" lon="-2.33450551899562"/>
      <trkpt lat="55.6345355135542" lon="-2.33435820089235"/>
      <trkpt lat="55.634610126836" lon="-2.33400772065915"/>
      <trkpt lat="55.6346096048357" lon="-2.33386954760665"/>
      <trkpt lat="55.6345710730464" lon="-2.33350553202677"/>
      <trkpt lat="55.634573867224" lon="-2.33313859270499"/>
      <trkpt lat="55.634732383209" lon="-2.33265235661324"/>
      <trkpt lat="55.6348384118219" lon="-2.33234195086565"/>
      <trkpt lat="55.6350204120127" lon="-2.33180653088741"/>
      <trkpt lat="55.6352689557326" lon="-2.33094451355912"/>
      <trkpt lat="55.6354687228904" lon="-2.33018056278047"/>
      <trkpt lat="55.6356138415832" lon="-2.32932721820253"/>
      <trkpt lat="55.6357707219377" lon="-2.32847396414879"/>
      <trkpt lat="55.6359639347663" lon="-2.327770313409"/>
      <trkpt lat="55.6360461890502" lon="-2.32761213383502"/>
      <trkpt lat="55.6361881458765" lon="-2.32726389157693"/>
      <trkpt lat="55.6363693629943" lon="-2.32704772961321"/>
      <trkpt lat="55.6365822573242" lon="-2.3267080613905"/>
      <trkpt lat="55.6366309234934" lon="-2.32664808987816"/>
      <trkpt lat="55.6367535417725" lon="-2.32651093425024"/>
      <trkpt lat="55.6368796380109" lon="-2.32638323756461"/>
      <trkpt lat="55.6371714796513" lon="-2.32611402715028"/>
      <trkpt lat="55.6372623831014" lon="-2.32604654495643"/>
      <trkpt lat="55.6374315824886" lon="-2.32595731629982"/>
      <trkpt lat="55.6376168401513" lon="-2.3259096091643"/>
      <trkpt lat="55.6379363317557" lon="-2.32571370332006"/>
      <trkpt lat="55.6383274799698" lon="-2.32559474712421"/>
      <trkpt lat="55.6384038304241" lon="-2.32559538056065"/>
      <trkpt lat="55.6384612748796" lon="-2.32561170618055"/>
      <trkpt lat="55.63864619898" lon="-2.32568946934548"/>
      <trkpt lat="55.6387923883611" lon="-2.32577490222569"/>
      <trkpt lat="55.6389109481613" lon="-2.32581242841581"/>
      <trkpt lat="55.6390312913499" lon="-2.32582128623737"/>
      <trkpt lat="55.6391454048252" lon="-2.32580795704865"/>
      <trkpt lat="55.6392927083301" lon="-2.32584572393526"/>
      <trkpt lat="55.6397163393789" lon="-2.32600969406672"/>
      <trkpt lat="55.6398654948505" lon="-2.32602678278604"/>
      <trkpt lat="55.6399526445275" lon="-2.32601964634443"/>
      <trkpt lat="55.6400569077818" lon="-2.32599510253685"/>
      <trkpt lat="55.6407112781909" lon="-2.32589719228034"/>
      <trkpt lat="55.6412156899756" lon="-2.3257807426581"/>
      <trkpt lat="55.6414855167127" lon="-2.32568290705864"/>
      <trkpt lat="55.641952926402" lon="-2.32559771474986"/>
      <trkpt lat="55.6423099380961" lon="-2.32551330619645"/>
      <trkpt lat="55.6427443574929" lon="-2.3253358808915"/>
      <trkpt lat="55.6428568942496" lon="-2.32523987895054"/>
      <trkpt lat="55.6429145631716" lon="-2.3251719793164"/>
      <trkpt lat="55.6429696597846" lon="-2.32509148169931"/>
      <trkpt lat="55.643020218198" lon="-2.32499496669091"/>
      <trkpt lat="55.6430889652065" lon="-2.32481437314349"/>
      <trkpt lat="55.6433250854871" lon="-2.32387579158652"/>
      <trkpt lat="55.6434747527689" lon="-2.32298417062941"/>
      <trkpt lat="55.643507404446" lon="-2.32252373182624"/>
      <trkpt lat="55.6435094646401" lon="-2.32208203637208"/>
      <trkpt lat="55.6435062973275" lon="-2.32191996936538"/>
      <trkpt lat="55.6433195982398" lon="-2.32049650070289"/>
      <trkpt lat="55.6432080155574" lon="-2.3198505774118"/>
      <trkpt lat="55.6431204817589" lon="-2.31931606729455"/>
      <trkpt lat="55.6431174792498" lon="-2.31805287851121"/>
      <trkpt lat="55.6431268833299" lon="-2.31754457566715"/>
      <trkpt lat="55.6431347069797" lon="-2.31729837477987"/>
      <trkpt lat="55.6431664898012" lon="-2.31681893995436"/>
      <trkpt lat="55.6433261562975" lon="-2.31589712524607"/>
      <trkpt lat="55.6434815238102" lon="-2.31521197382567"/>
      <trkpt lat="55.6435359772504" lon="-2.31499483098043"/>
      <trkpt lat="55.6437114652426" lon="-2.31455295875987"/>
      <trkpt lat="55.6439181608824" lon="-2.31420027604506"/>
      <trkpt lat="55.6445100829656" lon="-2.31354571174625"/>
      <trkpt lat="55.6447526687118" lon="-2.31320771176931"/>
      <trkpt lat="55.6450036550493" lon="-2.31274572064295"/>
      <trkpt lat="55.645259089542" lon="-2.31229974088151"/>
      <trkpt lat="55.6453710579851" lon="-2.3120702055024"/>
      <trkpt lat="55.6455816190581" lon="-2.31160800896183"/>
      <trkpt lat="55.6456819253423" lon="-2.31137208854573"/>
      <trkpt lat="55.645777755905" lon="-2.31112971093362"/>
      <trkpt lat="55.6458719005907" lon="-2.31087946036623"/>
      <trkpt lat="55.6460619088249" lon="-2.31033757175875"/>
      <trkpt lat="55.6462414664745" lon="-2.3097002258751"/>
      <trkpt lat="55.6464172416492" lon="-2.30910096592813"/>
      <trkpt lat="55.646558971384" lon="-2.30850156318307"/>
      <trkpt lat="55.6467185762082" lon="-2.30790059467875"/>
      <trkpt lat="55.6469457551435" lon="-2.30653600035648"/>
      <trkpt lat="55.6470437333583" lon="-2.30578990721598"/>
      <trkpt lat="55.6471835563915" lon="-2.30414491537018"/>
      <trkpt lat="55.6472050641038" lon="-2.3038035507129"/>
      <trkpt lat="55.6472589190341" lon="-2.30273142563025"/>
      <trkpt lat="55.6472785245365" lon="-2.30206737788348"/>
      <trkpt lat="55.6472829118556" lon="-2.3017448764954"/>
      <trkpt lat="55.6472846124689" lon="-2.30141921035148"/>
      <trkpt lat="55.6472379909963" lon="-2.29992054743796"/>
      <trkpt lat="55.6472140695015" lon="-2.29941822306392"/>
      <trkpt lat="55.6471963808206" lon="-2.29930529288271"/>
      <trkpt lat="55.6471388607089" lon="-2.29895048641626"/>
      <trkpt lat="55.6469407959468" lon="-2.29799251731661"/>
      <trkpt lat="55.6467591234005" lon="-2.29730952812658"/>
      <trkpt lat="55.6465048788418" lon="-2.29658459907545"/>
      <trkpt lat="55.6464005035193" lon="-2.29625014734505"/>
      <trkpt lat="55.6460778720011" lon="-2.29516263079396"/>
      <trkpt lat="55.6458166107856" lon="-2.29432488466069"/>
      <trkpt lat="55.6455182838262" lon="-2.29358381133588"/>
      <trkpt lat="55.6451846454269" lon="-2.29258193281515"/>
      <trkpt lat="55.6451730102164" lon="-2.29256442324392"/>
      <trkpt lat="55.6449402003163" lon="-2.29225602334723"/>
      <trkpt lat="55.6446565361515" lon="-2.29176464035176"/>
      <trkpt lat="55.6444452677542" lon="-2.29142457655829"/>
      <trkpt lat="55.644100456115" lon="-2.29058155685066"/>
      <trkpt lat="55.643815863994" lon="-2.29009975252182"/>
      <trkpt lat="55.6436488827367" lon="-2.28964253170084"/>
      <trkpt lat="55.6435075202015" lon="-2.28902503940323"/>
      <trkpt lat="55.6433788974978" lon="-2.2883361220361"/>
      <trkpt lat="55.6433043562298" lon="-2.28752853495057"/>
      <trkpt lat="55.643224192996" lon="-2.28685596118066"/>
      <trkpt lat="55.64318557948" lon="-2.2860834858293"/>
      <trkpt lat="55.6431168753663" lon="-2.28511548545988"/>
      <trkpt lat="55.6430660037631" lon="-2.28420158471625"/>
      <trkpt lat="55.6430340052494" lon="-2.28324171471676"/>
      <trkpt lat="55.6429623138311" lon="-2.28161128188111"/>
      <trkpt lat="55.6428317641924" lon="-2.27978486675452"/>
      <trkpt lat="55.6427493962551" lon="-2.27887874716385"/>
      <trkpt lat="55.6427160318405" lon="-2.27810632630187"/>
      <trkpt lat="55.6426988665578" lon="-2.27735799156415"/>
      <trkpt lat="55.6426673578053" lon="-2.27659514849998"/>
      <trkpt lat="55.6426547914552" lon="-2.27619318330859"/>
      <trkpt lat="55.6426449186757" lon="-2.27579110702535"/>
      <trkpt lat="55.642644813591" lon="-2.27503961989754"/>
      <trkpt lat="55.6426853060032" lon="-2.27420746398837"/>
      <trkpt lat="55.6426987707106" lon="-2.27340839044092"/>
      <trkpt lat="55.6427381163408" lon="-2.27268271951716"/>
      <trkpt lat="55.6428972784483" lon="-2.27102836913567"/>
      <trkpt lat="55.6429665999735" lon="-2.27014544738858"/>
      <trkpt lat="55.6431366975703" lon="-2.26922208325481"/>
      <trkpt lat="55.643329851396" lon="-2.26839082438727"/>
      <trkpt lat="55.6434854780126" lon="-2.26750703455351"/>
      <trkpt lat="55.6435645197967" lon="-2.26709769698825"/>
      <trkpt lat="55.6436412393295" lon="-2.26651674176625"/>
      <trkpt lat="55.6437647475789" lon="-2.26593924378082"/>
      <trkpt lat="55.6438901385259" lon="-2.26527909840159"/>
      <trkpt lat="55.6439829834295" lon="-2.264714224928"/>
      <trkpt lat="55.6442555127118" lon="-2.26292234911523"/>
      <trkpt lat="55.6443295250277" lon="-2.26233808154965"/>
      <trkpt lat="55.6443721175925" lon="-2.26178556682505"/>
      <trkpt lat="55.6444398535972" lon="-2.26119339398547"/>
      <trkpt lat="55.6444878692237" lon="-2.26058039278292"/>
      <trkpt lat="55.6445724765865" lon="-2.26007727423588"/>
      <trkpt lat="55.6446601305837" lon="-2.25898325062401"/>
      <trkpt lat="55.6446660845707" lon="-2.25790767932545"/>
      <trkpt lat="55.644626794433" lon="-2.25732750095077"/>
      <trkpt lat="55.6445714094204" lon="-2.25675363713506"/>
      <trkpt lat="55.6445049497931" lon="-2.25631947543219"/>
      <trkpt lat="55.6444994268715" lon="-2.25595396161104"/>
      <trkpt lat="55.64447240477" lon="-2.25555974962851"/>
      <trkpt lat="55.6444129681685" lon="-2.25520187721737"/>
      <trkpt lat="55.6441951425368" lon="-2.25451103503861"/>
      <trkpt lat="55.6441175404489" lon="-2.25424828112475"/>
      <trkpt lat="55.6436823830731" lon="-2.25262023161023"/>
      <trkpt lat="55.6434661114828" lon="-2.25208347514016"/>
      <trkpt lat="55.643217610895" lon="-2.25144945154183"/>
      <trkpt lat="55.6430961692321" lon="-2.25149163889952"/>
      <trkpt lat="55.6429746290473" lon="-2.25162591055865"/>
      <trkpt lat="55.6428150651983" lon="-2.25190442112119"/>
      <trkpt lat="55.6426805573229" lon="-2.25218479351847"/>
      <trkpt lat="55.6425694862743" lon="-2.25203317875172"/>
      <trkpt lat="55.6419773597602" lon="-2.25071871807747"/>
      <trkpt lat="55.6417887809698" lon="-2.2502091534763"/>
      <trkpt lat="55.6416295845047" lon="-2.24986980080388"/>
      <trkpt lat="55.6414986710207" lon="-2.24971165275049"/>
      <trkpt lat="55.6412824950234" lon="-2.24956252349566"/>
      <trkpt lat="55.6409407494932" lon="-2.24927755345664"/>
      <trkpt lat="55.6404687325736" lon="-2.24896006488315"/>
      <trkpt lat="55.6400381750556" lon="-2.24861730373969"/>
      <trkpt lat="55.6400274740011" lon="-2.24857912062314"/>
      <trkpt lat="55.6399518128448" lon="-2.24819421179278"/>
      <trkpt lat="55.6398816625214" lon="-2.24779349146564"/>
      <trkpt lat="55.6397820194366" lon="-2.2473177972562"/>
      <trkpt lat="55.63970669082" lon="-2.24681055990053"/>
      <trkpt lat="55.639603325396" lon="-2.24590602032779"/>
      <trkpt lat="55.6395839847089" lon="-2.24569619994472"/>
      <trkpt lat="55.6395814615787" lon="-2.24516244316948"/>
      <trkpt lat="55.6396007511521" lon="-2.24450006964509"/>
      <trkpt lat="55.6396361907354" lon="-2.24384578494291"/>
      <trkpt lat="55.6396646432626" lon="-2.24354104115716"/>
      <trkpt lat="55.6397809227196" lon="-2.24247741868221"/>
      <trkpt lat="55.6400955442439" lon="-2.24240627841193"/>
      <trkpt lat="55.6400982798372" lon="-2.24238560061981"/>
      <trkpt lat="55.6400996467404" lon="-2.24214892491496"/>
      <trkpt lat="55.6400871521339" lon="-2.24165321530919"/>
      <trkpt lat="55.6400959200169" lon="-2.24130695586017"/>
      <trkpt lat="55.6401333269737" lon="-2.2410132644748"/>
      <trkpt lat="55.6401672369432" lon="-2.24067030115009"/>
      <trkpt lat="55.6401870985081" lon="-2.24016208382835"/>
      <trkpt lat="55.6401921818174" lon="-2.23986033401138"/>
      <trkpt lat="55.6402246671208" lon="-2.23840532805301"/>
      <trkpt lat="55.6402398856268" lon="-2.23797016774484"/>
      <trkpt lat="55.6402486885062" lon="-2.23760006775417"/>
      <trkpt lat="55.6403134476014" lon="-2.23713979693667"/>
      <trkpt lat="55.6403507125667" lon="-2.23691434116655"/>
      <trkpt lat="55.6404360077422" lon="-2.23647017186857"/>
      <trkpt lat="55.6404831523607" lon="-2.23624477435008"/>
      <trkpt lat="55.6406706950422" lon="-2.23545961409542"/>
      <trkpt lat="55.6408161530306" lon="-2.23502352611489"/>
      <trkpt lat="55.6409055067647" lon="-2.23480165165505"/>
      <trkpt lat="55.6409994311889" lon="-2.23458465003103"/>
      <trkpt lat="55.6411969167173" lon="-2.23418383891907"/>
      <trkpt lat="55.6413798916276" lon="-2.23390213416477"/>
      <trkpt lat="55.6418752210542" lon="-2.23327438477922"/>
      <trkpt lat="55.6420885278262" lon="-2.23310091522254"/>
      <trkpt lat="55.6421704676737" lon="-2.23299661217509"/>
      <trkpt lat="55.6424227553483" lon="-2.23263579347022"/>
      <trkpt lat="55.6428899987527" lon="-2.23217786967853"/>
      <trkpt lat="55.6429952355525" lon="-2.23210382901108"/>
      <trkpt lat="55.6432039617741" lon="-2.23197642938795"/>
      <trkpt lat="55.6434233535573" lon="-2.23186166793932"/>
      <trkpt lat="55.6437471037441" lon="-2.23170953318922"/>
      <trkpt lat="55.6439207387518" lon="-2.23161362401212"/>
      <trkpt lat="55.6440978045745" lon="-2.23160353398355"/>
      <trkpt lat="55.6445398825675" lon="-2.23157915903711"/>
      <trkpt lat="55.6447563687786" lon="-2.23162327432756"/>
      <trkpt lat="55.6449842224466" lon="-2.23178351920081"/>
      <trkpt lat="55.6451448458687" lon="-2.23191795692605"/>
      <trkpt lat="55.6454198931355" lon="-2.23234375829115"/>
      <trkpt lat="55.6455448841883" lon="-2.23274653633686"/>
      <trkpt lat="55.6457615662014" lon="-2.23363115589442"/>
      <trkpt lat="55.6458035315075" lon="-2.23376332358985"/>
      <trkpt lat="55.6458435549117" lon="-2.23397172186512"/>
      <trkpt lat="55.6459069540396" lon="-2.23416912394826"/>
      <trkpt lat="55.6461593846321" lon="-2.23467433246872"/>
      <trkpt lat="55.6463409068912" lon="-2.23515043166813"/>
      <trkpt lat="55.6463757188319" lon="-2.23526500444041"/>
      <trkpt lat="55.6464051435698" lon="-2.23537797371212"/>
      <trkpt lat="55.646428275077" lon="-2.23549418159281"/>
      <trkpt lat="55.6464486958381" lon="-2.2356182318125"/>
      <trkpt lat="55.6464964882497" lon="-2.23598873082897"/>
      <trkpt lat="55.6465284791782" lon="-2.23616839769712"/>
      <trkpt lat="55.6465649696673" lon="-2.23634337463861"/>
      <trkpt lat="55.6466596351429" lon="-2.2366744654538"/>
      <trkpt lat="55.646706457209" lon="-2.23707993919215"/>
      <trkpt lat="55.6468011798793" lon="-2.23779710030199"/>
      <trkpt lat="55.6468380040612" lon="-2.23826120748214"/>
      <trkpt lat="55.6468621672362" lon="-2.2387682063866"/>
      <trkpt lat="55.6468805092741" lon="-2.23903530446312"/>
      <trkpt lat="55.6469007213213" lon="-2.23931027277159"/>
      <trkpt lat="55.6469426766523" lon="-2.2399031907672"/>
      <trkpt lat="55.646968995022" lon="-2.24022431133796"/>
      <trkpt lat="55.6470616508678" lon="-2.24061251966954"/>
      <trkpt lat="55.6471212270788" lon="-2.24092113804223"/>
      <trkpt lat="55.6472626419653" lon="-2.24122554473937"/>
      <trkpt lat="55.6473866737227" lon="-2.24164408334796"/>
      <trkpt lat="55.6476850988018" lon="-2.24249444998415"/>
      <trkpt lat="55.6479885051973" lon="-2.24309542239971"/>
      <trkpt lat="55.6480788490829" lon="-2.24328659727313"/>
      <trkpt lat="55.6482576585768" lon="-2.24375488159833"/>
      <trkpt lat="55.6484535567691" lon="-2.24416602554271"/>
      <trkpt lat="55.6489453298956" lon="-2.24494126220784"/>
      <trkpt lat="55.6493875345144" lon="-2.24575131936025"/>
      <trkpt lat="55.6496444402517" lon="-2.24624068837047"/>
      <trkpt lat="55.6499238249593" lon="-2.24671749792053"/>
      <trkpt lat="55.6500690008481" lon="-2.24693144025604"/>
      <trkpt lat="55.6502132105797" lon="-2.24713411021801"/>
      <trkpt lat="55.6505036111445" lon="-2.24749190771226"/>
      <trkpt lat="55.6508192226916" lon="-2.24781960494917"/>
      <trkpt lat="55.6511259636603" lon="-2.24809169992524"/>
      <trkpt lat="55.6514041577246" lon="-2.24826666540833"/>
      <trkpt lat="55.6516457197218" lon="-2.24834444621778"/>
      <trkpt lat="55.6518442140873" lon="-2.24835369513718"/>
      <trkpt lat="55.6520655102195" lon="-2.24823743803982"/>
      <trkpt lat="55.6522995457028" lon="-2.24804028955275"/>
      <trkpt lat="55.6525239084611" lon="-2.24769528485276"/>
      <trkpt lat="55.6526711766874" lon="-2.24731808133485"/>
      <trkpt lat="55.6527479983071" lon="-2.24708495185057"/>
      <trkpt lat="55.6528248333303" lon="-2.24684539993667"/>
      <trkpt lat="55.6528955465819" lon="-2.24656781285274"/>
      <trkpt lat="55.6529634867771" lon="-2.24628378733339"/>
      <trkpt lat="55.6530198613247" lon="-2.24594400235266"/>
      <trkpt lat="55.6531792396125" lon="-2.24489942489524"/>
      <trkpt lat="55.6532869022072" lon="-2.24451396620739"/>
      <trkpt lat="55.6535155787263" lon="-2.24384794680966"/>
      <trkpt lat="55.6536618563907" lon="-2.24346586646112"/>
      <trkpt lat="55.6537340474518" lon="-2.24329938681735"/>
      <trkpt lat="55.653959631114" lon="-2.24283039742235"/>
      <trkpt lat="55.6541500910103" lon="-2.24240730814107"/>
      <trkpt lat="55.6545551304249" lon="-2.24158026450646"/>
      <trkpt lat="55.6546833894425" lon="-2.24122190232625"/>
      <trkpt lat="55.6547757627535" lon="-2.24088546135082"/>
      <trkpt lat="55.6548473867687" lon="-2.24054902192126"/>
      <trkpt lat="55.6549622551414" lon="-2.24014615206898"/>
      <trkpt lat="55.6550129369289" lon="-2.23995253834389"/>
      <trkpt lat="55.6551305453484" lon="-2.23957182579938"/>
      <trkpt lat="55.6554085266276" lon="-2.23894260372811"/>
      <trkpt lat="55.6559606112641" lon="-2.23777950364771"/>
      <trkpt lat="55.6561914582588" lon="-2.23736447495358"/>
      <trkpt lat="55.6563873160654" lon="-2.23692708539922"/>
      <trkpt lat="55.6566062960926" lon="-2.23656281631179"/>
      <trkpt lat="55.6568334023898" lon="-2.23622257426493"/>
      <trkpt lat="55.6569361450037" lon="-2.23604511260293"/>
      <trkpt lat="55.6572238298487" lon="-2.23549858121972"/>
      <trkpt lat="55.657511407718" lon="-2.23500602823503"/>
      <trkpt lat="55.6577205270302" lon="-2.23467509588755"/>
      <trkpt lat="55.6579395983426" lon="-2.23430608527996"/>
      <trkpt lat="55.6580197703795" lon="-2.23418731720574"/>
      <trkpt lat="55.6582142932656" lon="-2.2339723914306"/>
      <trkpt lat="55.6583870530987" lon="-2.2338176141986"/>
      <trkpt lat="55.6585805197803" lon="-2.23368536541438"/>
      <trkpt lat="55.658827811607" lon="-2.23354216563784"/>
      <trkpt lat="55.659129254243" lon="-2.23331188055292"/>
      <trkpt lat="55.6595915713771" lon="-2.23308254776086"/>
      <trkpt lat="55.659703996318" lon="-2.23300694720569"/>
      <trkpt lat="55.6598156164506" lon="-2.23292976794517"/>
      <trkpt lat="55.6600720586579" lon="-2.2326976336867"/>
      <trkpt lat="55.6603825059112" lon="-2.23245467623983"/>
      <trkpt lat="55.6606856497873" lon="-2.23227365953361"/>
      <trkpt lat="55.6610210297387" lon="-2.23214538096879"/>
      <trkpt lat="55.6612704833002" lon="-2.23185592216914"/>
      <trkpt lat="55.6616020502809" lon="-2.23136840110849"/>
      <trkpt lat="55.661712902905" lon="-2.23122122785607"/>
      <trkpt lat="55.6619451672109" lon="-2.23094764721661"/>
      <trkpt lat="55.6622661526985" lon="-2.23035336938261"/>
      <trkpt lat="55.6624441184779" lon="-2.22986334979997"/>
      <trkpt lat="55.6625353741125" lon="-2.22957936354255"/>
      <trkpt lat="55.6626240302242" lon="-2.22929221515314"/>
      <trkpt lat="55.6627822859274" lon="-2.22872409310756"/>
      <trkpt lat="55.6629065214453" lon="-2.22809378059534"/>
      <trkpt lat="55.6630300985706" lon="-2.2273807622277"/>
      <trkpt lat="55.6631192102699" lon="-2.22679636974673"/>
      <trkpt lat="55.6631930993305" lon="-2.22618475674547"/>
      <trkpt lat="55.6632228008098" lon="-2.22566515315459"/>
      <trkpt lat="55.6633094369455" lon="-2.2235341232087"/>
      <trkpt lat="55.6633162580505" lon="-2.22324164170207"/>
      <trkpt lat="55.6633147523523" lon="-2.22258830755546"/>
      <trkpt lat="55.6633351458495" lon="-2.22224033427017"/>
      <trkpt lat="55.663357328751" lon="-2.22189551486283"/>
      <trkpt lat="55.6633856745921" lon="-2.22161914199011"/>
      <trkpt lat="55.6634723134887" lon="-2.22089644977227"/>
      <trkpt lat="55.6636698803399" lon="-2.21997398959455"/>
      <trkpt lat="55.6637911395132" lon="-2.21947559502948"/>
      <trkpt lat="55.6638741563579" lon="-2.21926452972705"/>
      <trkpt lat="55.6640375203168" lon="-2.21887763490262"/>
      <trkpt lat="55.6641141829408" lon="-2.21870322831414"/>
      <trkpt lat="55.6642602345225" lon="-2.2184529308132"/>
      <trkpt lat="55.664507742094" lon="-2.21817763924148"/>
      <trkpt lat="55.6647355600274" lon="-2.21791193365819"/>
      <trkpt lat="55.6650190171292" lon="-2.21767510547691"/>
      <trkpt lat="55.665292438455" lon="-2.21752550675312"/>
      <trkpt lat="55.6655487108081" lon="-2.21742207824931"/>
      <trkpt lat="55.6658355997768" lon="-2.21727582828544"/>
      <trkpt lat="55.6662733051223" lon="-2.21717969262175"/>
      <trkpt lat="55.6666436505821" lon="-2.21707846351933"/>
      <trkpt lat="55.6667560587329" lon="-2.2170568041821"/>
      <trkpt lat="55.6668710604473" lon="-2.21704145103678"/>
      <trkpt lat="55.6671163621637" lon="-2.21704608677941"/>
      <trkpt lat="55.6673696748646" lon="-2.21709192408537"/>
      <trkpt lat="55.6676614739578" lon="-2.21721596301803"/>
      <trkpt lat="55.6679918183448" lon="-2.21738478222947"/>
      <trkpt lat="55.6683509673643" lon="-2.2175186360185"/>
      <trkpt lat="55.668685800059" lon="-2.2176890595538"/>
      <trkpt lat="55.6692929392983" lon="-2.21783072053446"/>
      <trkpt lat="55.6696431034315" lon="-2.21796623711115"/>
      <trkpt lat="55.670054215945" lon="-2.21817523907505"/>
      <trkpt lat="55.6704859818965" lon="-2.21843836575187"/>
      <trkpt lat="55.6707955649419" lon="-2.21866267104038"/>
      <trkpt lat="55.6710986849391" lon="-2.2189346597982"/>
      <trkpt lat="55.6714397981396" lon="-2.21915744461344"/>
      <trkpt lat="55.6717979530776" lon="-2.21934388724388"/>
      <trkpt lat="55.6724247826716" lon="-2.21952397426616"/>
      <trkpt lat="55.6732034137535" lon="-2.21970478679294"/>
      <trkpt lat="55.6737416035414" lon="-2.21972524191704"/>
      <trkpt lat="55.6737425020304" lon="-2.2197252469588"/>
      <trkpt lat="55.6741955392217" lon="-2.2195942045232"/>
      <trkpt lat="55.6746001646209" lon="-2.219461445627"/>
      <trkpt lat="55.674936375307" lon="-2.21936146821519"/>
      <trkpt lat="55.6753149649597" lon="-2.21917126842242"/>
      <trkpt lat="55.67562535632" lon="-2.21894240200568"/>
      <trkpt lat="55.6759071008271" lon="-2.21865935987234"/>
      <trkpt lat="55.6764701589595" lon="-2.21782778017303"/>
      <trkpt lat="55.6767117267066" lon="-2.21735361685532"/>
      <trkpt lat="55.6768209321273" lon="-2.21711102759205"/>
      <trkpt lat="55.6769246666342" lon="-2.21686355536031"/>
      <trkpt lat="55.6771035710803" lon="-2.21631745195326"/>
      <trkpt lat="55.6773362733849" lon="-2.21577334304072"/>
      <trkpt lat="55.6777727622237" lon="-2.21488213244503"/>
      <trkpt lat="55.678054199773" lon="-2.21425397225275"/>
      <trkpt lat="55.6781587769179" lon="-2.21403520232325"/>
      <trkpt lat="55.6784210177013" lon="-2.21359611358338"/>
      <trkpt lat="55.6787362146665" lon="-2.21317959487908"/>
      <trkpt lat="55.6790172690976" lon="-2.2127677355612"/>
      <trkpt lat="55.6792740536344" lon="-2.2123127357007"/>
      <trkpt lat="55.6795681132637" lon="-2.21164959364625"/>
      <trkpt lat="55.6798298488581" lon="-2.21097682810372"/>
      <trkpt lat="55.6800456353657" lon="-2.2103832613062"/>
      <trkpt lat="55.6802470820941" lon="-2.20976889548306"/>
      <trkpt lat="55.680431209357" lon="-2.20924830783848"/>
      <trkpt lat="55.6806061594912" lon="-2.20889457811856"/>
      <trkpt lat="55.6807238811534" lon="-2.20886347648557"/>
      <trkpt lat="55.6809954343141" lon="-2.20874875513464"/>
      <trkpt lat="55.6812230142909" lon="-2.20861006650865"/>
      <trkpt lat="55.6813434711232" lon="-2.20855498433958"/>
      <trkpt lat="55.6814675136534" lon="-2.20850477123053"/>
      <trkpt lat="55.6817264227343" lon="-2.20842983967774"/>
      <trkpt lat="55.6819789750506" lon="-2.20839617609531"/>
      <trkpt lat="55.6820966345602" lon="-2.20840165292255"/>
      <trkpt lat="55.682213472992" lon="-2.20841499417074"/>
      <trkpt lat="55.6824622704507" lon="-2.20847676631674"/>
      <trkpt lat="55.6827281463778" lon="-2.20847818249513"/>
      <trkpt lat="55.6828405714893" lon="-2.20844534493246"/>
      <trkpt lat="55.6830527761581" lon="-2.20836858733238"/>
      <trkpt lat="55.6831570439055" lon="-2.20832613357743"/>
      <trkpt lat="55.6834421067187" lon="-2.20818931553271"/>
      <trkpt lat="55.6837198945171" lon="-2.20810490713112"/>
      <trkpt lat="55.6840929871917" lon="-2.20796697964084"/>
      <trkpt lat="55.6842529957828" lon="-2.20789466210139"/>
      <trkpt lat="55.6844077014964" lon="-2.20782388709269"/>
      <trkpt lat="55.6846325562148" lon="-2.20770260918832"/>
      <trkpt lat="55.6849970302386" lon="-2.20734826409476"/>
      <trkpt lat="55.6852598663039" lon="-2.20707454607446"/>
      <trkpt lat="55.6853840526548" lon="-2.20693843389056"/>
      <trkpt lat="55.6856433482751" lon="-2.20663282587595"/>
      <trkpt lat="55.6859523371002" lon="-2.20615411778925"/>
      <trkpt lat="55.6860685256712" lon="-2.20596550522915"/>
      <trkpt lat="55.6861820246531" lon="-2.20577372989849"/>
      <trkpt lat="55.6864028799971" lon="-2.20535657380546"/>
      <trkpt lat="55.6867227047873" lon="-2.20430051365275"/>
      <trkpt lat="55.6868504676475" lon="-2.2036841867656"/>
      <trkpt lat="55.686971727649" lon="-2.20314243804396"/>
      <trkpt lat="55.6870164571967" lon="-2.20270847747844"/>
      <trkpt lat="55.6870964666753" lon="-2.20157482148411"/>
      <trkpt lat="55.6872002051875" lon="-2.20081030377615"/>
      <trkpt lat="55.6872383224348" lon="-2.20057038577471"/>
      <trkpt lat="55.687291662452" lon="-2.20035913605273"/>
      <trkpt lat="55.687473367194" lon="-2.19970162231022"/>
      <trkpt lat="55.6878342164053" lon="-2.19879676935422"/>
      <trkpt lat="55.6879982255347" lon="-2.19846844235081"/>
      <trkpt lat="55.6883990932135" lon="-2.19780873846825"/>
      <trkpt lat="55.6886656102766" lon="-2.19746662595416"/>
      <trkpt lat="55.6892090597834" lon="-2.1970080050647"/>
      <trkpt lat="55.6894447605817" lon="-2.19683739356973"/>
      <trkpt lat="55.6897443498792" lon="-2.19659562630996"/>
      <trkpt lat="55.690019713863" lon="-2.19633616066951"/>
      <trkpt lat="55.6901277097537" lon="-2.19620621230804"/>
      <trkpt lat="55.6906931260336" lon="-2.1954869441824"/>
      <trkpt lat="55.6908010552265" lon="-2.19539843341752"/>
      <trkpt lat="55.6909098769484" lon="-2.19531307291528"/>
      <trkpt lat="55.6914932627939" lon="-2.19515532636908"/>
      <trkpt lat="55.6917918395073" lon="-2.19498343385317"/>
      <trkpt lat="55.6921095079308" lon="-2.19466683917305"/>
      <trkpt lat="55.6924414387259" lon="-2.19441877264608"/>
      <trkpt lat="55.6931943037328" lon="-2.19392936291124"/>
      <trkpt lat="55.6939542304204" lon="-2.19346069394159"/>
      <trkpt lat="55.6947494157883" lon="-2.19290312163641"/>
      <trkpt lat="55.6949202865832" lon="-2.19277188305578"/>
      <trkpt lat="55.6950876739442" lon="-2.19262790445127"/>
      <trkpt lat="55.6954142983187" lon="-2.19232416226966"/>
      <trkpt lat="55.6955726271847" lon="-2.1921705586362"/>
      <trkpt lat="55.695706779723" lon="-2.19202641189918"/>
      <trkpt lat="55.6958363556168" lon="-2.19187909344683"/>
      <trkpt lat="55.6959570628342" lon="-2.19171585865609"/>
      <trkpt lat="55.6963181538598" lon="-2.19119584368749"/>
      <trkpt lat="55.6962598894249" lon="-2.19106032617192"/>
      <trkpt lat="55.6960893138074" lon="-2.19042320246884"/>
      <trkpt lat="55.695973482287" lon="-2.1898149439106"/>
      <trkpt lat="55.6961038967424" lon="-2.18970421725462"/>
      <trkpt lat="55.6962631780684" lon="-2.18951401048074"/>
      <trkpt lat="55.6964362074772" lon="-2.18920306148955"/>
      <trkpt lat="55.6965164939252" lon="-2.18897915321452"/>
      <trkpt lat="55.6965571288986" lon="-2.18883939267229"/>
      <trkpt lat="55.6965951640265" lon="-2.18869634050496"/>
      <trkpt lat="55.6966278830985" lon="-2.18844675337069"/>
      <trkpt lat="55.6967045565703" lon="-2.18823554732414"/>
      <trkpt lat="55.6968098362065" lon="-2.1881135419604"/>
      <trkpt lat="55.6970032377955" lon="-2.18798881288116"/>
      <trkpt lat="55.6974169789507" lon="-2.18768530368148"/>
      <trkpt lat="55.6979747660738" lon="-2.18722507201245"/>
      <trkpt lat="55.6983130828934" lon="-2.18690216697857"/>
      <trkpt lat="55.6984390645734" lon="-2.18675152583764"/>
      <trkpt lat="55.698588344396" lon="-2.1866966208075"/>
      <trkpt lat="55.6987777722313" lon="-2.18676271828629"/>
      <trkpt lat="55.6989869246361" lon="-2.18691168564818"/>
      <trkpt lat="55.6991388227134" lon="-2.18690768989315"/>
      <trkpt lat="55.6994473723192" lon="-2.18666727283575"/>
      <trkpt lat="55.6998071486939" lon="-2.18640807428881"/>
      <trkpt lat="55.7001031770855" lon="-2.18613112159992"/>
      <trkpt lat="55.7006757414027" lon="-2.18539712866336"/>
      <trkpt lat="55.7009413461226" lon="-2.18498148658758"/>
      <trkpt lat="55.7012897685762" lon="-2.18450431323165"/>
      <trkpt lat="55.701593234993" lon="-2.18405538578106"/>
      <trkpt lat="55.701825709015" lon="-2.18362697726397"/>
      <trkpt lat="55.7022040618607" lon="-2.18295248308214"/>
      <trkpt lat="55.7025401206646" lon="-2.18232723699422"/>
      <trkpt lat="55.7027518994144" lon="-2.18191930715301"/>
      <trkpt lat="55.7030358142082" lon="-2.18132227036088"/>
      <trkpt lat="55.7032741025616" lon="-2.1805978895986"/>
      <trkpt lat="55.7033784808266" lon="-2.17986002766552"/>
      <trkpt lat="55.703499081262" lon="-2.17908091067273"/>
      <trkpt lat="55.7035707681735" lon="-2.17802317715258"/>
      <trkpt lat="55.7036381012825" lon="-2.17742511551763"/>
      <trkpt lat="55.7038655589469" lon="-2.17609440953443"/>
      <trkpt lat="55.703933438242" lon="-2.17573669055104"/>
      <trkpt lat="55.7040040034341" lon="-2.17538370338998"/>
      <trkpt lat="55.7041569123786" lon="-2.17466846469835"/>
      <trkpt lat="55.7043080339901" lon="-2.17387987471059"/>
      <trkpt lat="55.7044545773898" lon="-2.17321379450948"/>
      <trkpt lat="55.704681933142" lon="-2.1718591584646"/>
      <trkpt lat="55.7049119571747" lon="-2.17057759472637"/>
      <trkpt lat="55.7050222632928" lon="-2.17005617485381"/>
      <trkpt lat="55.7050873535374" lon="-2.16981938558035"/>
      <trkpt lat="55.7053120417544" lon="-2.1690724036223"/>
      <trkpt lat="55.7053959052561" lon="-2.16883411830539"/>
      <trkpt lat="55.7055735778817" lon="-2.16837346003433"/>
      <trkpt lat="55.7058152030655" lon="-2.1677825290407"/>
      <trkpt lat="55.7058838480074" lon="-2.16750441660816"/>
      <trkpt lat="55.7059567935126" lon="-2.16736618332861"/>
      <trkpt lat="55.7060352133836" lon="-2.16723125093475"/>
      <trkpt lat="55.7062707831663" lon="-2.16706051613129"/>
      <trkpt lat="55.7064947098927" lon="-2.16693092771966"/>
      <trkpt lat="55.706736745403" lon="-2.16669487842643"/>
      <trkpt lat="55.7068113845748" lon="-2.16663156254703"/>
      <trkpt lat="55.7069444127592" lon="-2.16656521550262"/>
      <trkpt lat="55.7070567518236" lon="-2.16658799930914"/>
      <trkpt lat="55.7073027639807" lon="-2.16673074723591"/>
      <trkpt lat="55.7073718824922" lon="-2.16676436883626"/>
      <trkpt lat="55.7075092530596" lon="-2.16680799035333"/>
      <trkpt lat="55.7076852729232" lon="-2.16689940389425"/>
      <trkpt lat="55.7078261608667" lon="-2.16699867261264"/>
      <trkpt lat="55.7081446702116" lon="-2.16733264311911"/>
      <trkpt lat="55.7082379806536" lon="-2.16747619061261"/>
      <trkpt lat="55.7083804348616" lon="-2.16774420195209"/>
      <trkpt lat="55.708506667693" lon="-2.16805190203243"/>
      <trkpt lat="55.7086678255727" lon="-2.16850290354323"/>
      <trkpt lat="55.7088245416884" lon="-2.16885049491027"/>
      <trkpt lat="55.7089743240144" lon="-2.16908036415399"/>
      <trkpt lat="55.7091259164802" lon="-2.16923374844745"/>
      <trkpt lat="55.7091833473506" lon="-2.16934067035084"/>
      <trkpt lat="55.7093096359846" lon="-2.16960534425"/>
      <trkpt lat="55.7097404707674" lon="-2.17055404066014"/>
      <trkpt lat="55.7098480495142" lon="-2.17077100975468"/>
      <trkpt lat="55.7100800870526" lon="-2.17120804590681"/>
      <trkpt lat="55.7104315339684" lon="-2.1718143508272"/>
      <trkpt lat="55.7108025377794" lon="-2.17250027138472"/>
      <trkpt lat="55.7111518818575" lon="-2.17261636455708"/>
      <trkpt lat="55.7112918424324" lon="-2.17273481430105"/>
      <trkpt lat="55.711373332082" lon="-2.17297700964759"/>
      <trkpt lat="55.7114682287623" lon="-2.17320194369334"/>
      <trkpt lat="55.7117858536929" lon="-2.17351683170067"/>
      <trkpt lat="55.7120479526093" lon="-2.17371377551763"/>
      <trkpt lat="55.7122677400563" lon="-2.17391368201205"/>
      <trkpt lat="55.7125997184762" lon="-2.17423980129783"/>
      <trkpt lat="55.7131830823806" lon="-2.17471506796709"/>
      <trkpt lat="55.7140957762338" lon="-2.17547986718855"/>
      <trkpt lat="55.7143730418711" lon="-2.17574697911436"/>
      <trkpt lat="55.7146576085512" lon="-2.17593289671061"/>
      <trkpt lat="55.7149331698324" lon="-2.17613465453273"/>
      <trkpt lat="55.7152850834878" lon="-2.17633518679657"/>
      <trkpt lat="55.7155966561631" lon="-2.17647989666025"/>
      <trkpt lat="55.715887465626" lon="-2.17669603641321"/>
      <trkpt lat="55.7161333738187" lon="-2.17690410398804"/>
      <trkpt lat="55.7162698215763" lon="-2.17696351429316"/>
      <trkpt lat="55.7165203907665" lon="-2.17705388716721"/>
      <trkpt lat="55.7167611145907" lon="-2.17712020060604"/>
      <trkpt lat="55.7170530462617" lon="-2.17718202178364"/>
      <trkpt lat="55.7173089403955" lon="-2.17725640976084"/>
      <trkpt lat="55.7175425201265" lon="-2.1772940831373"/>
      <trkpt lat="55.7178274067505" lon="-2.17725875651743"/>
      <trkpt lat="55.7181195683355" lon="-2.17716138557414"/>
      <trkpt lat="55.7183749977882" lon="-2.17699691507986"/>
      <trkpt lat="55.7186305378145" lon="-2.17675618906828"/>
      <trkpt lat="55.7188374751552" lon="-2.17651996683593"/>
      <trkpt lat="55.7192254934745" lon="-2.17603781762217"/>
      <trkpt lat="55.7196063956848" lon="-2.17544249207901"/>
      <trkpt lat="55.7198449975319" lon="-2.17510927527767"/>
      <trkpt lat="55.7202628631253" lon="-2.17441552936676"/>
      <trkpt lat="55.7204574667511" lon="-2.17400571876303"/>
      <trkpt lat="55.7206980531765" lon="-2.17353717741274"/>
      <trkpt lat="55.720956826758" lon="-2.17290963381375"/>
      <trkpt lat="55.7210424776964" lon="-2.17268386770179"/>
      <trkpt lat="55.7212121449958" lon="-2.17218166064106"/>
      <trkpt lat="55.7213933943773" lon="-2.17168094385568"/>
      <trkpt lat="55.7217535433242" lon="-2.17055702768958"/>
      <trkpt lat="55.7220322766731" lon="-2.1697098170227"/>
      <trkpt lat="55.7221090564501" lon="-2.16946496640545"/>
      <trkpt lat="55.7222410405145" lon="-2.16885585960664"/>
      <trkpt lat="55.7224457279054" lon="-2.1676946058357"/>
      <trkpt lat="55.7225500741715" lon="-2.16692615502185"/>
      <trkpt lat="55.7226231043296" lon="-2.16606358881649"/>
      <trkpt lat="55.7226718135852" lon="-2.16531405906204"/>
      <trkpt lat="55.7227456019363" lon="-2.16454704506958"/>
      <trkpt lat="55.7227961726876" lon="-2.16367492486836"/>
      <trkpt lat="55.7228259706677" lon="-2.16288225759199"/>
      <trkpt lat="55.7228816371831" lon="-2.162223316286"/>
      <trkpt lat="55.7228977535823" lon="-2.16158192990817"/>
      <trkpt lat="55.7228727687318" lon="-2.16077144624163"/>
      <trkpt lat="55.7228618518002" lon="-2.16019032664346"/>
      <trkpt lat="55.7228548521016" lon="-2.15935773565148"/>
      <trkpt lat="55.7228586641455" lon="-2.15918908604632"/>
      <trkpt lat="55.7228535114571" lon="-2.15900596105747"/>
      <trkpt lat="55.7228384909785" lon="-2.1588132157728"/>
      <trkpt lat="55.7228189105381" lon="-2.15867308504257"/>
      <trkpt lat="55.7227912276355" lon="-2.15854723004385"/>
      <trkpt lat="55.7227581472627" lon="-2.15842765111448"/>
      <trkpt lat="55.7227035470806" lon="-2.15827779903827"/>
      <trkpt lat="55.722414569621" lon="-2.15730875323636"/>
      <trkpt lat="55.7223188664243" lon="-2.15691840951458"/>
      <trkpt lat="55.7222929829117" lon="-2.15678928203873"/>
      <trkpt lat="55.7222582215965" lon="-2.15657742844554"/>
      <trkpt lat="55.7222183565254" lon="-2.15614111004845"/>
      <trkpt lat="55.7221807541546" lon="-2.15533545098164"/>
      <trkpt lat="55.7221699038291" lon="-2.1546811025778"/>
      <trkpt lat="55.7221731555929" lon="-2.15423852555925"/>
      <trkpt lat="55.7221964424544" lon="-2.15357643781608"/>
      <trkpt lat="55.7222483229287" lon="-2.15303219462441"/>
      <trkpt lat="55.7223615598733" lon="-2.15226374481063"/>
      <trkpt lat="55.722413125422" lon="-2.15204107375071"/>
      <trkpt lat="55.7225060038249" lon="-2.1517516214882"/>
      <trkpt lat="55.7230697642059" lon="-2.15071595214476"/>
      <trkpt lat="55.7231543712612" lon="-2.15057609316256"/>
      <trkpt lat="55.7231993696229" lon="-2.15050630593154"/>
      <trkpt lat="55.7233380186131" lon="-2.1503190075896"/>
      <trkpt lat="55.7235107311421" lon="-2.15011582643118"/>
      <trkpt lat="55.7238382004453" lon="-2.14977488594403"/>
      <trkpt lat="55.723948006301" lon="-2.14966859160377"/>
      <trkpt lat="55.7242483426042" lon="-2.14940550838821"/>
      <trkpt lat="55.724588370851" lon="-2.14915044955828"/>
      <trkpt lat="55.7247052387697" lon="-2.14907121875799"/>
      <trkpt lat="55.7251979246717" lon="-2.14877866686071"/>
      <trkpt lat="55.7257374112123" lon="-2.14848300390311"/>
      <trkpt lat="55.726498243571" lon="-2.14794926093305"/>
      <trkpt lat="55.7267292146407" lon="-2.14784826760956"/>
      <trkpt lat="55.7269593337472" lon="-2.14778389480831"/>
      <trkpt lat="55.7270779286015" lon="-2.14776202722924"/>
      <trkpt lat="55.7271966017594" lon="-2.14774974119684"/>
      <trkpt lat="55.7274284383338" lon="-2.14775061584294"/>
      <trkpt lat="55.727534420235" lon="-2.14776059874135"/>
      <trkpt lat="55.7276403917466" lon="-2.14777845796614"/>
      <trkpt lat="55.7278155870502" lon="-2.14782217705745"/>
      <trkpt lat="55.7285872100006" lon="-2.14794770167955"/>
      <trkpt lat="55.7295053445933" lon="-2.14806735113247"/>
      <trkpt lat="55.7299553532338" lon="-2.14822672196678"/>
      <trkpt lat="55.7311225968193" lon="-2.14884410632242"/>
      <trkpt lat="55.7318697539724" lon="-2.14921796446308"/>
      <trkpt lat="55.7329894725565" lon="-2.14976367428053"/>
      <trkpt lat="55.7331125596607" lon="-2.14981508631915"/>
      <trkpt lat="55.7332355657762" lon="-2.14985848876814"/>
      <trkpt lat="55.733425122766" lon="-2.14991028814247"/>
      <trkpt lat="55.7342462374178" lon="-2.14996109159571"/>
      <trkpt lat="55.7345274932035" lon="-2.14994943440885"/>
      <trkpt lat="55.7348195934712" lon="-2.14988372211934"/>
      <trkpt lat="55.7349985074163" lon="-2.14982387855291"/>
      <trkpt lat="55.7351917242868" lon="-2.14974662798734"/>
      <trkpt lat="55.7353688673608" lon="-2.14966603156668"/>
      <trkpt lat="55.7355135795347" lon="-2.14958859255184"/>
      <trkpt lat="55.7357662728216" lon="-2.14942714060736"/>
      <trkpt lat="55.7359210155643" lon="-2.14930036985114"/>
      <trkpt lat="55.7361503209832" lon="-2.14909260656834"/>
      <trkpt lat="55.73648677667" lon="-2.14874514830501"/>
      <trkpt lat="55.7371698382618" lon="-2.14789885871927"/>
      <trkpt lat="55.7377169075942" lon="-2.14719541545494"/>
      <trkpt lat="55.7380815805605" lon="-2.14660760829446"/>
      <trkpt lat="55.738124779695" lon="-2.14653765103014"/>
      <trkpt lat="55.7383876466711" lon="-2.14612776958738"/>
      <trkpt lat="55.7384416314252" lon="-2.14605154966042"/>
      <trkpt lat="55.7385613004012" lon="-2.14588155633288"/>
      <trkpt lat="55.7386305956733" lon="-2.14577190863936"/>
      <trkpt lat="55.738730603742" lon="-2.14559238529486"/>
      <trkpt lat="55.7388557754288" lon="-2.14532681582146"/>
      <trkpt lat="55.7391081147359" lon="-2.14470021680379"/>
      <trkpt lat="55.7392081326501" lon="-2.14443468128726"/>
      <trkpt lat="55.7393488365571" lon="-2.1440194658116"/>
      <trkpt lat="55.7397657251757" lon="-2.14246979355261"/>
      <trkpt lat="55.7399227348621" lon="-2.14185253279379"/>
      <trkpt lat="55.7399986706736" lon="-2.14151191580352"/>
      <trkpt lat="55.7401757205014" lon="-2.14064771577463"/>
      <trkpt lat="55.7403755966439" lon="-2.13953198948443"/>
      <trkpt lat="55.7404726146727" lon="-2.13873288490725"/>
      <trkpt lat="55.7404298188731" lon="-2.13765121737894"/>
      <trkpt lat="55.7404058001764" lon="-2.1366382947597"/>
      <trkpt lat="55.7403484964515" lon="-2.13566334005726"/>
      <trkpt lat="55.7403316336114" lon="-2.13547852088984"/>
      <trkpt lat="55.7402826414766" lon="-2.13510567847747"/>
      <trkpt lat="55.7402057891027" lon="-2.13466261992473"/>
      <trkpt lat="55.7400851425814" lon="-2.13410004739743"/>
      <trkpt lat="55.7400181938987" lon="-2.13371598648981"/>
      <trkpt lat="55.7399511636816" lon="-2.13332234051894"/>
      <trkpt lat="55.7398317235968" lon="-2.13246839462324"/>
      <trkpt lat="55.7396163375174" lon="-2.13137028275658"/>
      <trkpt lat="55.7393882166083" lon="-2.13133931468085"/>
      <trkpt lat="55.7391564963371" lon="-2.13123020476898"/>
      <trkpt lat="55.7389410788462" lon="-2.13099535619078"/>
      <trkpt lat="55.7387044058268" lon="-2.13047536418497"/>
      <trkpt lat="55.7377380689787" lon="-2.1274892496162"/>
      <trkpt lat="55.7373817466727" lon="-2.12626195786766"/>
      <trkpt lat="55.7373290941995" lon="-2.12592735288495"/>
      <trkpt lat="55.7372738815079" lon="-2.12546051753539"/>
      <trkpt lat="55.7372517311044" lon="-2.12516107002681"/>
      <trkpt lat="55.7372349805319" lon="-2.12485048123437"/>
      <trkpt lat="55.7372289599511" lon="-2.12458772024019"/>
      <trkpt lat="55.7372283435475" lon="-2.12431053385232"/>
      <trkpt lat="55.7372349166061" lon="-2.12402864204275"/>
      <trkpt lat="55.7372505130409" lon="-2.12370541908451"/>
      <trkpt lat="55.7372732939333" lon="-2.12338221852379"/>
      <trkpt lat="55.7372996216041" lon="-2.12310524719917"/>
      <trkpt lat="55.7373512398091" lon="-2.12268812114042"/>
      <trkpt lat="55.7374297668743" lon="-2.12230784338016"/>
      <trkpt lat="55.7375487877914" lon="-2.12194344689022"/>
      <trkpt lat="55.7376588521531" lon="-2.12146123883121"/>
      <trkpt lat="55.7377410581912" lon="-2.12099010252693"/>
      <trkpt lat="55.737770006188" lon="-2.12078312222348"/>
      <trkpt lat="55.7378063440693" lon="-2.12045995585523"/>
      <trkpt lat="55.7378841121992" lon="-2.11992997786897"/>
      <trkpt lat="55.7380672285721" lon="-2.11913743973242"/>
      <trkpt lat="55.7381457329007" lon="-2.11886206295706"/>
      <trkpt lat="55.7382006757026" lon="-2.11870781128604"/>
      <trkpt lat="55.7382934129298" lon="-2.11848197930899"/>
      <trkpt lat="55.7383960061182" lon="-2.11828151872102"/>
      <trkpt lat="55.7385130671766" lon="-2.11807492964862"/>
      <trkpt lat="55.7386786216607" lon="-2.11778720467342"/>
      <trkpt lat="55.7387722677289" lon="-2.11764252111993"/>
      <trkpt lat="55.738774966992" lon="-2.11763767024453"/>
      <trkpt lat="55.7388505201726" lon="-2.11753284839111"/>
      <trkpt lat="55.7389035759251" lon="-2.11747089815829"/>
      <trkpt lat="55.7390960745282" lon="-2.11727871225319"/>
      <trkpt lat="55.7391643940179" lon="-2.11722324114346"/>
      <trkpt lat="55.7392219153774" lon="-2.11718835222178"/>
      <trkpt lat="55.7393243512817" lon="-2.1171504475053"/>
      <trkpt lat="55.7394250429267" lon="-2.11715232570761"/>
      <trkpt lat="55.7395004770896" lon="-2.11717172354772"/>
      <trkpt lat="55.7396055254265" lon="-2.11721983599414"/>
      <trkpt lat="55.7399900639281" lon="-2.11731487745971"/>
      <trkpt lat="55.7406467482591" lon="-2.11743319257741"/>
      <trkpt lat="55.7407194778095" lon="-2.11746203753924"/>
      <trkpt lat="55.7408029676835" lon="-2.1175116642681"/>
      <trkpt lat="55.7408828452881" lon="-2.11758031920565"/>
      <trkpt lat="55.7409493320074" lon="-2.11765694692114"/>
      <trkpt lat="55.7410094242365" lon="-2.11775115000479"/>
      <trkpt lat="55.7410712849893" lon="-2.11787398719979"/>
      <trkpt lat="55.7411492558845" lon="-2.11805741141471"/>
      <trkpt lat="55.7412415843911" lon="-2.11834908562587"/>
      <trkpt lat="55.7412577052454" lon="-2.11839850944295"/>
      <trkpt lat="55.7413454621194" lon="-2.1186791404409"/>
      <trkpt lat="55.7413929109504" lon="-2.11884172679554"/>
      <trkpt lat="55.7414180030899" lon="-2.11890233990222"/>
      <trkpt lat="55.7414852605287" lon="-2.11901718696636"/>
      <trkpt lat="55.7415408880066" lon="-2.11908262201235"/>
      <trkpt lat="55.7416459690026" lon="-2.11918970427508"/>
      <trkpt lat="55.7419899816728" lon="-2.11929751520537"/>
      <trkpt lat="55.7423664491833" lon="-2.11928421816262"/>
      <trkpt lat="55.7425948053636" lon="-2.11916869303034"/>
      <trkpt lat="55.7425975039253" lon="-2.11916554920188"/>
      <trkpt lat="55.7427054162697" lon="-2.11903836373508"/>
      <trkpt lat="55.7429707119069" lon="-2.11880830145306"/>
      <trkpt lat="55.7433231935156" lon="-2.11851940506185"/>
      <trkpt lat="55.7437528298354" lon="-2.11842037294254"/>
      <trkpt lat="55.7443297154881" lon="-2.11829315457614"/>
      <trkpt lat="55.7444394261541" lon="-2.11825684494625"/>
      <trkpt lat="55.7445131085213" lon="-2.11823001348441"/>
      <trkpt lat="55.7450848187435" lon="-2.11797367554281"/>
      <trkpt lat="55.745379733929" lon="-2.11776430079227"/>
      <trkpt lat="55.7456764814546" lon="-2.11751671221789"/>
      <trkpt lat="55.7460496158645" lon="-2.11723112907577"/>
      <trkpt lat="55.7463275213756" lon="-2.11696114824372"/>
      <trkpt lat="55.7464884465494" lon="-2.1168150581156"/>
      <trkpt lat="55.7468625488571" lon="-2.11645460279092"/>
      <trkpt lat="55.7473086881404" lon="-2.11600031679489"/>
      <trkpt lat="55.7475569559386" lon="-2.11572235057009"/>
      <trkpt lat="55.7476450993295" lon="-2.11559993962399"/>
      <trkpt lat="55.7480247800848" lon="-2.11503393153954"/>
      <trkpt lat="55.7480886868574" lon="-2.11489397789895"/>
      <trkpt lat="55.748125615956" lon="-2.11478572924087"/>
      <trkpt lat="55.748239287472" lon="-2.11435434233696"/>
      <trkpt lat="55.7483592439419" lon="-2.11382748477459"/>
      <trkpt lat="55.7484171026529" lon="-2.11342614010332"/>
      <trkpt lat="55.7484118885258" lon="-2.11323659666634"/>
      <trkpt lat="55.7483958449404" lon="-2.11310113719269"/>
      <trkpt lat="55.7483207693032" lon="-2.11269152614761"/>
      <trkpt lat="55.7482859569355" lon="-2.11245251427858"/>
      <trkpt lat="55.7479467958182" lon="-2.1109556987325"/>
      <trkpt lat="55.747814519286" lon="-2.11011907940769"/>
      <trkpt lat="55.7477605556935" lon="-2.10919179833523"/>
      <trkpt lat="55.7477419093246" lon="-2.10894797792023"/>
      <trkpt lat="55.747734006879" lon="-2.10874253957215"/>
      <trkpt lat="55.7477331953887" lon="-2.10864534634612"/>
      <trkpt lat="55.747744313171" lon="-2.10826147014129"/>
      <trkpt lat="55.7477552343424" lon="-2.10810060861214"/>
      <trkpt lat="55.7478132224029" lon="-2.10753048811247"/>
      <trkpt lat="55.7478348828192" lon="-2.10741431258237"/>
      <trkpt lat="55.7478611033617" lon="-2.10732034414324"/>
      <trkpt lat="55.7478998199177" lon="-2.10721537696448"/>
      <trkpt lat="55.747922319256" lon="-2.10716605516879"/>
      <trkpt lat="55.7480716675021" lon="-2.10689077860281"/>
      <trkpt lat="55.7483253117107" lon="-2.10660475111748"/>
      <trkpt lat="55.7484205952684" lon="-2.10652384183344"/>
      <trkpt lat="55.7485635752411" lon="-2.1064445051436"/>
      <trkpt lat="55.7488511891517" lon="-2.10634494121289"/>
      <trkpt lat="55.7493463934534" lon="-2.10613442641015"/>
      <trkpt lat="55.7496753326932" lon="-2.10602866496649"/>
      <trkpt lat="55.749883858236" lon="-2.10597813634156"/>
      <trkpt lat="55.7500204105911" lon="-2.10595630865535"/>
      <trkpt lat="55.7505873871803" lon="-2.10594983256552"/>
      <trkpt lat="55.7511947618844" lon="-2.10597065346971"/>
      <trkpt lat="55.7513510946942" lon="-2.10602992293381"/>
      <trkpt lat="55.7516348987714" lon="-2.1061804352474"/>
      <trkpt lat="55.7518261150309" lon="-2.10630692235598"/>
      <trkpt lat="55.7521044710525" lon="-2.10652585991002"/>
      <trkpt lat="55.752733127991" lon="-2.10686213664699"/>
      <trkpt lat="55.7528822472204" lon="-2.10695331295153"/>
      <trkpt lat="55.7530429357799" lon="-2.10706369861331"/>
      <trkpt lat="55.7532773084952" lon="-2.10724600886862"/>
      <trkpt lat="55.7542093682146" lon="-2.10791456947371"/>
      <trkpt lat="55.7546439044987" lon="-2.10825823124905"/>
      <trkpt lat="55.7550730740385" lon="-2.10867689617832"/>
      <trkpt lat="55.7552301632069" lon="-2.10879359123847"/>
      <trkpt lat="55.7554304672176" lon="-2.10889937257731"/>
      <trkpt lat="55.7556711454814" lon="-2.10895731938593"/>
      <trkpt lat="55.7559271428229" lon="-2.10906010492352"/>
      <trkpt lat="55.7567471600905" lon="-2.1094511157342"/>
      <trkpt lat="55.756924984435" lon="-2.10948182922597"/>
      <trkpt lat="55.7571019709999" lon="-2.10954617121425"/>
      <trkpt lat="55.7572258979218" lon="-2.10957988605858"/>
      <trkpt lat="55.7573122078894" lon="-2.10959287143586"/>
      <trkpt lat="55.7574307710712" lon="-2.10959806335379"/>
      <trkpt lat="55.757642873725" lon="-2.10956673472572"/>
      <trkpt lat="55.7577326911539" lon="-2.10957499934646"/>
      <trkpt lat="55.7578315042709" lon="-2.10956726312692"/>
      <trkpt lat="55.7578899916558" lon="-2.10955468320061"/>
      <trkpt lat="55.7580103965379" lon="-2.10950877755218"/>
      <trkpt lat="55.7581874652608" lon="-2.10938026201983"/>
      <trkpt lat="55.7582540505692" lon="-2.10935180874609"/>
      <trkpt lat="55.7582837104911" lon="-2.10933113464225"/>
      <trkpt lat="55.7583097852382" lon="-2.1093025680063"/>
      <trkpt lat="55.7583646512241" lon="-2.10921982213287"/>
      <trkpt lat="55.7585175884541" lon="-2.10905615988123"/>
      <trkpt lat="55.7587765526783" lon="-2.10875090521801"/>
      <trkpt lat="55.7588953265984" lon="-2.10862064599575"/>
      <trkpt lat="55.7590175943555" lon="-2.10849985577933"/>
      <trkpt lat="55.7592118587539" lon="-2.10832513416429"/>
      <trkpt lat="55.7597306767493" lon="-2.10782299038257"/>
      <trkpt lat="55.7598881181856" lon="-2.10764172491199"/>
      <trkpt lat="55.7600743015289" lon="-2.10735871658736"/>
      <trkpt lat="55.7601013906932" lon="-2.10729979950467"/>
      <trkpt lat="55.760286925488" lon="-2.1067298475014"/>
      <trkpt lat="55.7606246178072" lon="-2.10584957924269"/>
      <trkpt lat="55.7610514717709" lon="-2.10479256124554"/>
      <trkpt lat="55.7611936537052" lon="-2.1044870772031"/>
      <trkpt lat="55.7613666413225" lon="-2.10397434611782"/>
      <trkpt lat="55.7616611657951" lon="-2.10313385919787"/>
      <trkpt lat="55.7618017009803" lon="-2.10264494332241"/>
      <trkpt lat="55.7619305904699" lon="-2.10211618226073"/>
      <trkpt lat="55.7619495210301" lon="-2.10203503474294"/>
      <trkpt lat="55.7620434697521" lon="-2.10150302543288"/>
      <trkpt lat="55.7622364649152" lon="-2.1005648857546"/>
      <trkpt lat="55.7622591686787" lon="-2.10026222472839"/>
      <trkpt lat="55.7623189058835" lon="-2.09981618135837"/>
      <trkpt lat="55.7625677289671" lon="-2.09756991913879"/>
      <trkpt lat="55.7627018169213" lon="-2.09622849577835"/>
      <trkpt lat="55.7627580279832" lon="-2.0955624854788"/>
      <trkpt lat="55.7627690550038" lon="-2.09524375780715"/>
      <trkpt lat="55.7627691451775" lon="-2.09512747870826"/>
      <trkpt lat="55.7627577334108" lon="-2.0947847833815"/>
      <trkpt lat="55.7627479259292" lon="-2.09351789452448"/>
      <trkpt lat="55.762721246903" lon="-2.0931657040892"/>
      <trkpt lat="55.7627071618927" lon="-2.09278634667989"/>
      <trkpt lat="55.7627325687075" lon="-2.09244702555245"/>
      <trkpt lat="55.7627274252148" lon="-2.09212024509191"/>
      <trkpt lat="55.7627060693495" lon="-2.09185097660965"/>
      <trkpt lat="55.7626604633988" lon="-2.09157678967821"/>
      <trkpt lat="55.762589801935" lon="-2.09105382386853"/>
      <trkpt lat="55.7625327044465" lon="-2.090526292349"/>
      <trkpt lat="55.7625247076395" lon="-2.09040828696128"/>
      <trkpt lat="55.762518608616" lon="-2.09015179964562"/>
      <trkpt lat="55.7625233548846" lon="-2.08980441701308"/>
      <trkpt lat="55.7625351261865" lon="-2.08967528789974"/>
      <trkpt lat="55.7625315935508" lon="-2.08959250411921"/>
      <trkpt lat="55.7625092269411" lon="-2.08946973478582"/>
      <trkpt lat="55.7624931977997" lon="-2.08927839507638"/>
      <trkpt lat="55.7624853546229" lon="-2.08894701190793"/>
      <trkpt lat="55.7624542008752" lon="-2.08855329841167"/>
      <trkpt lat="55.7622147400248" lon="-2.08665169584307"/>
      <trkpt lat="55.762202275977" lon="-2.08649386925946"/>
      <trkpt lat="55.7621817180832" lon="-2.08634877165068"/>
      <trkpt lat="55.7621414384943" lon="-2.08614792056158"/>
      <trkpt lat="55.7620402928782" lon="-2.08563935817899"/>
      <trkpt lat="55.7627249101656" lon="-2.08567120830647"/>
      <trkpt lat="55.7631327740736" lon="-2.08571033653348"/>
      <trkpt lat="55.7640753005357" lon="-2.08570754165914"/>
      <trkpt lat="55.7642002109686" lon="-2.08575721935106"/>
      <trkpt lat="55.7642504922936" lon="-2.08578610571837"/>
      <trkpt lat="55.7644677449385" lon="-2.08596028691072"/>
      <trkpt lat="55.7645270894954" lon="-2.08600180730638"/>
      <trkpt lat="55.7645737821853" lon="-2.08602424803295"/>
      <trkpt lat="55.7651577494139" lon="-2.08612263610636"/>
      <trkpt lat="55.765331103086" lon="-2.0861326101821"/>
      <trkpt lat="55.7655485827556" lon="-2.0861107505934"/>
      <trkpt lat="55.7655874240604" lon="-2.0858000747574"/>
      <trkpt lat="55.7656224911674" lon="-2.08574916980484"/>
      <trkpt lat="55.7656926108305" lon="-2.08566811734103"/>
      <trkpt lat="55.7657501353971" lon="-2.08561397511789"/>
      <trkpt lat="55.765811336996" lon="-2.08556956388221"/>
      <trkpt lat="55.7658706429442" lon="-2.08553776402957"/>
      <trkpt lat="55.7659721620487" lon="-2.08551249332169"/>
      <trkpt lat="55.7661195552911" lon="-2.08552398589165"/>
      <trkpt lat="55.7664447473671" lon="-2.08561076571876"/>
      <trkpt lat="55.7672451535016" lon="-2.08576389607428"/>
      <trkpt lat="55.7673647027102" lon="-2.08577375088041"/>
      <trkpt lat="55.7676171064959" lon="-2.0857774581781"/>
      <trkpt lat="55.7678453926033" lon="-2.08571580303445"/>
      <trkpt lat="55.7679847122655" lon="-2.08571295411693"/>
      <trkpt lat="55.768059257107" lon="-2.08572586286833"/>
      <trkpt lat="55.7681993488892" lon="-2.0857740025114"/>
      <trkpt lat="55.7684454276425" lon="-2.0859594351423"/>
      <trkpt lat="55.7684975051591" lon="-2.08598819808613"/>
      <trkpt lat="55.7687005389317" lon="-2.0860715636846"/>
      <trkpt lat="55.7687930179259" lon="-2.08612906143683"/>
      <trkpt lat="55.7689618950213" lon="-2.08624586476988"/>
      <trkpt lat="55.7692375852861" lon="-2.08647276434822"/>
      <trkpt lat="55.769381236096" lon="-2.08656875018618"/>
      <trkpt lat="55.7697341940884" lon="-2.08676875433819"/>
      <trkpt lat="55.770208499197" lon="-2.08697534035838"/>
      <trkpt lat="55.7708012205143" lon="-2.08739430262346"/>
      <trkpt lat="55.7708515151459" lon="-2.08740400861998"/>
      <trkpt lat="55.7708928422911" lon="-2.08739292931463"/>
      <trkpt lat="55.7709584488955" lon="-2.08734366336445"/>
      <trkpt lat="55.7710807182547" lon="-2.08719096448354"/>
      <trkpt lat="55.7711383173149" lon="-2.08716073528375"/>
      <trkpt lat="55.7711724480814" lon="-2.08716396566115"/>
      <trkpt lat="55.7712182375088" lon="-2.08719284891011"/>
      <trkpt lat="55.7714031901534" lon="-2.0874386208469"/>
      <trkpt lat="55.7714292257059" lon="-2.08745786662912"/>
      <trkpt lat="55.7714606561559" lon="-2.08746910707959"/>
      <trkpt lat="55.7716376179459" lon="-2.08745675446399"/>
      <trkpt lat="55.7717769204973" lon="-2.08747783160976"/>
      <trkpt lat="55.7718936953299" lon="-2.08747322959616"/>
      <trkpt lat="55.7721793981829" lon="-2.08751211199247"/>
      <trkpt lat="55.7722350888205" lon="-2.08751223655898"/>
      <trkpt lat="55.7724705379072" lon="-2.08748411334157"/>
      <trkpt lat="55.7727302688026" lon="-2.08741451312078"/>
      <trkpt lat="55.7729953908545" lon="-2.08734334756293"/>
      <trkpt lat="55.7746435632489" lon="-2.08685140360816"/>
      <trkpt lat="55.774685046978" lon="-2.08661873224368"/>
      <trkpt lat="55.7747138008981" lon="-2.08660447015236"/>
      <trkpt lat="55.7748135221566" lon="-2.08658077048678"/>
      <trkpt lat="55.7749546524225" lon="-2.0865571623191"/>
      <trkpt lat="55.775140601717" lon="-2.08653838306181"/>
      <trkpt lat="55.7753410043266" lon="-2.08653093893299"/>
      <trkpt lat="55.7757983571756" lon="-2.08657492552925"/>
      <trkpt lat="55.7759267895414" lon="-2.08659755331195"/>
      <trkpt lat="55.7763229366715" lon="-2.08669240370346"/>
      <trkpt lat="55.7768332481154" lon="-2.08678921734067"/>
      <trkpt lat="55.7769580780942" lon="-2.08682616503398"/>
      <trkpt lat="55.7770110707445" lon="-2.08683101367673"/>
      <trkpt lat="55.7772042983935" lon="-2.08680764994928"/>
      <trkpt lat="55.7772842420858" lon="-2.08680782674296"/>
      <trkpt lat="55.7774433086676" lon="-2.08682408349274"/>
      <trkpt lat="55.7780992038082" lon="-2.0868239576491"/>
      <trkpt lat="55.7782366635477" lon="-2.08678272492066"/>
      <trkpt lat="55.7784281571131" lon="-2.08667155401256"/>
      <trkpt lat="55.7787589161016" lon="-2.0865065319761"/>
      <trkpt lat="55.7793934062198" lon="-2.08628946642068"/>
      <trkpt lat="55.7794796522807" lon="-2.086267441792"/>
      <trkpt lat="55.7804968588882" lon="-2.08608315062477"/>
      <trkpt lat="55.7810270952709" lon="-2.08594720932978"/>
      <trkpt lat="55.7811457667338" lon="-2.08592827684318"/>
      <trkpt lat="55.7817855086989" lon="-2.08590575282517"/>
      <trkpt lat="55.7825725838662" lon="-2.08585173797935"/>
      <trkpt lat="55.7833955269869" lon="-2.08601457526611"/>
      <trkpt lat="55.7837844725462" lon="-2.08613176589569"/>
      <trkpt lat="55.7840853770437" lon="-2.08626795872217"/>
      <trkpt lat="55.7841562960368" lon="-2.08632714130832"/>
      <trkpt lat="55.7842173295886" lon="-2.08639418857532"/>
      <trkpt lat="55.7842657877557" lon="-2.08646120851281"/>
      <trkpt lat="55.7847710471255" lon="-2.08734891042652"/>
      <trkpt lat="55.7850735536595" lon="-2.08775620231397"/>
      <trkpt lat="55.785588974913" lon="-2.08824206780088"/>
      <trkpt lat="55.7857308385714" lon="-2.08832205404593"/>
      <trkpt lat="55.7859087331828" lon="-2.08838779169747"/>
      <trkpt lat="55.7865411848535" lon="-2.08851042228953"/>
      <trkpt lat="55.7866821828837" lon="-2.08854584053706"/>
      <trkpt lat="55.7867657150434" lon="-2.08855233906395"/>
      <trkpt lat="55.7868735963096" lon="-2.08854784840494"/>
      <trkpt lat="55.788273580708" lon="-2.08831498864392"/>
      <trkpt lat="55.7893142169871" lon="-2.08815467552407"/>
      <trkpt lat="55.7894830603143" lon="-2.08819015879315"/>
      <trkpt lat="55.7897318878076" lon="-2.08829432138914"/>
      <trkpt lat="55.7898010407086" lon="-2.08831038442036"/>
      <trkpt lat="55.7898441512527" lon="-2.08831692330548"/>
      <trkpt lat="55.7901101353169" lon="-2.08829516734886"/>
      <trkpt lat="55.7902134428921" lon="-2.08828106700518"/>
      <trkpt lat="55.790638612015" lon="-2.08811135160567"/>
      <trkpt lat="55.7907140926137" lon="-2.08807167965824"/>
      <trkpt lat="55.7908282231016" lon="-2.08799541073289"/>
      <trkpt lat="55.7908903365959" lon="-2.08793335716253"/>
      <trkpt lat="55.7909613735607" lon="-2.0878266187261"/>
      <trkpt lat="55.7911601768971" lon="-2.08741721982439"/>
      <trkpt lat="55.7911665893677" lon="-2.08724183244464"/>
      <trkpt lat="55.7914120476628" lon="-2.08703186428254"/>
      <trkpt lat="55.7925106009745" lon="-2.08625927785915"/>
      <trkpt lat="55.7925770965415" lon="-2.08622273634301"/>
      <trkpt lat="55.7926462777277" lon="-2.08619895558999"/>
      <trkpt lat="55.7930452391225" lon="-2.08612329545492"/>
      <trkpt lat="55.7929779457981" lon="-2.08601624544346"/>
      <trkpt lat="55.7929546336698" lon="-2.0859555783873"/>
      <trkpt lat="55.7928955094976" lon="-2.08572744305039"/>
      <trkpt lat="55.7928412320595" lon="-2.08498729314756"/>
      <trkpt lat="55.7928431086652" lon="-2.0848709270602"/>
      <trkpt lat="55.7928756524081" lon="-2.08457119667433"/>
      <trkpt lat="55.7930143393011" lon="-2.08404999547426"/>
      <trkpt lat="55.7930666477413" lon="-2.08387298637016"/>
      <trkpt lat="55.7931701461999" lon="-2.08357826715411"/>
      <trkpt lat="55.7932079644414" lon="-2.0834427788822"/>
      <trkpt lat="55.7935884668714" lon="-2.08276730560308"/>
      <trkpt lat="55.7938098741473" lon="-2.08224626010925"/>
      <trkpt lat="55.7938341775783" lon="-2.0821697809819"/>
      <trkpt lat="55.7938873057371" lon="-2.0819721222576"/>
      <trkpt lat="55.7938963624892" lon="-2.08186050107837"/>
      <trkpt lat="55.7938955031975" lon="-2.08180303588116"/>
      <trkpt lat="55.7938167780165" lon="-2.08132134019744"/>
      <trkpt lat="55.7937613467908" lon="-2.08092884796707"/>
      <trkpt lat="55.7937202186707" lon="-2.08063855520883"/>
      <trkpt lat="55.7937041873264" lon="-2.08042957820593"/>
      <trkpt lat="55.7937042552582" lon="-2.08032583018792"/>
      <trkpt lat="55.7937360564845" lon="-2.07976941022451"/>
      <trkpt lat="55.7937361279556" lon="-2.07965934980601"/>
      <trkpt lat="55.7937317057062" lon="-2.07955243494296"/>
      <trkpt lat="55.7937067108231" lon="-2.07931161885289"/>
      <trkpt lat="55.7938401497832" lon="-2.07853514569704"/>
      <trkpt lat="55.7940818009302" lon="-2.07722145795466"/>
      <trkpt lat="55.794116987632" lon="-2.07697431477295"/>
      <trkpt lat="55.7942788037701" lon="-2.07676252493507"/>
      <trkpt lat="55.7944613058809" lon="-2.07664965909153"/>
      <trkpt lat="55.7945008487533" lon="-2.07661791326605"/>
      <trkpt lat="55.7946807196926" lon="-2.07640444494483"/>
      <trkpt lat="55.7947490658642" lon="-2.07627544646348"/>
      <trkpt lat="55.7949623795845" lon="-2.07572408822595"/>
      <trkpt lat="55.79503165794" lon="-2.07553920165682"/>
      <trkpt lat="55.7950658860202" lon="-2.07538449321472"/>
      <trkpt lat="55.7950955889628" lon="-2.07528566217423"/>
      <trkpt lat="55.7951351716778" lon="-2.07518684969551"/>
      <trkpt lat="55.7951891334771" lon="-2.07507688725684"/>
      <trkpt lat="55.7952863186801" lon="-2.07493676065279"/>
      <trkpt lat="55.795929384897" lon="-2.07387096961948"/>
      <trkpt lat="55.7960516343537" lon="-2.07372286147119"/>
      <trkpt lat="55.7961568366862" lon="-2.07354289887434"/>
      <trkpt lat="55.7962504194938" lon="-2.07341538221106"/>
      <trkpt lat="55.7970748116916" lon="-2.07252858743541"/>
      <trkpt lat="55.7971784309648" lon="-2.07213478489191"/>
      <trkpt lat="55.7977971130854" lon="-2.06968920115485"/>
      <trkpt lat="55.7985137358273" lon="-2.06709692827171"/>
      <trkpt lat="55.7988254741933" lon="-2.06717083922975"/>
      <trkpt lat="55.7989781664054" lon="-2.06718543188565"/>
      <trkpt lat="55.7990923414553" lon="-2.06716971083363"/>
      <trkpt lat="55.8002468554055" lon="-2.06715416984592"/>
      <trkpt lat="55.8006676766177" lon="-2.06666667973998"/>
      <trkpt lat="55.8007566821657" lon="-2.06652005273427"/>
      <trkpt lat="55.8009094859074" lon="-2.06632894564943"/>
      <trkpt lat="55.8012107252155" lon="-2.06588437957654"/>
      <trkpt lat="55.8015110440282" lon="-2.06547965689442"/>
      <trkpt lat="55.8017349787133" lon="-2.06513398882858"/>
      <trkpt lat="55.8018356787289" lon="-2.06495067773436"/>
      <trkpt lat="55.8018924251172" lon="-2.06482319254641"/>
      <trkpt lat="55.8024034935488" lon="-2.06333410462977"/>
      <trkpt lat="55.8025322647" lon="-2.06288120349068"/>
      <trkpt lat="55.8027328981408" lon="-2.062241907107"/>
      <trkpt lat="55.8027267302395" lon="-2.06200580745642"/>
      <trkpt lat="55.8027313475192" lon="-2.06175525595555"/>
      <trkpt lat="55.8027110021596" lon="-2.06112994884581"/>
      <trkpt lat="55.8026618830985" lon="-2.0605587882307"/>
      <trkpt lat="55.8026350370787" lon="-2.06035290810342"/>
      <trkpt lat="55.8025768049295" lon="-2.060041762828"/>
      <trkpt lat="55.8029237619146" lon="-2.05593785024874"/>
      <trkpt lat="55.802820776209" lon="-2.05525179526082"/>
      <trkpt lat="55.8027839852926" lon="-2.05497093565112"/>
      <trkpt lat="55.8026366862623" lon="-2.05290498706654"/>
      <trkpt lat="55.8025110485019" lon="-2.05263677207548"/>
      <trkpt lat="55.8026449876025" lon="-2.05239927961821"/>
      <trkpt lat="55.8028239900717" lon="-2.05201663741776"/>
      <trkpt lat="55.8030757887823" lon="-2.05132617622531"/>
      <trkpt lat="55.8032260432757" lon="-2.05094677034363"/>
      <trkpt lat="55.8035940063141" lon="-2.04975069391263"/>
      <trkpt lat="55.8036281782038" lon="-2.04965511352562"/>
      <trkpt lat="55.8037441747559" lon="-2.04935207447759"/>
      <trkpt lat="55.803892603744" lon="-2.04902842196534"/>
      <trkpt lat="55.8039375812125" lon="-2.04886577141378"/>
      <trkpt lat="55.8040707252812" lon="-2.04857879526845"/>
      <trkpt lat="55.8041201642936" lon="-2.04848796582006"/>
      <trkpt lat="55.8041687256676" lon="-2.04834438976562"/>
      <trkpt lat="55.8042065185632" lon="-2.04817541453871"/>
      <trkpt lat="55.8042685675062" lon="-2.04799831256008"/>
      <trkpt lat="55.8044664215809" lon="-2.04761091551754"/>
      <trkpt lat="55.8046030377566" lon="-2.04739417543166"/>
      <trkpt lat="55.8046524876762" lon="-2.04727295725716"/>
      <trkpt lat="55.8046929407003" lon="-2.0471915857573"/>
      <trkpt lat="55.8047694312892" lon="-2.04705934926025"/>
      <trkpt lat="55.8048962107609" lon="-2.0467276317288"/>
      <trkpt lat="55.8048818628776" lon="-2.04666382126176"/>
      <trkpt lat="55.8049420876489" lon="-2.04655221596106"/>
      <trkpt lat="55.8050068136125" lon="-2.04641509814157"/>
      <trkpt lat="55.805272144129" lon="-2.04572457072374"/>
      <trkpt lat="55.8053224872988" lon="-2.04561295175595"/>
      <trkpt lat="55.8053792042962" lon="-2.04551094204388"/>
      <trkpt lat="55.8059401129256" lon="-2.04465170050489"/>
      <trkpt lat="55.8062332066296" lon="-2.04416058789172"/>
      <trkpt lat="55.806324980336" lon="-2.04398521283735"/>
      <trkpt lat="55.806412174685" lon="-2.04380338665089"/>
      <trkpt lat="55.8064751028426" lon="-2.04365994265324"/>
      <trkpt lat="55.8065650087079" lon="-2.04343181638663"/>
      <trkpt lat="55.8072817249559" lon="-2.04185471407754"/>
      <trkpt lat="55.8073248261686" lon="-2.04189790511785"/>
      <trkpt lat="55.8073921643497" lon="-2.04198255771747"/>
      <trkpt lat="55.8074406420613" lon="-2.04206232344605"/>
      <trkpt lat="55.8075124496066" lon="-2.04221077941768"/>
      <trkpt lat="55.807810020103" lon="-2.04173410411761"/>
      <trkpt lat="55.8077651886596" lon="-2.04149793560097"/>
      <trkpt lat="55.808969891884" lon="-2.03937385060372"/>
      <trkpt lat="55.8089861050998" lon="-2.03923508055887"/>
      <trkpt lat="55.8091318050495" lon="-2.03893528706273"/>
      <trkpt lat="55.8091839334152" lon="-2.03884114619486"/>
      <trkpt lat="55.8092414687262" lon="-2.03868807703357"/>
      <trkpt lat="55.8092666517776" lon="-2.03858601718941"/>
      <trkpt lat="55.8095570851395" lon="-2.03790972125396"/>
      <trkpt lat="55.8097810069019" lon="-2.03735793671843"/>
    </trkseg>
  </trk>
  <trk>
    <name>Cumbria</name>
    <trkseg>
      <trkpt lat="54.9871266371495" lon="-3.05606000249088"/>
      <trkpt lat="54.9871581423831" lon="-3.05605297036411"/>
      <trkpt lat="54.9871905315429" lon="-3.05604763520551"/>
      <trkpt lat="54.9872229074986" lon="-3.05604371716197"/>
      <trkpt lat="54.987254371352" lon="-3.05604145049879"/>
      <trkpt lat="54.9872867068131" lon="-3.05604229952689"/>
      <trkpt lat="54.987319042274" lon="-3.05604314855671"/>
      <trkpt lat="54.9873459744609" lon="-3.0560454029026"/>
      <trkpt lat="54.9873729075597" lon="-3.05604765571288"/>
      <trkpt lat="54.9873989267591" lon="-3.05605155987129"/>
      <trkpt lat="54.9874259362716" lon="-3.0560553618868"/>
      <trkpt lat="54.9874528416082" lon="-3.05606070836456"/>
      <trkpt lat="54.9874788348553" lon="-3.0560677046822"/>
      <trkpt lat="54.9875057402045" lon="-3.05607304961329"/>
      <trkpt lat="54.9875308215755" lon="-3.05608156763698"/>
      <trkpt lat="54.9878365214713" lon="-3.05627089623484"/>
      <trkpt lat="54.9878498727716" lon="-3.05628529208934"/>
      <trkpt lat="54.9881259210346" lon="-3.05657847747649"/>
      <trkpt lat="54.9882166410104" lon="-3.05668407612545"/>
      <trkpt lat="54.9882609814935" lon="-3.05675083089969"/>
      <trkpt lat="54.9883458367908" lon="-3.0569109120518"/>
      <trkpt lat="54.9884105579582" lon="-3.05702046729726"/>
      <trkpt lat="54.9884824567757" lon="-3.05712080470631"/>
      <trkpt lat="54.9885544775719" lon="-3.05720710022917"/>
      <trkpt lat="54.9886390999625" lon="-3.0572906360032"/>
      <trkpt lat="54.9887953017042" lon="-3.05741818912945"/>
      <trkpt lat="54.9891179693244" lon="-3.05761893454046"/>
      <trkpt lat="54.989370849926" lon="-3.05768331353823"/>
      <trkpt lat="54.9895104520687" lon="-3.0577463909488"/>
      <trkpt lat="54.9896181355667" lon="-3.05777113045333"/>
      <trkpt lat="54.989745597643" lon="-3.05778389017641"/>
      <trkpt lat="54.9899001148939" lon="-3.05778486142104"/>
      <trkpt lat="54.9901683838233" lon="-3.05773251090563"/>
      <trkpt lat="54.9903209102813" lon="-3.05776616212078"/>
      <trkpt lat="54.9905887856338" lon="-3.05786238336896"/>
      <trkpt lat="54.9906567504046" lon="-3.05789844819086"/>
      <trkpt lat="54.9908112683545" lon="-3.05800264355675"/>
      <trkpt lat="54.9908896802401" lon="-3.05808743841838"/>
      <trkpt lat="54.9909516428237" lon="-3.05819383690932"/>
      <trkpt lat="54.9910832975356" lon="-3.05834421041578"/>
      <trkpt lat="54.9911828156207" lon="-3.05837814358403"/>
      <trkpt lat="54.9913390065941" lon="-3.05839320927674"/>
      <trkpt lat="54.991375887415" lon="-3.0583878655507"/>
      <trkpt lat="54.9914516354608" lon="-3.05835545026758"/>
      <trkpt lat="54.991527731198" lon="-3.05829340522662"/>
      <trkpt lat="54.9916248582275" lon="-3.05817869068791"/>
      <trkpt lat="54.9916592340181" lon="-3.0581515021783"/>
      <trkpt lat="54.9916810359214" lon="-3.05812398276323"/>
      <trkpt lat="54.9917038981335" lon="-3.05807767598355"/>
      <trkpt lat="54.9917187462033" lon="-3.05802329646585"/>
      <trkpt lat="54.9917254684744" lon="-3.05797347179865"/>
      <trkpt lat="54.9917284487279" lon="-3.05794068995484"/>
      <trkpt lat="54.9918286153105" lon="-3.05759009246927"/>
      <trkpt lat="54.9919323901187" lon="-3.05712399364521"/>
      <trkpt lat="54.9920353204702" lon="-3.05665155570102"/>
      <trkpt lat="54.9922286631097" lon="-3.05570943550732"/>
      <trkpt lat="54.9923968609951" lon="-3.05496201552112"/>
      <trkpt lat="54.9926103351057" lon="-3.05407981687121"/>
      <trkpt lat="54.9928045305991" lon="-3.05345188389474"/>
      <trkpt lat="54.9928461949086" lon="-3.05330915316659"/>
      <trkpt lat="54.9931841542376" lon="-3.05226304366249"/>
      <trkpt lat="54.9932143905255" lon="-3.05219501717148"/>
      <trkpt lat="54.9932608738805" lon="-3.05211813588749"/>
      <trkpt lat="54.9933080806643" lon="-3.05206150545702"/>
      <trkpt lat="54.9933596160686" lon="-3.05202380571224"/>
      <trkpt lat="54.9934128404856" lon="-3.05199852162387"/>
      <trkpt lat="54.9934731901539" lon="-3.0519908206878"/>
      <trkpt lat="54.9935494706595" lon="-3.05201092911988"/>
      <trkpt lat="54.9937098286188" lon="-3.05205320245659"/>
      <trkpt lat="54.9938323768364" lon="-3.05212522771248"/>
      <trkpt lat="54.9939278752456" lon="-3.0521980930113"/>
      <trkpt lat="54.9939982795202" lon="-3.05226398711546"/>
      <trkpt lat="54.9940410233855" lon="-3.05231820348239"/>
      <trkpt lat="54.9940729396385" lon="-3.05236749579479"/>
      <trkpt lat="54.9941303343364" lon="-3.05248318419615"/>
      <trkpt lat="54.9941667410058" lon="-3.05253259429998"/>
      <trkpt lat="54.9942476932273" lon="-3.05262531455051"/>
      <trkpt lat="54.9943190081973" lon="-3.05268968633948"/>
      <trkpt lat="54.9943826128602" lon="-3.05272112222545"/>
      <trkpt lat="54.9944193591785" lon="-3.05273149257548"/>
      <trkpt lat="54.9945558859672" lon="-3.05273506718107"/>
      <trkpt lat="54.994597337576" lon="-3.05272042927102"/>
      <trkpt lat="54.9946868895171" lon="-3.05266026857236"/>
      <trkpt lat="54.995091127637" lon="-3.05215662016263"/>
      <trkpt lat="54.9954380280382" lon="-3.05163419078223"/>
      <trkpt lat="54.9956474669261" lon="-3.05121603470113"/>
      <trkpt lat="54.9961832648068" lon="-3.05025001567138"/>
      <trkpt lat="54.9962546208851" lon="-3.05010173026262"/>
      <trkpt lat="54.9962947707397" lon="-3.05004026962439"/>
      <trkpt lat="54.9963319765155" lon="-3.04999755090084"/>
      <trkpt lat="54.9963953491452" lon="-3.04994133595768"/>
      <trkpt lat="54.9965607572533" lon="-3.04982527715712"/>
      <trkpt lat="54.9966413812696" lon="-3.04975855889255"/>
      <trkpt lat="54.9967419443164" lon="-3.04966116925883"/>
      <trkpt lat="54.9968617475592" lon="-3.04952046067744"/>
      <trkpt lat="54.996977419035" lon="-3.04934845312217"/>
      <trkpt lat="54.9972369184114" lon="-3.04875023236777"/>
      <trkpt lat="54.9972848369991" lon="-3.04863357483694"/>
      <trkpt lat="54.9973112475446" lon="-3.04856928141314"/>
      <trkpt lat="54.9974251825779" lon="-3.04796261526109"/>
      <trkpt lat="54.9975150919854" lon="-3.04732877027486"/>
      <trkpt lat="54.9977590143976" lon="-3.04624240983929"/>
      <trkpt lat="54.9979586282145" lon="-3.04550198158148"/>
      <trkpt lat="54.9980777617044" lon="-3.0451252427412"/>
      <trkpt lat="54.9982702464247" lon="-3.04458620215746"/>
      <trkpt lat="54.9984680422429" lon="-3.04425519508227"/>
      <trkpt lat="54.9985471341004" lon="-3.04415722965009"/>
      <trkpt lat="54.9986403064581" lon="-3.04408308922393"/>
      <trkpt lat="54.998727768147" lon="-3.04404617760496"/>
      <trkpt lat="54.9987844212918" lon="-3.04403991540533"/>
      <trkpt lat="54.9988392744588" lon="-3.04404443202168"/>
      <trkpt lat="54.9989342154065" lon="-3.0440782191262"/>
      <trkpt lat="54.9989813582582" lon="-3.04410794333206"/>
      <trkpt lat="54.9990325072273" lon="-3.04414019159296"/>
      <trkpt lat="54.9991215502941" lon="-3.0442331145318"/>
      <trkpt lat="54.9991562807239" lon="-3.04427938748703"/>
      <trkpt lat="54.9991766037618" lon="-3.04431896908081"/>
      <trkpt lat="54.9991959351646" lon="-3.04436948194306"/>
      <trkpt lat="54.9992133080669" lon="-3.0444387626765"/>
      <trkpt lat="54.9992742854932" lon="-3.04497499546178"/>
      <trkpt lat="54.9992792575371" lon="-3.04512824929053"/>
      <trkpt lat="54.9993064287329" lon="-3.04531185611782"/>
      <trkpt lat="54.9993281850645" lon="-3.04539375298767"/>
      <trkpt lat="54.9993826504805" lon="-3.04553746854556"/>
      <trkpt lat="54.9994253317842" lon="-3.04561394913814"/>
      <trkpt lat="54.9995411134086" lon="-3.0458214182372"/>
      <trkpt lat="54.9995650964574" lon="-3.04585323444084"/>
      <trkpt lat="54.9996532662959" lon="-3.04594304754837"/>
      <trkpt lat="54.999697008909" lon="-3.04597550621557"/>
      <trkpt lat="54.9998053508071" lon="-3.04602833657037"/>
      <trkpt lat="55.0001385285617" lon="-3.04612021330085"/>
      <trkpt lat="55.0001496106065" lon="-3.04612326877343"/>
      <trkpt lat="55.0005087463975" lon="-3.04636875422181"/>
      <trkpt lat="55.0006680736831" lon="-3.04644746178155"/>
      <trkpt lat="55.0007459046506" lon="-3.04648590903379"/>
      <trkpt lat="55.0008641852761" lon="-3.04652172947768"/>
      <trkpt lat="55.000964810395" lon="-3.04652125548416"/>
      <trkpt lat="55.001179049054" lon="-3.04648300796959"/>
      <trkpt lat="55.0013584717252" lon="-3.04641897591801"/>
      <trkpt lat="55.0015016630315" lon="-3.04637887637486"/>
      <trkpt lat="55.0020421968664" lon="-3.04643522844633"/>
      <trkpt lat="55.0024778462714" lon="-3.0464543047888"/>
      <trkpt lat="55.0028100405884" lon="-3.0464896365971"/>
      <trkpt lat="55.0030281243081" lon="-3.04652651142168"/>
      <trkpt lat="55.0037090306673" lon="-3.04666154696041"/>
      <trkpt lat="55.0041857241594" lon="-3.04672397817173"/>
      <trkpt lat="55.0043949378968" lon="-3.04673716150928"/>
      <trkpt lat="55.0046406235197" lon="-3.04680298692917"/>
      <trkpt lat="55.004752855445" lon="-3.04681068040018"/>
      <trkpt lat="55.0048096413056" lon="-3.04679965466883"/>
      <trkpt lat="55.0048484376372" lon="-3.04678029752789"/>
      <trkpt lat="55.0049046770846" lon="-3.04671769334892"/>
      <trkpt lat="55.0050713246445" lon="-3.04635295914454"/>
      <trkpt lat="55.0052916177692" lon="-3.04592413042419"/>
      <trkpt lat="55.005462130888" lon="-3.04564238153603"/>
      <trkpt lat="55.0056554647082" lon="-3.04541291718063"/>
      <trkpt lat="55.0057687973922" lon="-3.04530332388277"/>
      <trkpt lat="55.0060040340509" lon="-3.04511078372876"/>
      <trkpt lat="55.0060512617298" lon="-3.0450619926376"/>
      <trkpt lat="55.006098236056" lon="-3.04503201678525"/>
      <trkpt lat="55.0061522899143" lon="-3.0450146019819"/>
      <trkpt lat="55.0065607521524" lon="-3.04506119008156"/>
      <trkpt lat="55.0067529408656" lon="-3.04515657945828"/>
      <trkpt lat="55.0069930142253" lon="-3.04527573547024"/>
      <trkpt lat="55.007072819531" lon="-3.0452934095533"/>
      <trkpt lat="55.0070807874754" lon="-3.04529304453739"/>
      <trkpt lat="55.0071159594915" lon="-3.04529143734141"/>
      <trkpt lat="55.0071519820568" lon="-3.0452814167252"/>
      <trkpt lat="55.0072025227783" lon="-3.04525462742304"/>
      <trkpt lat="55.0072576900238" lon="-3.04521223024461"/>
      <trkpt lat="55.0073240606175" lon="-3.04513106111661"/>
      <trkpt lat="55.0074933803682" lon="-3.04497753812616"/>
      <trkpt lat="55.0075246524976" lon="-3.04494242761529"/>
      <trkpt lat="55.0075369234341" lon="-3.04492864927573"/>
      <trkpt lat="55.0075919820521" lon="-3.0448988823823"/>
      <trkpt lat="55.0076504412608" lon="-3.04490195039594"/>
      <trkpt lat="55.0077031536952" lon="-3.04493606606998"/>
      <trkpt lat="55.0079446006423" lon="-3.04518162144609"/>
      <trkpt lat="55.0079843881201" lon="-3.04525614162317"/>
      <trkpt lat="55.0079991865724" lon="-3.04531131885565"/>
      <trkpt lat="55.0080024039462" lon="-3.04535510567971"/>
      <trkpt lat="55.0079806253054" lon="-3.0456938597754"/>
      <trkpt lat="55.0079852989426" lon="-3.0458816921384"/>
      <trkpt lat="55.0079769436043" lon="-3.04601748593923"/>
      <trkpt lat="55.0079587219842" lon="-3.0461514764148"/>
      <trkpt lat="55.0079372157648" lon="-3.04624941182904"/>
      <trkpt lat="55.0079168782838" lon="-3.04631605054151"/>
      <trkpt lat="55.0077929080075" lon="-3.04661772043821"/>
      <trkpt lat="55.0075738101668" lon="-3.04690762708769"/>
      <trkpt lat="55.0075193666099" lon="-3.04697028191845"/>
      <trkpt lat="55.0074487561982" lon="-3.04703251535317"/>
      <trkpt lat="55.0073882404577" lon="-3.04707000190555"/>
      <trkpt lat="55.0072159889577" lon="-3.047135903373"/>
      <trkpt lat="55.0071689588664" lon="-3.04717219301744"/>
      <trkpt lat="55.007136314697" lon="-3.0472073095119"/>
      <trkpt lat="55.0070350788881" lon="-3.04738296653946"/>
      <trkpt lat="55.0070167521822" lon="-3.04742464456979"/>
      <trkpt lat="55.0069722112463" lon="-3.04758927142685"/>
      <trkpt lat="55.0068501720124" lon="-3.04808332527799"/>
      <trkpt lat="55.0067990825047" lon="-3.04838224239823"/>
      <trkpt lat="55.0067863961854" lon="-3.04849909641793"/>
      <trkpt lat="55.0067912461844" lon="-3.04856174862155"/>
      <trkpt lat="55.0068165252028" lon="-3.04865161941097"/>
      <trkpt lat="55.0069805987931" lon="-3.04890909593832"/>
      <trkpt lat="55.0071472886605" lon="-3.04916522472693"/>
      <trkpt lat="55.0074346635731" lon="-3.04950108446729"/>
      <trkpt lat="55.0075711795542" lon="-3.04962042049262"/>
      <trkpt lat="55.0076803146657" lon="-3.04967483882726"/>
      <trkpt lat="55.0078657576987" lon="-3.04973589320553"/>
      <trkpt lat="55.0080069313008" lon="-3.04973184586632"/>
      <trkpt lat="55.0080826618521" lon="-3.04970094902106"/>
      <trkpt lat="55.0081070618097" lon="-3.04968443971231"/>
      <trkpt lat="55.0081812841031" lon="-3.04961442672636"/>
      <trkpt lat="55.0082683801772" lon="-3.04953227040073"/>
      <trkpt lat="55.0083289778147" lon="-3.04948537895768"/>
      <trkpt lat="55.0085068636016" lon="-3.04948525465135"/>
      <trkpt lat="55.0085069516096" lon="-3.04948526164117"/>
      <trkpt lat="55.0089935960904" lon="-3.04952929845848"/>
      <trkpt lat="55.0091904720652" lon="-3.04952502978579"/>
      <trkpt lat="55.0093829672537" lon="-3.04949731038185"/>
      <trkpt lat="55.0094499420765" lon="-3.04945058442402"/>
      <trkpt lat="55.0094862743297" lon="-3.04940460439179"/>
      <trkpt lat="55.0095127271607" lon="-3.04935836623285"/>
      <trkpt lat="55.0095284279093" lon="-3.04930875266795"/>
      <trkpt lat="55.0095343028239" lon="-3.04925256518088"/>
      <trkpt lat="55.0095320131394" lon="-3.04920557624255"/>
      <trkpt lat="55.0093728208421" lon="-3.04838209498597"/>
      <trkpt lat="55.0093678230124" lon="-3.04833658366533"/>
      <trkpt lat="55.0093658018382" lon="-3.04825840203144"/>
      <trkpt lat="55.0093754036181" lon="-3.04818671109528"/>
      <trkpt lat="55.0093939327658" lon="-3.0481215718248"/>
      <trkpt lat="55.0094195944121" lon="-3.04806280601473"/>
      <trkpt lat="55.0094723725107" lon="-3.04799533725682"/>
      <trkpt lat="55.0097416794677" lon="-3.04781155007812"/>
      <trkpt lat="55.0098329991626" lon="-3.04775449585571"/>
      <trkpt lat="55.0098645293854" lon="-3.04774448800511"/>
      <trkpt lat="55.0099788047276" lon="-3.04772400335753"/>
      <trkpt lat="55.0101001109702" lon="-3.04773180947977"/>
      <trkpt lat="55.0102243272942" lon="-3.04780853684132"/>
      <trkpt lat="55.010302242531" lon="-3.04783712854393"/>
      <trkpt lat="55.0103516298407" lon="-3.04783996472201"/>
      <trkpt lat="55.0104236964652" lon="-3.04782779125179"/>
      <trkpt lat="55.01048858001" lon="-3.04780447030497"/>
      <trkpt lat="55.0105373385256" lon="-3.04777608761831"/>
      <trkpt lat="55.0105925323234" lon="-3.04773059670579"/>
      <trkpt lat="55.0106596587094" lon="-3.04765576396099"/>
      <trkpt lat="55.0107133262697" lon="-3.04757890214071"/>
      <trkpt lat="55.0107673112187" lon="-3.04747561826538"/>
      <trkpt lat="55.0108053675595" lon="-3.04722945061708"/>
      <trkpt lat="55.0108086680375" lon="-3.04715914068948"/>
      <trkpt lat="55.0108022357672" lon="-3.04707142923241"/>
      <trkpt lat="55.010784288009" lon="-3.04696472333386"/>
      <trkpt lat="55.0107581369314" lon="-3.04687172720265"/>
      <trkpt lat="55.0107228721257" lon="-3.04678326466113"/>
      <trkpt lat="55.0105779289896" lon="-3.04629626111698"/>
      <trkpt lat="55.0105531717053" lon="-3.04614554156467"/>
      <trkpt lat="55.0105624035765" lon="-3.04580334463759"/>
      <trkpt lat="55.0105693227553" lon="-3.04573003462253"/>
      <trkpt lat="55.010607679956" lon="-3.04565741459245"/>
      <trkpt lat="55.0106504996905" lon="-3.04558826161873"/>
      <trkpt lat="55.0107502375399" lon="-3.04549235506307"/>
      <trkpt lat="55.0108087428717" lon="-3.04547969608831"/>
      <trkpt lat="55.0113977795356" lon="-3.04543249178962"/>
      <trkpt lat="55.0115814555836" lon="-3.0453856986599"/>
      <trkpt lat="55.0117643784575" lon="-3.04522787372209"/>
      <trkpt lat="55.0119930476498" lon="-3.04506801285676"/>
      <trkpt lat="55.0120911212747" lon="-3.04506115170787"/>
      <trkpt lat="55.0121584190051" lon="-3.04507076817504"/>
      <trkpt lat="55.0122166560218" lon="-3.04508943159522"/>
      <trkpt lat="55.0123428254288" lon="-3.04515846958142"/>
      <trkpt lat="55.0124463051142" lon="-3.04523853353149"/>
      <trkpt lat="55.0124954368472" lon="-3.04527654853284"/>
      <trkpt lat="55.0125625871952" lon="-3.04530331024722"/>
      <trkpt lat="55.0125958334689" lon="-3.04530262715226"/>
      <trkpt lat="55.0126626726786" lon="-3.04527148737113"/>
      <trkpt lat="55.0126916832808" lon="-3.04524103964111"/>
      <trkpt lat="55.012720882418" lon="-3.04518854869569"/>
      <trkpt lat="55.0127410994563" lon="-3.04513595379214"/>
      <trkpt lat="55.0128068210376" lon="-3.04480616609589"/>
      <trkpt lat="55.012861212124" lon="-3.04464486158724"/>
      <trkpt lat="55.0128703279563" lon="-3.0446294980625"/>
      <trkpt lat="55.0129284440601" lon="-3.0445575147819"/>
      <trkpt lat="55.0130352330214" lon="-3.04447738416193"/>
      <trkpt lat="55.01319755533" lon="-3.04440656288188"/>
      <trkpt lat="55.0132750220512" lon="-3.04439297613213"/>
      <trkpt lat="55.0133129877446" lon="-3.044365853353"/>
      <trkpt lat="55.0133466103634" lon="-3.04432134200148"/>
      <trkpt lat="55.0133594131773" lon="-3.04429511318161"/>
      <trkpt lat="55.0133771910589" lon="-3.04421266731115"/>
      <trkpt lat="55.0133816837759" lon="-3.04410795742767"/>
      <trkpt lat="55.0133732519294" lon="-3.04404365566103"/>
      <trkpt lat="55.013336628609" lon="-3.04391440894657"/>
      <trkpt lat="55.0133246701193" lon="-3.04384227940291"/>
      <trkpt lat="55.0133138401497" lon="-3.04374336114817"/>
      <trkpt lat="55.0133126871016" lon="-3.04366828780672"/>
      <trkpt lat="55.0133194567974" lon="-3.04361224720412"/>
      <trkpt lat="55.0133334134323" lon="-3.04355626347721"/>
      <trkpt lat="55.0133619144995" lon="-3.04348041373608"/>
      <trkpt lat="55.0133857117165" lon="-3.04321980184918"/>
      <trkpt lat="55.0134508916568" lon="-3.04305735613732"/>
      <trkpt lat="55.0136572593386" lon="-3.04278433345938"/>
      <trkpt lat="55.0139829386105" lon="-3.04232202518451"/>
      <trkpt lat="55.014070102654" lon="-3.04211011497812"/>
      <trkpt lat="55.0140812835035" lon="-3.04206347053014"/>
      <trkpt lat="55.0141105210542" lon="-3.04200633489937"/>
      <trkpt lat="55.0141367701204" lon="-3.04198354847788"/>
      <trkpt lat="55.0141683009883" lon="-3.04197340678025"/>
      <trkpt lat="55.014197861338" lon="-3.04198358638714"/>
      <trkpt lat="55.014208163144" lon="-3.0419939107921"/>
      <trkpt lat="55.014228235694" lon="-3.04201402976841"/>
      <trkpt lat="55.0142494974414" lon="-3.04204900973464"/>
      <trkpt lat="55.0142618038354" lon="-3.04208066098183"/>
      <trkpt lat="55.0142713229601" lon="-3.04212307127244"/>
      <trkpt lat="55.0142788429931" lon="-3.04218902688464"/>
      <trkpt lat="55.0143040337503" lon="-3.04228973969832"/>
      <trkpt lat="55.0143310337041" lon="-3.04238895135798"/>
      <trkpt lat="55.0143548958946" lon="-3.04243495868591"/>
      <trkpt lat="55.0143992189661" lon="-3.04250483467215"/>
      <trkpt lat="55.0144899484706" lon="-3.04261047211513"/>
      <trkpt lat="55.0145597897867" lon="-3.04264826018327"/>
      <trkpt lat="55.014621752036" lon="-3.04265141508553"/>
      <trkpt lat="55.01469466768" lon="-3.04263448160915"/>
      <trkpt lat="55.0147641904195" lon="-3.04259412216419"/>
      <trkpt lat="55.0148212466633" lon="-3.04254080127118"/>
      <trkpt lat="55.0149332474492" lon="-3.04237646858861"/>
      <trkpt lat="55.0149868452516" lon="-3.04230745602439"/>
      <trkpt lat="55.0150829110804" lon="-3.04220988736808"/>
      <trkpt lat="55.0152924561126" lon="-3.04209011922284"/>
      <trkpt lat="55.0154562615523" lon="-3.04195059351639"/>
      <trkpt lat="55.01553047443" lon="-3.04189771733581"/>
      <trkpt lat="55.0157479054073" lon="-3.04179078723534"/>
      <trkpt lat="55.0159129787772" lon="-3.04161828173361"/>
      <trkpt lat="55.0161599750462" lon="-3.0412165655385"/>
      <trkpt lat="55.0162182479391" lon="-3.04102104437988"/>
      <trkpt lat="55.0162383150821" lon="-3.04088075331824"/>
      <trkpt lat="55.016240820531" lon="-3.04079790426893"/>
      <trkpt lat="55.0162367581055" lon="-3.04074776693633"/>
      <trkpt lat="55.0162264603045" lon="-3.04069127955489"/>
      <trkpt lat="55.0161914561112" lon="-3.0405824436056"/>
      <trkpt lat="55.0161426955226" lon="-3.0404012978575"/>
      <trkpt lat="55.0161049944124" lon="-3.04007189152519"/>
      <trkpt lat="55.0161037066375" lon="-3.04001241294308"/>
      <trkpt lat="55.016112686284" lon="-3.03990781158706"/>
      <trkpt lat="55.0161276548979" lon="-3.0398488836156"/>
      <trkpt lat="55.0161515307411" lon="-3.0397885096153"/>
      <trkpt lat="55.0161770683196" lon="-3.03974378041557"/>
      <trkpt lat="55.0162814965678" lon="-3.0396135387514"/>
      <trkpt lat="55.0163024490329" lon="-3.03957965076046"/>
      <trkpt lat="55.0163567528884" lon="-3.03942773614517"/>
      <trkpt lat="55.0164205905465" lon="-3.039316816469"/>
      <trkpt lat="55.0165181805561" lon="-3.03926144384439"/>
      <trkpt lat="55.0166477598992" lon="-3.03923668566383"/>
      <trkpt lat="55.016828254112" lon="-3.03925695732071"/>
      <trkpt lat="55.0168666224601" lon="-3.03928773727178"/>
      <trkpt lat="55.0169001655854" lon="-3.03935746505507"/>
      <trkpt lat="55.0169844875458" lon="-3.03979279025091"/>
      <trkpt lat="55.0170286579003" lon="-3.04030070941094"/>
      <trkpt lat="55.0170540661094" lon="-3.04048112437314"/>
      <trkpt lat="55.0170663689633" lon="-3.04052373917788"/>
      <trkpt lat="55.0170927928175" lon="-3.04058541713491"/>
      <trkpt lat="55.017125585447" lon="-3.04063784815136"/>
      <trkpt lat="55.0171727621108" lon="-3.04068910200523"/>
      <trkpt lat="55.0172155808415" lon="-3.04072464236511"/>
      <trkpt lat="55.0172334640271" lon="-3.04073451929355"/>
      <trkpt lat="55.0173886481061" lon="-3.04077296954102"/>
      <trkpt lat="55.0175665866683" lon="-3.04076661943752"/>
      <trkpt lat="55.0176936306184" lon="-3.04073393288753"/>
      <trkpt lat="55.0177739173145" lon="-3.04069539277295"/>
      <trkpt lat="55.0178760295954" lon="-3.04062608307791"/>
      <trkpt lat="55.0180019784852" lon="-3.04057233777545"/>
      <trkpt lat="55.0180384216836" lon="-3.04055678620602"/>
      <trkpt lat="55.0181005326173" lon="-3.04054266276152"/>
      <trkpt lat="55.0181499332972" lon="-3.04054394247217"/>
      <trkpt lat="55.0183095180478" lon="-3.04058250690899"/>
      <trkpt lat="55.0183671079018" lon="-3.04058245200587"/>
      <trkpt lat="55.0184246857403" lon="-3.04057298290815"/>
      <trkpt lat="55.0184895952463" lon="-3.04054655099296"/>
      <trkpt lat="55.0186170603608" lon="-3.04055926693856"/>
      <trkpt lat="55.0186683885968" lon="-3.0405558263147"/>
      <trkpt lat="55.0187015013334" lon="-3.04057074013589"/>
      <trkpt lat="55.0187371351471" lon="-3.04060609404546"/>
      <trkpt lat="55.01876904164" lon="-3.04065695589331"/>
      <trkpt lat="55.0188270498921" lon="-3.04080701634864"/>
      <trkpt lat="55.0188838254054" lon="-3.04089140541429"/>
      <trkpt lat="55.0189137481671" lon="-3.04096413951904"/>
      <trkpt lat="55.0189424084997" lon="-3.04108997017027"/>
      <trkpt lat="55.0189844368408" lon="-3.04121782419588"/>
      <trkpt lat="55.0191219189093" lon="-3.04163430964521"/>
      <trkpt lat="55.0191431012046" lon="-3.04167857590134"/>
      <trkpt lat="55.0192458474471" lon="-3.0418501746916"/>
      <trkpt lat="55.019267330874" lon="-3.04186956010758"/>
      <trkpt lat="55.0193308889454" lon="-3.04189622594117"/>
      <trkpt lat="55.0194135517481" lon="-3.04189527490885"/>
      <trkpt lat="55.0194529907577" lon="-3.04190558382355"/>
      <trkpt lat="55.0194851649029" lon="-3.04192524513078"/>
      <trkpt lat="55.0195038127782" lon="-3.04195074773824"/>
      <trkpt lat="55.0195169901948" lon="-3.04198552103433"/>
      <trkpt lat="55.0195229561441" lon="-3.04202320256313"/>
      <trkpt lat="55.0195301290763" lon="-3.0421297799194"/>
      <trkpt lat="55.0195402639637" lon="-3.04220509642926"/>
      <trkpt lat="55.0195587475156" lon="-3.04226025444829"/>
      <trkpt lat="55.0195791380898" lon="-3.0422921213394"/>
      <trkpt lat="55.0196049584743" lon="-3.04231935717955"/>
      <trkpt lat="55.0196336061265" lon="-3.04233106164469"/>
      <trkpt lat="55.0196623636441" lon="-3.04233026105691"/>
      <trkpt lat="55.0197020974419" lon="-3.04230627319099"/>
      <trkpt lat="55.019962193678" lon="-3.04194858242314"/>
      <trkpt lat="55.0200800452784" lon="-3.04182487153084"/>
      <trkpt lat="55.0200809560958" lon="-3.0418233467042"/>
      <trkpt lat="55.0201506680203" lon="-3.0417610629912"/>
      <trkpt lat="55.0201868503358" lon="-3.0417323399208"/>
      <trkpt lat="55.0202195827798" lon="-3.04169720836648"/>
      <trkpt lat="55.0202496256574" lon="-3.04165104579237"/>
      <trkpt lat="55.0202734076334" lon="-3.04160162542845"/>
      <trkpt lat="55.0202937172166" lon="-3.04153793012582"/>
      <trkpt lat="55.0203188771606" lon="-3.04143231902641"/>
      <trkpt lat="55.0203511951319" lon="-3.04112029564839"/>
      <trkpt lat="55.0202929155391" lon="-3.04079186906876"/>
      <trkpt lat="55.0202662062604" lon="-3.04055350257015"/>
      <trkpt lat="55.0202615380498" lon="-3.04036406612037"/>
      <trkpt lat="55.0202766402719" lon="-3.04006887831309"/>
      <trkpt lat="55.020293839499" lon="-3.03994887539808"/>
      <trkpt lat="55.0203344027141" lon="-3.03982792722559"/>
      <trkpt lat="55.0203873135241" lon="-3.03973386631982"/>
      <trkpt lat="55.0204199564521" lon="-3.03969873064561"/>
      <trkpt lat="55.0204570226129" lon="-3.03967157686945"/>
      <trkpt lat="55.0205029789448" lon="-3.03965548618093"/>
      <trkpt lat="55.0206359060891" lon="-3.03966988830128"/>
      <trkpt lat="55.0207356332442" lon="-3.03966937438597"/>
      <trkpt lat="55.0207992173517" lon="-3.0396929430034"/>
      <trkpt lat="55.020847570024" lon="-3.03972230976742"/>
      <trkpt lat="55.0208787666964" lon="-3.03975123091193"/>
      <trkpt lat="55.0209036351825" lon="-3.03978476042068"/>
      <trkpt lat="55.0209406904263" lon="-3.03986399955025"/>
      <trkpt lat="55.021019707964" lon="-3.03997385922703"/>
      <trkpt lat="55.0211095427607" lon="-3.04007948537868"/>
      <trkpt lat="55.0211423355758" lon="-3.04013191972777"/>
      <trkpt lat="55.0211865859754" lon="-3.04022063228311"/>
      <trkpt lat="55.0212236276869" lon="-3.04030142053017"/>
      <trkpt lat="55.0212453736265" lon="-3.04038490814057"/>
      <trkpt lat="55.0212476941937" lon="-3.04042868748342"/>
      <trkpt lat="55.0212445441931" lon="-3.04048186791873"/>
      <trkpt lat="55.0212239957797" lon="-3.04057354461927"/>
      <trkpt lat="55.0211901728388" lon="-3.04064153567006"/>
      <trkpt lat="55.0211439370724" lon="-3.0406903743546"/>
      <trkpt lat="55.0210582777357" lon="-3.04071627006943"/>
      <trkpt lat="55.021014911412" lon="-3.04074493677492"/>
      <trkpt lat="55.02097323338" lon="-3.04078602723865"/>
      <trkpt lat="55.0209395714211" lon="-3.04083519290594"/>
      <trkpt lat="55.0209103211647" lon="-3.04089388729434"/>
      <trkpt lat="55.0208899827318" lon="-3.04096067855271"/>
      <trkpt lat="55.0208804259215" lon="-3.04102762093972"/>
      <trkpt lat="55.0208809350137" lon="-3.04107302814546"/>
      <trkpt lat="55.0208993839884" lon="-3.04112199735353"/>
      <trkpt lat="55.0209261030836" lon="-3.04114925664165"/>
      <trkpt lat="55.0211196968417" lon="-3.04120276482429"/>
      <trkpt lat="55.0211572030472" lon="-3.04123971850103"/>
      <trkpt lat="55.0212171292649" lon="-3.04127106265451"/>
      <trkpt lat="55.0212683544096" lon="-3.04126916702403"/>
      <trkpt lat="55.0213451421527" lon="-3.0412195708433"/>
      <trkpt lat="55.0213867408631" lon="-3.04118776315437"/>
      <trkpt lat="55.0216703886837" lon="-3.0409120372928"/>
      <trkpt lat="55.0218238929502" lon="-3.04072682264698"/>
      <trkpt lat="55.0219095660809" lon="-3.04058356915373"/>
      <trkpt lat="55.0219622776319" lon="-3.04051297071429"/>
      <trkpt lat="55.0220085000964" lon="-3.04046567745545"/>
      <trkpt lat="55.0221026195607" lon="-3.04039615291815"/>
      <trkpt lat="55.0221486421636" lon="-3.04037232460869"/>
      <trkpt lat="55.022231502966" lon="-3.04034790352373"/>
      <trkpt lat="55.0225237732477" lon="-3.04021928532192"/>
      <trkpt lat="55.0225807071043" lon="-3.04018013480508"/>
      <trkpt lat="55.0226350666716" lon="-3.04012686010746"/>
      <trkpt lat="55.022685979254" lon="-3.0400562132124"/>
      <trkpt lat="55.0227289672851" lon="-3.03997749458787"/>
      <trkpt lat="55.0227629488115" lon="-3.03989080450385"/>
      <trkpt lat="55.0227981920734" lon="-3.03976184630936"/>
      <trkpt lat="55.0228628013762" lon="-3.03945541045145"/>
      <trkpt lat="55.0228734697609" lon="-3.03936334391779"/>
      <trkpt lat="55.0228760148033" lon="-3.03927583950424"/>
      <trkpt lat="55.0228712935136" lon="-3.03919756199105"/>
      <trkpt lat="55.0228576709312" lon="-3.03910951099683"/>
      <trkpt lat="55.0228333875831" lon="-3.03900725505428"/>
      <trkpt lat="55.0228080202627" lon="-3.03892689501227"/>
      <trkpt lat="55.0227842768883" lon="-3.0388668256254"/>
      <trkpt lat="55.022740075714" lon="-3.03878275638625"/>
      <trkpt lat="55.0226103171426" lon="-3.03860735633106"/>
      <trkpt lat="55.0225077166329" lon="-3.03841847244641"/>
      <trkpt lat="55.0224162193015" lon="-3.0382863654974"/>
      <trkpt lat="55.0223248004729" lon="-3.0381556783341"/>
      <trkpt lat="55.0222331017688" lon="-3.03805787291493"/>
      <trkpt lat="55.0221754256849" lon="-3.03797358575657"/>
      <trkpt lat="55.0221224131743" lon="-3.03786891306316"/>
      <trkpt lat="55.0220827450697" lon="-3.03776935617601"/>
      <trkpt lat="55.0220513568301" lon="-3.03765750474951"/>
      <trkpt lat="55.0220253847107" lon="-3.03754269949271"/>
      <trkpt lat="55.021970029898" lon="-3.03718609585733"/>
      <trkpt lat="55.0219291361907" lon="-3.03703027980529"/>
      <trkpt lat="55.0219147334" lon="-3.03692815280119"/>
      <trkpt lat="55.0219110156552" lon="-3.03683739475934"/>
      <trkpt lat="55.021913492029" lon="-3.03675762846074"/>
      <trkpt lat="55.0219231662925" lon="-3.03667662924568"/>
      <trkpt lat="55.0219456041048" lon="-3.03657390625219"/>
      <trkpt lat="55.0219806146328" lon="-3.03647163586492"/>
      <trkpt lat="55.0220016991428" lon="-3.03642214227586"/>
      <trkpt lat="55.0221266815505" lon="-3.03620947578412"/>
      <trkpt lat="55.0224361711879" lon="-3.0355245162401"/>
      <trkpt lat="55.0226956112" lon="-3.0350306774703"/>
      <trkpt lat="55.0227346910074" lon="-3.03487215073031"/>
      <trkpt lat="55.0227763175922" lon="-3.03474180417774"/>
      <trkpt lat="55.0228249748294" lon="-3.0346195050756"/>
      <trkpt lat="55.022870682557" lon="-3.03452679315013"/>
      <trkpt lat="55.0229508548342" lon="-3.03439589026805"/>
      <trkpt lat="55.0230142869264" lon="-3.03433187907514"/>
      <trkpt lat="55.0230576138694" lon="-3.03430797545697"/>
      <trkpt lat="55.0231324781264" lon="-3.03428333539718"/>
      <trkpt lat="55.0232098567066" lon="-3.0342695937214"/>
      <trkpt lat="55.0232718585716" lon="-3.03426809485309"/>
      <trkpt lat="55.0236163778532" lon="-3.03433332787287"/>
      <trkpt lat="55.0237885239563" lon="-3.03438457739508"/>
      <trkpt lat="55.0238576871362" lon="-3.03438636033074"/>
      <trkpt lat="55.023958629141" lon="-3.0343483321967"/>
      <trkpt lat="55.0239947702313" lon="-3.03432424297267"/>
      <trkpt lat="55.0240465226121" lon="-3.0342708914398"/>
      <trkpt lat="55.0240976462623" lon="-3.0341752201129"/>
      <trkpt lat="55.024151138046" lon="-3.03401228585102"/>
      <trkpt lat="55.0242763667898" lon="-3.03333659312594"/>
      <trkpt lat="55.0242888931407" lon="-3.0332368313806"/>
      <trkpt lat="55.0243046264306" lon="-3.03297129267678"/>
      <trkpt lat="55.0243045869814" lon="-3.03265853163508"/>
      <trkpt lat="55.024336815669" lon="-3.03235433687168"/>
      <trkpt lat="55.024358425466" lon="-3.03193559829631"/>
      <trkpt lat="55.0243582708232" lon="-3.03193115809352"/>
      <trkpt lat="55.0243366678752" lon="-3.03131248302037"/>
      <trkpt lat="55.0243425377817" lon="-3.0311499965999"/>
      <trkpt lat="55.0243575611247" lon="-3.03096736912129"/>
      <trkpt lat="55.0243805472843" lon="-3.03080996616436"/>
      <trkpt lat="55.0244059118996" lon="-3.03067919297805"/>
      <trkpt lat="55.0244328220314" lon="-3.03057812231796"/>
      <trkpt lat="55.0244641679502" lon="-3.03048361478052"/>
      <trkpt lat="55.024505448753" lon="-3.03038291410287"/>
      <trkpt lat="55.0245566218509" lon="-3.03028104664043"/>
      <trkpt lat="55.0246157865477" lon="-3.03019021957894"/>
      <trkpt lat="55.0246693492944" lon="-3.030124397295"/>
      <trkpt lat="55.024727375311" lon="-3.03007261913373"/>
      <trkpt lat="55.0248420423202" lon="-3.03000526795151"/>
      <trkpt lat="55.0252789257501" lon="-3.02987872701638"/>
      <trkpt lat="55.0253571852227" lon="-3.02987763854188"/>
      <trkpt lat="55.0254064801524" lon="-3.02989141414491"/>
      <trkpt lat="55.0254476250554" lon="-3.02991284759357"/>
      <trkpt lat="55.0254922176714" lon="-3.02995152363573"/>
      <trkpt lat="55.025543770308" lon="-3.03001694797218"/>
      <trkpt lat="55.0255898007292" lon="-3.03009796614368"/>
      <trkpt lat="55.0256295417905" lon="-3.03018965751928"/>
      <trkpt lat="55.0256758621726" lon="-3.03034252431847"/>
      <trkpt lat="55.0257779899565" lon="-3.0309068454024"/>
      <trkpt lat="55.025818100266" lon="-3.03115654624997"/>
      <trkpt lat="55.0258581320142" lon="-3.0313092533925"/>
      <trkpt lat="55.0259143144057" lon="-3.0314640526897"/>
      <trkpt lat="55.0259734957848" lon="-3.03159390663173"/>
      <trkpt lat="55.0260142171182" lon="-3.03166524718644"/>
      <trkpt lat="55.0260711182013" lon="-3.03173558324152"/>
      <trkpt lat="55.0261497609825" lon="-3.03178455262347"/>
      <trkpt lat="55.0261981581174" lon="-3.03179830780706"/>
      <trkpt lat="55.0263544285728" lon="-3.0318148351951"/>
      <trkpt lat="55.0264281208268" lon="-3.03181208446106"/>
      <trkpt lat="55.0265595971569" lon="-3.03179061051078"/>
      <trkpt lat="55.0265775510606" lon="-3.03178767883169"/>
      <trkpt lat="55.0267961616812" lon="-3.03168123753325"/>
      <trkpt lat="55.0269285669784" lon="-3.03161676859187"/>
      <trkpt lat="55.027017580099" lon="-3.03160822094656"/>
      <trkpt lat="55.0270570358353" lon="-3.03161697361789"/>
      <trkpt lat="55.0271151527414" lon="-3.03164981048484"/>
      <trkpt lat="55.0271730321037" lon="-3.0317107592657"/>
      <trkpt lat="55.0272733597034" lon="-3.03186192594116"/>
      <trkpt lat="55.0273704755795" lon="-3.03206305672309"/>
      <trkpt lat="55.0274121193477" lon="-3.03213145637691"/>
      <trkpt lat="55.0275126184182" lon="-3.03226225026918"/>
      <trkpt lat="55.0275875222768" lon="-3.03232840966974"/>
      <trkpt lat="55.0276707896975" lon="-3.03236176488888"/>
      <trkpt lat="55.0277669108043" lon="-3.0323626893235"/>
      <trkpt lat="55.0278588849925" lon="-3.03233371013128"/>
      <trkpt lat="55.0279853489983" lon="-3.03225247657335"/>
      <trkpt lat="55.0280385285442" lon="-3.03223204552097"/>
      <trkpt lat="55.0280934375463" lon="-3.03221939797921"/>
      <trkpt lat="55.0281806132003" lon="-3.03222628245588"/>
      <trkpt lat="55.0282191281315" lon="-3.03223978482967"/>
      <trkpt lat="55.0282629276614" lon="-3.03226593368526"/>
      <trkpt lat="55.028315589761" lon="-3.03230637140605"/>
      <trkpt lat="55.0285010182719" lon="-3.03248643241706"/>
      <trkpt lat="55.0285768825949" lon="-3.03258478312058"/>
      <trkpt lat="55.0286129840972" lon="-3.03263158523007"/>
      <trkpt lat="55.0287032049343" lon="-3.03279823633037"/>
      <trkpt lat="55.0287814686819" lon="-3.03300830791712"/>
      <trkpt lat="55.0288287445763" lon="-3.03325976147276"/>
      <trkpt lat="55.0288478808205" lon="-3.0333337776188"/>
      <trkpt lat="55.028990459611" lon="-3.03378800565782"/>
      <trkpt lat="55.0290274404962" lon="-3.03387667137559"/>
      <trkpt lat="55.0290664250783" lon="-3.03395119781904"/>
      <trkpt lat="55.0291187693931" lon="-3.03402916610995"/>
      <trkpt lat="55.0291881216274" lon="-3.03411389307324"/>
      <trkpt lat="55.0292817276476" lon="-3.03419924357655"/>
      <trkpt lat="55.0293970075125" lon="-3.03428193010297"/>
      <trkpt lat="55.029496296033" lon="-3.03433298788916"/>
      <trkpt lat="55.0295401751276" lon="-3.03434972704272"/>
      <trkpt lat="55.0298197517019" lon="-3.03433977448062"/>
      <trkpt lat="55.0298638435386" lon="-3.03433149395999"/>
      <trkpt lat="55.029908001168" lon="-3.03431547566224"/>
      <trkpt lat="55.0299585668044" lon="-3.03428543419228"/>
      <trkpt lat="55.0300011509421" lon="-3.03425376647085"/>
      <trkpt lat="55.0300383215572" lon="-3.03421396316185"/>
      <trkpt lat="55.030084648862" lon="-3.0341541434581"/>
      <trkpt lat="55.0301283465476" lon="-3.03408651638146"/>
      <trkpt lat="55.0301978197351" lon="-3.03394589708616"/>
      <trkpt lat="55.0302308731461" lon="-3.03386225828381"/>
      <trkpt lat="55.0302715790467" lon="-3.03372399360023"/>
      <trkpt lat="55.0303176301899" lon="-3.03328402288919"/>
      <trkpt lat="55.0303494700549" lon="-3.03313159891569"/>
      <trkpt lat="55.0303623504455" lon="-3.03309594082414"/>
      <trkpt lat="55.0304050185665" lon="-3.03304376473134"/>
      <trkpt lat="55.0304627081725" lon="-3.03302348557278"/>
      <trkpt lat="55.0305582028299" lon="-3.03298991719146"/>
      <trkpt lat="55.0306016753833" lon="-3.03294872545566"/>
      <trkpt lat="55.0306331666869" lon="-3.03284788846202"/>
      <trkpt lat="55.0307344343687" lon="-3.03266590250496"/>
      <trkpt lat="55.0307817788958" lon="-3.03259191761088"/>
      <trkpt lat="55.0308454224803" lon="-3.03250287092604"/>
      <trkpt lat="55.0309371235147" lon="-3.03238939127418"/>
      <trkpt lat="55.0310450809194" lon="-3.03227645898385"/>
      <trkpt lat="55.0311194888591" lon="-3.03221350885565"/>
      <trkpt lat="55.0311473331012" lon="-3.03218995281201"/>
      <trkpt lat="55.0312422284753" lon="-3.03212350828301"/>
      <trkpt lat="55.0315230119392" lon="-3.03197115881036"/>
      <trkpt lat="55.0315942953772" lon="-3.0319435576285"/>
      <trkpt lat="55.0316745300432" lon="-3.03191248943476"/>
      <trkpt lat="55.0321658335968" lon="-3.0318312077859"/>
      <trkpt lat="55.0324894631083" lon="-3.03181759750593"/>
      <trkpt lat="55.0325444225044" lon="-3.03180959301627"/>
      <trkpt lat="55.0326524303242" lon="-3.03178579486752"/>
      <trkpt lat="55.0327443389402" lon="-3.031753712926"/>
      <trkpt lat="55.0328833608718" lon="-3.03168543239563"/>
      <trkpt lat="55.0329484563734" lon="-3.03163692424476"/>
      <trkpt lat="55.0330163784707" lon="-3.03157300846394"/>
      <trkpt lat="55.0330807996757" lon="-3.03149803623159"/>
      <trkpt lat="55.0331746398347" lon="-3.03135493337304"/>
      <trkpt lat="55.0334984710835" lon="-3.03068108301744"/>
      <trkpt lat="55.033626087301" lon="-3.03046376223127"/>
      <trkpt lat="55.0336960630544" lon="-3.03036959548174"/>
      <trkpt lat="55.0337733044678" lon="-3.030265649779"/>
      <trkpt lat="55.0338513422296" lon="-3.03018470381488"/>
      <trkpt lat="55.0339065152071" lon="-3.03014083772988"/>
      <trkpt lat="55.0340844675221" lon="-3.03002646212619"/>
      <trkpt lat="55.0341051689482" lon="-3.030005434152"/>
      <trkpt lat="55.0341371166285" lon="-3.02997298494968"/>
      <trkpt lat="55.0341671408579" lon="-3.02992847459861"/>
      <trkpt lat="55.0342056077105" lon="-3.02984173829446"/>
      <trkpt lat="55.0342335588598" lon="-3.02972364104364"/>
      <trkpt lat="55.0342446575046" lon="-3.0295799550426"/>
      <trkpt lat="55.0342470786388" lon="-3.02940005336694"/>
      <trkpt lat="55.0341424448999" lon="-3.02902493117235"/>
      <trkpt lat="55.0341209945763" lon="-3.0289055673311"/>
      <trkpt lat="55.0341109471635" lon="-3.02880829909124"/>
      <trkpt lat="55.0341083599026" lon="-3.02868928897691"/>
      <trkpt lat="55.0341127860559" lon="-3.02859084269261"/>
      <trkpt lat="55.0341402850464" lon="-3.02843041916306"/>
      <trkpt lat="55.0342644791688" lon="-3.02797975864374"/>
      <trkpt lat="55.0342722645911" lon="-3.02795780264697"/>
      <trkpt lat="55.0343012915994" lon="-3.02787594831395"/>
      <trkpt lat="55.0343543662741" lon="-3.02776145924201"/>
      <trkpt lat="55.0344410665716" lon="-3.02761196731951"/>
      <trkpt lat="55.0347201033282" lon="-3.02722950810648"/>
      <trkpt lat="55.0347868310007" lon="-3.02699809943117"/>
      <trkpt lat="55.0348373157247" lon="-3.02676459720068"/>
      <trkpt lat="55.0349110852004" lon="-3.02653968843288"/>
      <trkpt lat="55.0349541979692" lon="-3.02643435890835"/>
      <trkpt lat="55.0350044571337" lon="-3.02633398569357"/>
      <trkpt lat="55.0350509123866" lon="-3.02625841364844"/>
      <trkpt lat="55.0350963868898" lon="-3.02620332770076"/>
      <trkpt lat="55.0351976979121" lon="-3.02612141713401"/>
      <trkpt lat="55.0353609452468" lon="-3.02604573329461"/>
      <trkpt lat="55.0355337797785" lon="-3.02601570598842"/>
      <trkpt lat="55.0359029889383" lon="-3.02602991717727"/>
      <trkpt lat="55.0359821492173" lon="-3.02601787855437"/>
      <trkpt lat="55.0360984896265" lon="-3.0259754395991"/>
      <trkpt lat="55.0364587849232" lon="-3.02587511778436"/>
      <trkpt lat="55.0364866289842" lon="-3.02587582941899"/>
      <trkpt lat="55.03654033618" lon="-3.02589913335648"/>
      <trkpt lat="55.0365857219068" lon="-3.02595035076925"/>
      <trkpt lat="55.0366209116072" lon="-3.02603885038331"/>
      <trkpt lat="55.0366405628136" lon="-3.02612967869426"/>
      <trkpt lat="55.0366478014154" lon="-3.02616313318033"/>
      <trkpt lat="55.0366548554673" lon="-3.02628535988935"/>
      <trkpt lat="55.0366187029242" lon="-3.0265716271433"/>
      <trkpt lat="55.0366162511583" lon="-3.02659103757479"/>
      <trkpt lat="55.0366054329721" lon="-3.02680827787932"/>
      <trkpt lat="55.0366101361487" lon="-3.02710254813656"/>
      <trkpt lat="55.0366191833005" lon="-3.02720147536024"/>
      <trkpt lat="55.0366544619005" lon="-3.02739628512385"/>
      <trkpt lat="55.0369499073962" lon="-3.0283786813082"/>
      <trkpt lat="55.0371093959228" lon="-3.02896023892018"/>
      <trkpt lat="55.0373235805418" lon="-3.02935226072284"/>
      <trkpt lat="55.0375450849671" lon="-3.02971776856067"/>
      <trkpt lat="55.0377229760138" lon="-3.030363932583"/>
      <trkpt lat="55.0378112791085" lon="-3.0307573810772"/>
      <trkpt lat="55.0379583582801" lon="-3.03111634335504"/>
      <trkpt lat="55.0381326901525" lon="-3.03142904756815"/>
      <trkpt lat="55.0384384869841" lon="-3.03171700652578"/>
      <trkpt lat="55.038664970912" lon="-3.03182307680913"/>
      <trkpt lat="55.0389150700267" lon="-3.03200471691638"/>
      <trkpt lat="55.039624524142" lon="-3.03195251286757"/>
      <trkpt lat="55.0396818229734" lon="-3.03197592074445"/>
      <trkpt lat="55.0397462105507" lon="-3.03202144402589"/>
      <trkpt lat="55.0397978415759" lon="-3.03207747764137"/>
      <trkpt lat="55.039825340808" lon="-3.03211882739153"/>
      <trkpt lat="55.0398412031212" lon="-3.0321552334124"/>
      <trkpt lat="55.0398586226359" lon="-3.03221993467954"/>
      <trkpt lat="55.0398714596943" lon="-3.03229535638436"/>
      <trkpt lat="55.03987630367" lon="-3.03235960596652"/>
      <trkpt lat="55.0398754935467" lon="-3.03245506372827"/>
      <trkpt lat="55.0398654356546" lon="-3.03258150572109"/>
      <trkpt lat="55.0398567806972" lon="-3.03264863318805"/>
      <trkpt lat="55.0397728350804" lon="-3.03301264266964"/>
      <trkpt lat="55.0396319816962" lon="-3.03350820897953"/>
      <trkpt lat="55.0395982115108" lon="-3.03367635915512"/>
      <trkpt lat="55.0395686430031" lon="-3.03377262313425"/>
      <trkpt lat="55.0394417276021" lon="-3.0339070215358"/>
      <trkpt lat="55.0391196841449" lon="-3.03394568932358"/>
      <trkpt lat="55.0390155150318" lon="-3.034035383986"/>
      <trkpt lat="55.0389424718111" lon="-3.03427915817614"/>
      <trkpt lat="55.0389269097673" lon="-3.03431320681753"/>
      <trkpt lat="55.03892029008" lon="-3.03435212873037"/>
      <trkpt lat="55.0389208816214" lon="-3.03438814125361"/>
      <trkpt lat="55.0389372274881" lon="-3.03447307103753"/>
      <trkpt lat="55.0389807147399" lon="-3.0346415316134"/>
      <trkpt lat="55.0390506195127" lon="-3.0349782732798"/>
      <trkpt lat="55.0391015410069" lon="-3.03512821892568"/>
      <trkpt lat="55.039156030346" lon="-3.0352705157459"/>
      <trkpt lat="55.0392140433952" lon="-3.03584319188872"/>
      <trkpt lat="55.0393444148766" lon="-3.03604215411348"/>
      <trkpt lat="55.0397417393678" lon="-3.03624646246912"/>
      <trkpt lat="55.0399361556465" lon="-3.0363092851839"/>
      <trkpt lat="55.0400739777277" lon="-3.03637430890053"/>
      <trkpt lat="55.0401644183552" lon="-3.03641697896941"/>
      <trkpt lat="55.0402742833775" lon="-3.03649181305886"/>
      <trkpt lat="55.0403126260276" lon="-3.03652557501208"/>
      <trkpt lat="55.0403420094301" lon="-3.03656710687263"/>
      <trkpt lat="55.0403618608144" lon="-3.03661127823596"/>
      <trkpt lat="55.040404607963" lon="-3.03670639430675"/>
      <trkpt lat="55.0404683992074" lon="-3.03681126201878"/>
      <trkpt lat="55.0405680506091" lon="-3.03692492796899"/>
      <trkpt lat="55.0406444009867" lon="-3.0369902834953"/>
      <trkpt lat="55.0407848677129" lon="-3.03711052295448"/>
      <trkpt lat="55.0408052595318" lon="-3.03714240267348"/>
      <trkpt lat="55.0408193366804" lon="-3.03717721617009"/>
      <trkpt lat="55.0408410186104" lon="-3.03726848285072"/>
      <trkpt lat="55.0408657431721" lon="-3.03731918464688"/>
      <trkpt lat="55.0408958273403" lon="-3.03737325030705"/>
      <trkpt lat="55.0409980227205" lon="-3.03751511384001"/>
      <trkpt lat="55.0411024089028" lon="-3.03770554698458"/>
      <trkpt lat="55.0411894176163" lon="-3.03782676154879"/>
      <trkpt lat="55.0412691176475" lon="-3.03797281847283"/>
      <trkpt lat="55.0413448939123" lon="-3.03814690236351"/>
      <trkpt lat="55.0413816278814" lon="-3.03826371941946"/>
      <trkpt lat="55.0413928638425" lon="-3.0383156212452"/>
      <trkpt lat="55.041404103148" lon="-3.03847242466236"/>
      <trkpt lat="55.041396294048" lon="-3.03865054082956"/>
      <trkpt lat="55.0413714580379" lon="-3.03882369982773"/>
      <trkpt lat="55.0413388999261" lon="-3.03895420710138"/>
      <trkpt lat="55.0412105791232" lon="-3.03924197351517"/>
      <trkpt lat="55.041163728252" lon="-3.03936282045354"/>
      <trkpt lat="55.0411018648702" lon="-3.0395585019992"/>
      <trkpt lat="55.0410774272049" lon="-3.03968457509828"/>
      <trkpt lat="55.0410765702244" lon="-3.03970777773251"/>
      <trkpt lat="55.0410727517749" lon="-3.03981115850032"/>
      <trkpt lat="55.0410842427495" lon="-3.0399382906681"/>
      <trkpt lat="55.0411180022487" lon="-3.04008780549066"/>
      <trkpt lat="55.0411363577734" lon="-3.04014776352512"/>
      <trkpt lat="55.0411760930965" lon="-3.04022853200679"/>
      <trkpt lat="55.0411974356894" lon="-3.04025411757792"/>
      <trkpt lat="55.0412493684047" lon="-3.04028526909297"/>
      <trkpt lat="55.0413855991048" lon="-3.04032325053399"/>
      <trkpt lat="55.0414663967134" lon="-3.04032999123697"/>
      <trkpt lat="55.041577940802" lon="-3.04021869134381"/>
      <trkpt lat="55.0417552008696" lon="-3.03997593492595"/>
      <trkpt lat="55.0420255336186" lon="-3.03968100576248"/>
      <trkpt lat="55.0421838954634" lon="-3.03954730246702"/>
      <trkpt lat="55.0423464865137" lon="-3.0393497070658"/>
      <trkpt lat="55.042648565032" lon="-3.03912436705567"/>
      <trkpt lat="55.0428655054576" lon="-3.03897965916675"/>
      <trkpt lat="55.0429577893187" lon="-3.03890385353997"/>
      <trkpt lat="55.0431415220314" lon="-3.03869581897002"/>
      <trkpt lat="55.0433416106722" lon="-3.03846926297136"/>
      <trkpt lat="55.0435133459986" lon="-3.038357961636"/>
      <trkpt lat="55.043730816889" lon="-3.03835107067899"/>
      <trkpt lat="55.0438571017886" lon="-3.03851240761466"/>
      <trkpt lat="55.0439841524742" lon="-3.03870328640559"/>
      <trkpt lat="55.0440584554009" lon="-3.03881491915606"/>
      <trkpt lat="55.044311346879" lon="-3.03898431113273"/>
      <trkpt lat="55.0445139259992" lon="-3.03925873010543"/>
      <trkpt lat="55.0446558936522" lon="-3.0396314258548"/>
      <trkpt lat="55.0447252927491" lon="-3.03981361757626"/>
      <trkpt lat="55.0447565318428" lon="-3.03989562809134"/>
      <trkpt lat="55.0447888286723" lon="-3.0400060186605"/>
      <trkpt lat="55.0448095284688" lon="-3.04010682027301"/>
      <trkpt lat="55.0448187272424" lon="-3.04018680447884"/>
      <trkpt lat="55.0448171328672" lon="-3.04026818671936"/>
      <trkpt lat="55.0448154282995" lon="-3.04027972864269"/>
      <trkpt lat="55.044797107037" lon="-3.04040380550544"/>
      <trkpt lat="55.0447900356745" lon="-3.04070570426838"/>
      <trkpt lat="55.0447091738531" lon="-3.04102130200906"/>
      <trkpt lat="55.0445775636114" lon="-3.04158759653578"/>
      <trkpt lat="55.0445632076861" lon="-3.04185368552553"/>
      <trkpt lat="55.0445615456542" lon="-3.0418844863019"/>
      <trkpt lat="55.0446207213966" lon="-3.04242282444481"/>
      <trkpt lat="55.0447230586601" lon="-3.04296706228122"/>
      <trkpt lat="55.0447293314772" lon="-3.04307355336689"/>
      <trkpt lat="55.0447346219727" lon="-3.04311075442767"/>
      <trkpt lat="55.0448149097014" lon="-3.04367529539177"/>
      <trkpt lat="55.0448337505609" lon="-3.04388569536867"/>
      <trkpt lat="55.0448452440795" lon="-3.04401403942169"/>
      <trkpt lat="55.0450365027774" lon="-3.04393139729366"/>
      <trkpt lat="55.0453961672786" lon="-3.04380151479556"/>
      <trkpt lat="55.0456890970097" lon="-3.0438059072393"/>
      <trkpt lat="55.0458815391835" lon="-3.0437843288852"/>
      <trkpt lat="55.0463057495543" lon="-3.04357624376649"/>
      <trkpt lat="55.0464057301434" lon="-3.04354606674879"/>
      <trkpt lat="55.0464744241204" lon="-3.04349765320996"/>
      <trkpt lat="55.0466033602767" lon="-3.04334924947868"/>
      <trkpt lat="55.0467280336465" lon="-3.04326796414936"/>
      <trkpt lat="55.0468544514555" lon="-3.04319304837576"/>
      <trkpt lat="55.0470868557901" lon="-3.0431317270239"/>
      <trkpt lat="55.0471271805006" lon="-3.04314374365693"/>
      <trkpt lat="55.0472006133639" lon="-3.04318165696964"/>
      <trkpt lat="55.0472586349581" lon="-3.04322536468943"/>
      <trkpt lat="55.0473619238902" lon="-3.04333296498744"/>
      <trkpt lat="55.0473832116718" lon="-3.04336487627762"/>
      <trkpt lat="55.0473990043102" lon="-3.04340903450893"/>
      <trkpt lat="55.0474101980449" lon="-3.04346571966556"/>
      <trkpt lat="55.0474363978953" lon="-3.04418171520816"/>
      <trkpt lat="55.0474329118235" lon="-3.04427389364469"/>
      <trkpt lat="55.0474090870835" lon="-3.04443290556336"/>
      <trkpt lat="55.0473858657162" lon="-3.04452160275123"/>
      <trkpt lat="55.0473202004654" lon="-3.04474056619633"/>
      <trkpt lat="55.0472807580509" lon="-3.04483503402889"/>
      <trkpt lat="55.0472595245402" lon="-3.04490171540943"/>
      <trkpt lat="55.047238904221" lon="-3.04500131995739"/>
      <trkpt lat="55.0472262577248" lon="-3.04511377688507"/>
      <trkpt lat="55.0472245259478" lon="-3.04521077572913"/>
      <trkpt lat="55.0472274339639" lon="-3.04529060364182"/>
      <trkpt lat="55.0472374315441" lon="-3.04538171313853"/>
      <trkpt lat="55.047260596777" lon="-3.04550904207195"/>
      <trkpt lat="55.0473390188327" lon="-3.04652372221361"/>
      <trkpt lat="55.0473523943232" lon="-3.04695289822899"/>
      <trkpt lat="55.047429873695" lon="-3.04713649014283"/>
      <trkpt lat="55.0474849117519" lon="-3.04722400050856"/>
      <trkpt lat="55.0475426067508" lon="-3.04730538710212"/>
      <trkpt lat="55.047683202487" lon="-3.04746236565354"/>
      <trkpt lat="55.0477126495413" lon="-3.04750099718057"/>
      <trkpt lat="55.0477721274425" lon="-3.04757902535948"/>
      <trkpt lat="55.0478536442314" lon="-3.04771097645772"/>
      <trkpt lat="55.0479570750295" lon="-3.04790621848028"/>
      <trkpt lat="55.0480568457054" lon="-3.04810923878822"/>
      <trkpt lat="55.0481922316146" lon="-3.04841593083635"/>
      <trkpt lat="55.0482147112256" lon="-3.04846685608242"/>
      <trkpt lat="55.0484852830206" lon="-3.04907979732433"/>
      <trkpt lat="55.0485677915295" lon="-3.04940910002854"/>
      <trkpt lat="55.0486123035979" lon="-3.04976877066879"/>
      <trkpt lat="55.0486327546146" lon="-3.04989758349303"/>
      <trkpt lat="55.0486595060022" lon="-3.05002514164639"/>
      <trkpt lat="55.0488238692185" lon="-3.05066489760655"/>
      <trkpt lat="55.0488297261374" lon="-3.05071512363755"/>
      <trkpt lat="55.0488282739913" lon="-3.05077922488076"/>
      <trkpt lat="55.0488215131297" lon="-3.05083389445573"/>
      <trkpt lat="55.048810423551" lon="-3.05086961021662"/>
      <trkpt lat="55.0487738756575" lon="-3.05094053550828"/>
      <trkpt lat="55.0487248445888" lon="-3.05100042304818"/>
      <trkpt lat="55.0483694250384" lon="-3.05126186452969"/>
      <trkpt lat="55.0482699812467" lon="-3.05132339813502"/>
      <trkpt lat="55.0481697814312" lon="-3.05137871662742"/>
      <trkpt lat="55.0479806382391" lon="-3.05142383344702"/>
      <trkpt lat="55.0479038589042" lon="-3.05147189353239"/>
      <trkpt lat="55.0478324559834" lon="-3.05152164225102"/>
      <trkpt lat="55.0477627263918" lon="-3.05158563071662"/>
      <trkpt lat="55.0476869050161" lon="-3.05161642183171"/>
      <trkpt lat="55.0476435209835" lon="-3.05164664472722"/>
      <trkpt lat="55.047605390934" lon="-3.05169261928892"/>
      <trkpt lat="55.0475652870849" lon="-3.05175880305015"/>
      <trkpt lat="55.0475286293626" lon="-3.05184236887465"/>
      <trkpt lat="55.0474990750736" lon="-3.05193554141151"/>
      <trkpt lat="55.0472298700661" lon="-3.05282368790162"/>
      <trkpt lat="55.0471911854096" lon="-3.05293391127651"/>
      <trkpt lat="55.0471789676572" lon="-3.05299617939403"/>
      <trkpt lat="55.0471753118616" lon="-3.05310719320431"/>
      <trkpt lat="55.0471794246933" lon="-3.05315104695334"/>
      <trkpt lat="55.0471915661419" lon="-3.05320143613946"/>
      <trkpt lat="55.0472187321672" lon="-3.05328048149432"/>
      <trkpt lat="55.0472840060817" lon="-3.05341988851649"/>
      <trkpt lat="55.047399511474" lon="-3.05356848568195"/>
      <trkpt lat="55.0474735814433" lon="-3.05363624484963"/>
      <trkpt lat="55.0476031831739" lon="-3.05371320499082"/>
      <trkpt lat="55.0479261472602" lon="-3.05377639925643"/>
      <trkpt lat="55.0480502141761" lon="-3.05377656070886"/>
      <trkpt lat="55.0481375161829" lon="-3.053758461625"/>
      <trkpt lat="55.0482294563256" lon="-3.05372332196405"/>
      <trkpt lat="55.0483034605464" lon="-3.05368461376308"/>
      <trkpt lat="55.048330595896" lon="-3.05366338843628"/>
      <trkpt lat="55.048355905707" lon="-3.05363193045545"/>
      <trkpt lat="55.0483688299469" lon="-3.05361586809159"/>
      <trkpt lat="55.0484404013653" lon="-3.05365065516727"/>
      <trkpt lat="55.0485030719617" lon="-3.05363112016901"/>
      <trkpt lat="55.0485331862944" lon="-3.05362173224257"/>
      <trkpt lat="55.0486112438286" lon="-3.05352983173864"/>
      <trkpt lat="55.0487790564466" lon="-3.05335433802743"/>
      <trkpt lat="55.048885661887" lon="-3.05337948246553"/>
      <trkpt lat="55.0492137890325" lon="-3.05345687683294"/>
      <trkpt lat="55.0492641896168" lon="-3.05346876504382"/>
      <trkpt lat="55.0493026092005" lon="-3.05345388644223"/>
      <trkpt lat="55.0497448277737" lon="-3.0532826359032"/>
      <trkpt lat="55.0498583874672" lon="-3.05317856100171"/>
      <trkpt lat="55.0499141699528" lon="-3.0531274370969"/>
      <trkpt lat="55.0500215739418" lon="-3.05297680877398"/>
      <trkpt lat="55.0500496396317" lon="-3.05291565645681"/>
      <trkpt lat="55.0500499592839" lon="-3.05291496047762"/>
      <trkpt lat="55.0500666415745" lon="-3.05285590267865"/>
      <trkpt lat="55.0501127224032" lon="-3.05276195929283"/>
      <trkpt lat="55.0502743326313" lon="-3.05243249438885"/>
      <trkpt lat="55.0507427284862" lon="-3.05198919843072"/>
      <trkpt lat="55.0512663487695" lon="-3.05119526251659"/>
      <trkpt lat="55.0516493873566" lon="-3.05106435907123"/>
      <trkpt lat="55.0520409139518" lon="-3.05130318257239"/>
      <trkpt lat="55.052139113057" lon="-3.05132969662293"/>
      <trkpt lat="55.0522722513481" lon="-3.05136564307845"/>
      <trkpt lat="55.0523286482678" lon="-3.05138906188508"/>
      <trkpt lat="55.0523699253483" lon="-3.05139478912632"/>
      <trkpt lat="55.0524202645347" lon="-3.05139146184462"/>
      <trkpt lat="55.0524671965241" lon="-3.05137694538029"/>
      <trkpt lat="55.052509655207" lon="-3.05134992191859"/>
      <trkpt lat="55.0525504384931" lon="-3.0513087850896"/>
      <trkpt lat="55.05264501934" lon="-3.05117793141459"/>
      <trkpt lat="55.052735930086" lon="-3.05105215767661"/>
      <trkpt lat="55.0528035676303" lon="-3.05092873564705"/>
      <trkpt lat="55.0528662712214" lon="-3.05075912618089"/>
      <trkpt lat="55.0528826765198" lon="-3.05071475167801"/>
      <trkpt lat="55.0529040097967" lon="-3.05063709644914"/>
      <trkpt lat="55.0529060638107" lon="-3.05039915288521"/>
      <trkpt lat="55.0529061852086" lon="-3.05038508807979"/>
      <trkpt lat="55.052939798679" lon="-3.04992571881668"/>
      <trkpt lat="55.0529612441406" lon="-3.04973061611735"/>
      <trkpt lat="55.0529844879965" lon="-3.04953556024321"/>
      <trkpt lat="55.0530481773287" lon="-3.0491302797428"/>
      <trkpt lat="55.0530200796061" lon="-3.04884611543068"/>
      <trkpt lat="55.0530574279396" lon="-3.04805669095148"/>
      <trkpt lat="55.053073088352" lon="-3.04801166798471"/>
      <trkpt lat="55.0532273775273" lon="-3.04763211091293"/>
      <trkpt lat="55.0537128448386" lon="-3.04655996516411"/>
      <trkpt lat="55.0545054277179" lon="-3.04468651964269"/>
      <trkpt lat="55.0549728239198" lon="-3.04362325740871"/>
      <trkpt lat="55.0551917542763" lon="-3.04345676610894"/>
      <trkpt lat="55.0556606488382" lon="-3.04317144264839"/>
      <trkpt lat="55.0555478311392" lon="-3.04227776914651"/>
      <trkpt lat="55.0554672958" lon="-3.04129574905706"/>
      <trkpt lat="55.0552895096798" lon="-3.04022344276991"/>
      <trkpt lat="55.0552632571146" lon="-3.04003650852116"/>
      <trkpt lat="55.0552251627105" lon="-3.03965824102709"/>
      <trkpt lat="55.0552003108284" lon="-3.0392019707644"/>
      <trkpt lat="55.0552055438025" lon="-3.03890472097584"/>
      <trkpt lat="55.0552698098178" lon="-3.03800622952499"/>
      <trkpt lat="55.0553754472936" lon="-3.03562471660696"/>
      <trkpt lat="55.0554053436504" lon="-3.034750498214"/>
      <trkpt lat="55.0554157304953" lon="-3.03417303266989"/>
      <trkpt lat="55.0553803299299" lon="-3.03304182425437"/>
      <trkpt lat="55.0553524223624" lon="-3.0306115599772"/>
      <trkpt lat="55.0552803659469" lon="-3.02755235533427"/>
      <trkpt lat="55.0552248872733" lon="-3.02646143018639"/>
      <trkpt lat="55.0551656400377" lon="-3.02548619128776"/>
      <trkpt lat="55.0550574940273" lon="-3.02339193996863"/>
      <trkpt lat="55.0549997965434" lon="-3.02256079405817"/>
      <trkpt lat="55.0549367475049" lon="-3.02215222349185"/>
      <trkpt lat="55.0548898697392" lon="-3.02119757623276"/>
      <trkpt lat="55.0548748442874" lon="-3.02106102389013"/>
      <trkpt lat="55.0548347694998" lon="-3.02080482957958"/>
      <trkpt lat="55.0546979468017" lon="-3.01976503734279"/>
      <trkpt lat="55.0546250143307" lon="-3.01903367542647"/>
      <trkpt lat="55.0540463150582" lon="-3.01375773900005"/>
      <trkpt lat="55.0536067197086" lon="-3.00977199560992"/>
      <trkpt lat="55.053541637079" lon="-3.00938689981906"/>
      <trkpt lat="55.0535426193603" lon="-3.00905186530768"/>
      <trkpt lat="55.0535524059315" lon="-3.00895505251601"/>
      <trkpt lat="55.0535510626498" lon="-3.00890029425755"/>
      <trkpt lat="55.0535364811875" lon="-3.00881693691711"/>
      <trkpt lat="55.0534474547161" lon="-3.00796001650763"/>
      <trkpt lat="55.0534524349757" lon="-3.00779261240037"/>
      <trkpt lat="55.0534043300398" lon="-3.00762400507998"/>
      <trkpt lat="55.0533064091527" lon="-3.00718943054482"/>
      <trkpt lat="55.0529684283907" lon="-3.0044838656846"/>
      <trkpt lat="55.0529246136022" lon="-3.00391449417631"/>
      <trkpt lat="55.0528441687825" lon="-3.00320029949308"/>
      <trkpt lat="55.0527870557004" lon="-3.00228147823321"/>
      <trkpt lat="55.0525856258426" lon="-3.00110402842223"/>
      <trkpt lat="55.0524664186705" lon="-3.00007577330942"/>
      <trkpt lat="55.0523544693579" lon="-2.9986109570086"/>
      <trkpt lat="55.0522015283818" lon="-2.99687280803098"/>
      <trkpt lat="55.0520182189793" lon="-2.99468142642347"/>
      <trkpt lat="55.051971707718" lon="-2.99431554541694"/>
      <trkpt lat="55.0519923112768" lon="-2.99422377706067"/>
      <trkpt lat="55.0520012400042" lon="-2.99412061963751"/>
      <trkpt lat="55.0519550179765" lon="-2.99327889508261"/>
      <trkpt lat="55.0516259584715" lon="-2.98932781687752"/>
      <trkpt lat="55.0513055905904" lon="-2.98528603271011"/>
      <trkpt lat="55.0510559450233" lon="-2.98237170202809"/>
      <trkpt lat="55.0507860187601" lon="-2.97895436577954"/>
      <trkpt lat="55.0502867995794" lon="-2.97285643776256"/>
      <trkpt lat="55.0502355455157" lon="-2.972288642026"/>
      <trkpt lat="55.0501670444233" lon="-2.97119130296372"/>
      <trkpt lat="55.0501130176427" lon="-2.96872633521279"/>
      <trkpt lat="55.050084496674" lon="-2.96688958097961"/>
      <trkpt lat="55.0500636856361" lon="-2.96486988607008"/>
      <trkpt lat="55.0500731454141" lon="-2.96469640633802"/>
      <trkpt lat="55.050069783462" lon="-2.9645538480175"/>
      <trkpt lat="55.0500575498031" lon="-2.96439701127591"/>
      <trkpt lat="55.0500215314023" lon="-2.96416926590025"/>
      <trkpt lat="55.0500145758197" lon="-2.96402662302334"/>
      <trkpt lat="55.0498439136078" lon="-2.96334163161493"/>
      <trkpt lat="55.0497657052233" lon="-2.96312062046702"/>
      <trkpt lat="55.0497160393391" lon="-2.96291436184318"/>
      <trkpt lat="55.0496834663258" lon="-2.96271638693166"/>
      <trkpt lat="55.0496621658013" lon="-2.96245609104455"/>
      <trkpt lat="55.049584970395" lon="-2.96210669785115"/>
      <trkpt lat="55.0495665081044" lon="-2.96194197128565"/>
      <trkpt lat="55.0495597467551" lon="-2.96177429786501"/>
      <trkpt lat="55.0495687827662" lon="-2.96131276061928"/>
      <trkpt lat="55.049504674936" lon="-2.96055678077132"/>
      <trkpt lat="55.0495035977981" lon="-2.96035168967547"/>
      <trkpt lat="55.049515387484" lon="-2.96022369291168"/>
      <trkpt lat="55.0495351760399" lon="-2.96010672816947"/>
      <trkpt lat="55.0495482201471" lon="-2.96004754633732"/>
      <trkpt lat="55.0495942168208" lon="-2.9599109482006"/>
      <trkpt lat="55.0495989178571" lon="-2.95988447539612"/>
      <trkpt lat="55.0496010841822" lon="-2.95983755182279"/>
      <trkpt lat="55.0495960033453" lon="-2.9597983263832"/>
      <trkpt lat="55.049575776095" lon="-2.95974299568179"/>
      <trkpt lat="55.0492589067216" lon="-2.95924243579847"/>
      <trkpt lat="55.049242371721" lon="-2.95917467559329"/>
      <trkpt lat="55.0492347426261" lon="-2.95911667764314"/>
      <trkpt lat="55.0492336865101" lon="-2.95902270247547"/>
      <trkpt lat="55.0492739876753" lon="-2.95869651855024"/>
      <trkpt lat="55.0492945614994" lon="-2.95859376740862"/>
      <trkpt lat="55.0495516416201" lon="-2.95847305129634"/>
      <trkpt lat="55.0497666287735" lon="-2.95833571045181"/>
      <trkpt lat="55.051529360139" lon="-2.95746690795752"/>
      <trkpt lat="55.051885538525" lon="-2.95731098368147"/>
      <trkpt lat="55.0521017541782" lon="-2.95724567463918"/>
      <trkpt lat="55.0522279966833" lon="-2.95718609063732"/>
      <trkpt lat="55.0523959301474" lon="-2.95709149348115"/>
      <trkpt lat="55.0528079443413" lon="-2.95691817899655"/>
      <trkpt lat="55.053174468948" lon="-2.95670312239549"/>
      <trkpt lat="55.0534811332091" lon="-2.95656007275"/>
      <trkpt lat="55.0537497016523" lon="-2.95634899870546"/>
      <trkpt lat="55.0539105721174" lon="-2.95623847843566"/>
      <trkpt lat="55.0541302277343" lon="-2.95606689102281"/>
      <trkpt lat="55.0546418072304" lon="-2.95558126043505"/>
      <trkpt lat="55.0547062564396" lon="-2.95549670681182"/>
      <trkpt lat="55.0547674811804" lon="-2.95536509316357"/>
      <trkpt lat="55.0548898454585" lon="-2.95500944932223"/>
      <trkpt lat="55.0549388498399" lon="-2.95483224003407"/>
      <trkpt lat="55.0550839057244" lon="-2.95386198200026"/>
      <trkpt lat="55.0551378051345" lon="-2.95352987278827"/>
      <trkpt lat="55.0551591355126" lon="-2.95332993196681"/>
      <trkpt lat="55.0551853677604" lon="-2.95296270273101"/>
      <trkpt lat="55.0552507827399" lon="-2.95241002375574"/>
      <trkpt lat="55.0553014852567" lon="-2.951855974859"/>
      <trkpt lat="55.0553048102944" lon="-2.95181964158717"/>
      <trkpt lat="55.0554799016183" lon="-2.95069351256329"/>
      <trkpt lat="55.0555800529731" lon="-2.94971751626884"/>
      <trkpt lat="55.0555808980167" lon="-2.94926358827807"/>
      <trkpt lat="55.0555559009143" lon="-2.94878233159797"/>
      <trkpt lat="55.0555074784265" lon="-2.94819416685583"/>
      <trkpt lat="55.0555404767905" lon="-2.94799449719773"/>
      <trkpt lat="55.0555534045542" lon="-2.94794949854729"/>
      <trkpt lat="55.0557268969545" lon="-2.94747447886525"/>
      <trkpt lat="55.0558898500164" lon="-2.9472106283621"/>
      <trkpt lat="55.0562724143371" lon="-2.94654808640777"/>
      <trkpt lat="55.0564151743146" lon="-2.94632763906193"/>
      <trkpt lat="55.0567260414876" lon="-2.94598904755675"/>
      <trkpt lat="55.0569824069221" lon="-2.94572738660811"/>
      <trkpt lat="55.0571317617559" lon="-2.94559460312215"/>
      <trkpt lat="55.0576072092067" lon="-2.94500159055521"/>
      <trkpt lat="55.0576645262901" lon="-2.94490897124609"/>
      <trkpt lat="55.0577675836036" lon="-2.94472203926897"/>
      <trkpt lat="55.0578396850472" lon="-2.94457658597533"/>
      <trkpt lat="55.0581418929635" lon="-2.94384781323882"/>
      <trkpt lat="55.0581998884063" lon="-2.94366756112531"/>
      <trkpt lat="55.058242637952" lon="-2.9434838532592"/>
      <trkpt lat="55.0582961166629" lon="-2.94319080522244"/>
      <trkpt lat="55.058340710541" lon="-2.94300081335204"/>
      <trkpt lat="55.0583989133773" lon="-2.94268916019544"/>
      <trkpt lat="55.0586563561849" lon="-2.94157890427386"/>
      <trkpt lat="55.0587638824392" lon="-2.94116190798939"/>
      <trkpt lat="55.0588515483395" lon="-2.94086178084425"/>
      <trkpt lat="55.0589150976991" lon="-2.94065970775975"/>
      <trkpt lat="55.0589688020972" lon="-2.94045275511643"/>
      <trkpt lat="55.0591177037635" lon="-2.93967967702456"/>
      <trkpt lat="55.0592481761001" lon="-2.93907061508805"/>
      <trkpt lat="55.0592682340794" lon="-2.93891605469207"/>
      <trkpt lat="55.0592760899592" lon="-2.93871280211104"/>
      <trkpt lat="55.0592541186928" lon="-2.93841629875059"/>
      <trkpt lat="55.0592240675803" lon="-2.93823565162374"/>
      <trkpt lat="55.0592040227399" lon="-2.93815527992233"/>
      <trkpt lat="55.0591409433385" lon="-2.93794714291505"/>
      <trkpt lat="55.0591144726837" lon="-2.93776800187652"/>
      <trkpt lat="55.059099445338" lon="-2.93750315893693"/>
      <trkpt lat="55.059102109884" lon="-2.93739040187081"/>
      <trkpt lat="55.0591135396928" lon="-2.93730611931842"/>
      <trkpt lat="55.0591275308503" lon="-2.93723919315084"/>
      <trkpt lat="55.059161594245" lon="-2.93713194583159"/>
      <trkpt lat="55.0592703972101" lon="-2.9368856120995"/>
      <trkpt lat="55.0594276250251" lon="-2.93666222235149"/>
      <trkpt lat="55.0596188112773" lon="-2.93645059664139"/>
      <trkpt lat="55.0596558662928" lon="-2.93642177115351"/>
      <trkpt lat="55.0597407141341" lon="-2.93638141068695"/>
      <trkpt lat="55.0598288358272" lon="-2.9363709467079"/>
      <trkpt lat="55.0599077223665" lon="-2.93639318274629"/>
      <trkpt lat="55.0600686491871" lon="-2.93650653160583"/>
      <trkpt lat="55.0602829642036" lon="-2.93679178299992"/>
      <trkpt lat="55.0605345172327" lon="-2.93715303438583"/>
      <trkpt lat="55.0606595314599" lon="-2.93737992294597"/>
      <trkpt lat="55.0607636775124" lon="-2.93762181588644"/>
      <trkpt lat="55.0608050264318" lon="-2.93773547617503"/>
      <trkpt lat="55.0608585039081" lon="-2.93790738227964"/>
      <trkpt lat="55.0609179570687" lon="-2.93813119230709"/>
      <trkpt lat="55.0609636872038" lon="-2.93849229259302"/>
      <trkpt lat="55.0609963956263" lon="-2.93867778516065"/>
      <trkpt lat="55.0610469703359" lon="-2.93887634660187"/>
      <trkpt lat="55.0611849363978" lon="-2.93927562287761"/>
      <trkpt lat="55.0612907592873" lon="-2.93954428609211"/>
      <trkpt lat="55.0614453863622" lon="-2.93987979901426"/>
      <trkpt lat="55.0617950744135" lon="-2.94056120585573"/>
      <trkpt lat="55.0620303383495" lon="-2.94093631355193"/>
      <trkpt lat="55.062060478491" lon="-2.94098865874342"/>
      <trkpt lat="55.062127201974" lon="-2.94107322929452"/>
      <trkpt lat="55.0621663052064" lon="-2.94113985594055"/>
      <trkpt lat="55.0622174953086" lon="-2.94125853168133"/>
      <trkpt lat="55.0626285433121" lon="-2.9417879098951"/>
    </trkseg>
  </trk>
  <trk>
    <name>Cumbria</name>
    <trkseg>
      <trkpt lat="55.0634053551229" lon="-2.94255619884089"/>
      <trkpt lat="55.0635875134164" lon="-2.94269977432649"/>
      <trkpt lat="55.0637396020705" lon="-2.94277176536236"/>
      <trkpt lat="55.0638033218168" lon="-2.94280192710053"/>
      <trkpt lat="55.0640923705482" lon="-2.94295912011872"/>
      <trkpt lat="55.0643081156456" lon="-2.94305804701684"/>
      <trkpt lat="55.0645672797986" lon="-2.94312997875966"/>
      <trkpt lat="55.0646022863688" lon="-2.94313390034243"/>
      <trkpt lat="55.0648484637556" lon="-2.94314278577727"/>
      <trkpt lat="55.0650895051409" lon="-2.94311875762854"/>
      <trkpt lat="55.0656541151568" lon="-2.94297077916923"/>
      <trkpt lat="55.065819821591" lon="-2.94291825310249"/>
      <trkpt lat="55.0658235899777" lon="-2.94291808486686"/>
      <trkpt lat="55.066165008124" lon="-2.94290286833885"/>
      <trkpt lat="55.0665562990102" lon="-2.94286197200833"/>
      <trkpt lat="55.0668338640043" lon="-2.94276197978988"/>
      <trkpt lat="55.0670914202114" lon="-2.94268191441747"/>
      <trkpt lat="55.0672204035486" lon="-2.94262697485912"/>
      <trkpt lat="55.0678621714587" lon="-2.94226001011758"/>
      <trkpt lat="55.0679517004332" lon="-2.9421838707354"/>
      <trkpt lat="55.0683017715359" lon="-2.94176924485856"/>
      <trkpt lat="55.0687419897142" lon="-2.94109372017928"/>
      <trkpt lat="55.0691649990813" lon="-2.94042397556118"/>
      <trkpt lat="55.0695776021898" lon="-2.93970542575102"/>
      <trkpt lat="55.0696872046313" lon="-2.93948410179567"/>
      <trkpt lat="55.0697676370796" lon="-2.93930586667493"/>
      <trkpt lat="55.0697966735235" lon="-2.9392359995489"/>
      <trkpt lat="55.0699205100841" lon="-2.93893803067349"/>
      <trkpt lat="55.0699964782844" lon="-2.93875523837791"/>
      <trkpt lat="55.0703915779307" lon="-2.93763700934656"/>
      <trkpt lat="55.0705260923064" lon="-2.93720166089458"/>
      <trkpt lat="55.0705992849886" lon="-2.9370295736515"/>
      <trkpt lat="55.070670115886" lon="-2.93682605507786"/>
      <trkpt lat="55.0707024810541" lon="-2.93670621173235"/>
      <trkpt lat="55.0707396732701" lon="-2.93654270849295"/>
      <trkpt lat="55.0707715386523" lon="-2.93637107659539"/>
      <trkpt lat="55.070912648603" lon="-2.93589520032965"/>
      <trkpt lat="55.070946977563" lon="-2.9357534500286"/>
      <trkpt lat="55.0710412516087" lon="-2.93530462594106"/>
      <trkpt lat="55.0710856699565" lon="-2.93501913944743"/>
      <trkpt lat="55.0711087645144" lon="-2.93481915069526"/>
      <trkpt lat="55.0711325322519" lon="-2.93453163329937"/>
      <trkpt lat="55.0711520333414" lon="-2.93386336277449"/>
      <trkpt lat="55.0712043430917" lon="-2.93325073256277"/>
      <trkpt lat="55.0712046984214" lon="-2.93273541378096"/>
      <trkpt lat="55.0711999432539" lon="-2.9326524070964"/>
      <trkpt lat="55.0711832286004" lon="-2.93248906560835"/>
      <trkpt lat="55.0711686046851" lon="-2.93240415083906"/>
      <trkpt lat="55.0711216362118" lon="-2.93220266225264"/>
      <trkpt lat="55.071100472592" lon="-2.93215052050203"/>
      <trkpt lat="55.0710752424103" lon="-2.93210709494539"/>
      <trkpt lat="55.0709150640789" lon="-2.93183141558308"/>
      <trkpt lat="55.0708524766077" lon="-2.93167488603013"/>
      <trkpt lat="55.070808008982" lon="-2.93149850681326"/>
      <trkpt lat="55.0707494827383" lon="-2.93116350007552"/>
      <trkpt lat="55.0706886958429" lon="-2.93087712059114"/>
      <trkpt lat="55.0705066769612" lon="-2.93024330793602"/>
      <trkpt lat="55.0704551770334" lon="-2.93004636662855"/>
      <trkpt lat="55.0703751645611" lon="-2.92968904614574"/>
      <trkpt lat="55.070348285882" lon="-2.92944412828496"/>
      <trkpt lat="55.0702970201279" lon="-2.92803825040366"/>
      <trkpt lat="55.0702971688293" lon="-2.92778298446689"/>
      <trkpt lat="55.0703145970087" lon="-2.92749997030355"/>
      <trkpt lat="55.0703253004894" lon="-2.92739214493364"/>
      <trkpt lat="55.0704164229006" lon="-2.9267631127888"/>
      <trkpt lat="55.0704528711741" lon="-2.92657763497782"/>
      <trkpt lat="55.0704973556165" lon="-2.92639854072545"/>
      <trkpt lat="55.0705645693863" lon="-2.92618394421789"/>
      <trkpt lat="55.0710787303852" lon="-2.92486934381314"/>
      <trkpt lat="55.0711829936896" lon="-2.92462589840851"/>
      <trkpt lat="55.0712408175116" lon="-2.92446440793445"/>
      <trkpt lat="55.0713153424082" lon="-2.924232800818"/>
      <trkpt lat="55.071863012634" lon="-2.92287979650162"/>
      <trkpt lat="55.0722984394907" lon="-2.92174343274155"/>
      <trkpt lat="55.0723536792353" lon="-2.92157864658249"/>
      <trkpt lat="55.0724342028648" lon="-2.92138474105381"/>
      <trkpt lat="55.0729663865588" lon="-2.92028181336715"/>
      <trkpt lat="55.0731684338656" lon="-2.91994826052071"/>
      <trkpt lat="55.073243849994" lon="-2.91983558208015"/>
      <trkpt lat="55.0734482150766" lon="-2.91955218032754"/>
      <trkpt lat="55.0737835070304" lon="-2.91906180897973"/>
      <trkpt lat="55.0742245999843" lon="-2.91847984399549"/>
      <trkpt lat="55.0745805659879" lon="-2.91799935431481"/>
      <trkpt lat="55.0749733244398" lon="-2.91751181991299"/>
      <trkpt lat="55.0751993372595" lon="-2.91721636315649"/>
      <trkpt lat="55.0752654498273" lon="-2.91714581656778"/>
      <trkpt lat="55.0755583555803" lon="-2.91691438811652"/>
      <trkpt lat="55.0758210247386" lon="-2.91674967917403"/>
      <trkpt lat="55.0758211067712" lon="-2.91674964502549"/>
      <trkpt lat="55.0759079520059" lon="-2.91667030295757"/>
      <trkpt lat="55.0760342568686" lon="-2.91659958070038"/>
      <trkpt lat="55.0762235270251" lon="-2.91653029675413"/>
      <trkpt lat="55.0763633547369" lon="-2.916572621614"/>
      <trkpt lat="55.0764690699739" lon="-2.91662359298256"/>
      <trkpt lat="55.0766256221659" lon="-2.91671175684923"/>
      <trkpt lat="55.0768674767573" lon="-2.91681749793599"/>
      <trkpt lat="55.077085872055" lon="-2.91693678023123"/>
      <trkpt lat="55.0773591218721" lon="-2.91703704235361"/>
      <trkpt lat="55.0775166503866" lon="-2.91712678125126"/>
      <trkpt lat="55.0776536413466" lon="-2.91718789996552"/>
      <trkpt lat="55.0777298915893" lon="-2.91721469676919"/>
      <trkpt lat="55.0779630744011" lon="-2.91726703771284"/>
      <trkpt lat="55.0781128002112" lon="-2.91719994912469"/>
      <trkpt lat="55.0781970422038" lon="-2.91710785830836"/>
      <trkpt lat="55.0782934681254" lon="-2.91694876074357"/>
      <trkpt lat="55.078357412271" lon="-2.91682017301227"/>
      <trkpt lat="55.0784480556555" lon="-2.91659365833268"/>
      <trkpt lat="55.0786829177098" lon="-2.91583770731423"/>
      <trkpt lat="55.0787264295833" lon="-2.91566641972833"/>
      <trkpt lat="55.0788667843207" lon="-2.91516052755299"/>
      <trkpt lat="55.0789835985115" lon="-2.91457118134878"/>
      <trkpt lat="55.0790034025632" lon="-2.91444623174801"/>
      <trkpt lat="55.0790407829699" lon="-2.91413390106672"/>
      <trkpt lat="55.0790693291245" lon="-2.91368189023286"/>
      <trkpt lat="55.0790681572344" lon="-2.91335912400948"/>
      <trkpt lat="55.0790568969655" lon="-2.91318348519527"/>
      <trkpt lat="55.0789994120131" lon="-2.9127027811004"/>
      <trkpt lat="55.0789465358628" lon="-2.91243372761165"/>
      <trkpt lat="55.0789193586056" lon="-2.91234386776589"/>
      <trkpt lat="55.0788867224902" lon="-2.91226331333803"/>
      <trkpt lat="55.0788406610909" lon="-2.9121759956357"/>
      <trkpt lat="55.0787877056074" lon="-2.91204951922138"/>
      <trkpt lat="55.0787370104345" lon="-2.91198108077421"/>
      <trkpt lat="55.0785587424841" lon="-2.91178124242668"/>
      <trkpt lat="55.0782627709947" lon="-2.911583379625"/>
      <trkpt lat="55.0777356190721" lon="-2.91117350929163"/>
      <trkpt lat="55.0776399647446" lon="-2.9111102504029"/>
      <trkpt lat="55.0772498785083" lon="-2.91088365801026"/>
      <trkpt lat="55.0771928950877" lon="-2.91081508092401"/>
      <trkpt lat="55.0771583093936" lon="-2.91075476101224"/>
      <trkpt lat="55.0771131268049" lon="-2.9106581713573"/>
      <trkpt lat="55.0771018887366" lon="-2.91035882479621"/>
      <trkpt lat="55.0771326161901" lon="-2.91010576041807"/>
      <trkpt lat="55.0771532784415" lon="-2.90998561108624"/>
      <trkpt lat="55.0772026149077" lon="-2.9097549212595"/>
      <trkpt lat="55.0772196636944" lon="-2.90951717093292"/>
      <trkpt lat="55.0772470235407" lon="-2.90922179853051"/>
      <trkpt lat="55.0772723299023" lon="-2.90884024259586"/>
      <trkpt lat="55.0772608415107" lon="-2.90869430944789"/>
      <trkpt lat="55.0772583968492" lon="-2.9086147413364"/>
      <trkpt lat="55.0772579506564" lon="-2.90860022894703"/>
      <trkpt lat="55.0772635508114" lon="-2.90845158482857"/>
      <trkpt lat="55.0773250776599" lon="-2.90779048184031"/>
      <trkpt lat="55.0773531797054" lon="-2.90763601714909"/>
      <trkpt lat="55.0773798702048" lon="-2.9075504842742"/>
      <trkpt lat="55.0774328893419" lon="-2.90742796520506"/>
      <trkpt lat="55.0774779019724" lon="-2.9071861962425"/>
      <trkpt lat="55.0775141126479" lon="-2.9070288157611"/>
      <trkpt lat="55.0775348873049" lon="-2.90689304084608"/>
      <trkpt lat="55.077552944408" lon="-2.90663968318147"/>
      <trkpt lat="55.0775763199135" lon="-2.90639587461308"/>
      <trkpt lat="55.0775775555242" lon="-2.90622982434424"/>
      <trkpt lat="55.0775743707326" lon="-2.90617499602568"/>
      <trkpt lat="55.0775135557253" lon="-2.90577573495045"/>
      <trkpt lat="55.0772554575362" lon="-2.90459045618095"/>
      <trkpt lat="55.0772088831772" lon="-2.90432944438463"/>
      <trkpt lat="55.0771783038424" lon="-2.90409216896494"/>
      <trkpt lat="55.0770652092041" lon="-2.90285541950936"/>
      <trkpt lat="55.0769663192831" lon="-2.90165192904991"/>
      <trkpt lat="55.0769620312473" lon="-2.90150306291608"/>
      <trkpt lat="55.0769684615156" lon="-2.90087661634452"/>
      <trkpt lat="55.0770105594456" lon="-2.90040774838832"/>
      <trkpt lat="55.077032285929" lon="-2.89989916362327"/>
      <trkpt lat="55.0770518815476" lon="-2.89967877168992"/>
      <trkpt lat="55.0770593108489" lon="-2.89964600725066"/>
      <trkpt lat="55.077206049334" lon="-2.89911826897026"/>
      <trkpt lat="55.077573286696" lon="-2.89795181992046"/>
      <trkpt lat="55.0778720188334" lon="-2.89704688501861"/>
      <trkpt lat="55.0779496141309" lon="-2.89687944097107"/>
      <trkpt lat="55.0779787246432" lon="-2.89682998381302"/>
      <trkpt lat="55.0782001718189" lon="-2.89653738634516"/>
      <trkpt lat="55.0782844344329" lon="-2.89644060350156"/>
      <trkpt lat="55.0785797186656" lon="-2.89624663908864"/>
      <trkpt lat="55.0788359195587" lon="-2.89611456397533"/>
      <trkpt lat="55.079085268007" lon="-2.8960465219926"/>
      <trkpt lat="55.0798176629389" lon="-2.89580910349718"/>
      <trkpt lat="55.0800909404731" lon="-2.89567585376262"/>
      <trkpt lat="55.080464185613" lon="-2.89550867205816"/>
      <trkpt lat="55.0810787156408" lon="-2.89516063191509"/>
      <trkpt lat="55.0822116667764" lon="-2.89444959241414"/>
      <trkpt lat="55.0824958452221" lon="-2.89429939054797"/>
      <trkpt lat="55.0829315128498" lon="-2.89396282832066"/>
      <trkpt lat="55.0834968115531" lon="-2.89357748335363"/>
      <trkpt lat="55.0839207262056" lon="-2.89325020172122"/>
      <trkpt lat="55.0841003121872" lon="-2.89313976369185"/>
      <trkpt lat="55.08430271829" lon="-2.89299237479454"/>
      <trkpt lat="55.0845454647529" lon="-2.89285673273059"/>
      <trkpt lat="55.0850197795987" lon="-2.8926276902626"/>
      <trkpt lat="55.0851909681157" lon="-2.8925719547279"/>
      <trkpt lat="55.0852788334075" lon="-2.89259586966127"/>
      <trkpt lat="55.0853226742497" lon="-2.89262035403621"/>
      <trkpt lat="55.0853860927105" lon="-2.89267033216271"/>
      <trkpt lat="55.0855382986383" lon="-2.89287573997833"/>
      <trkpt lat="55.0858172704422" lon="-2.89331285958374"/>
      <trkpt lat="55.0858606885648" lon="-2.8933952036461"/>
      <trkpt lat="55.0858936337126" lon="-2.89343507671464"/>
      <trkpt lat="55.085944278265" lon="-2.8934747034952"/>
      <trkpt lat="55.0859597340555" lon="-2.8934867960453"/>
      <trkpt lat="55.086074027515" lon="-2.89359417728228"/>
      <trkpt lat="55.08609633411" lon="-2.89361513464997"/>
      <trkpt lat="55.0861443204398" lon="-2.89368673091975"/>
      <trkpt lat="55.0861755403956" lon="-2.8937171364721"/>
      <trkpt lat="55.0862364363071" lon="-2.89374355219988"/>
      <trkpt lat="55.0862858612199" lon="-2.89374155350007"/>
      <trkpt lat="55.0869890849954" lon="-2.89380579857135"/>
      <trkpt lat="55.0870960771602" lon="-2.8937941039778"/>
      <trkpt lat="55.0871896648623" lon="-2.89377268068822"/>
      <trkpt lat="55.0874348422916" lon="-2.89367312642385"/>
      <trkpt lat="55.0875719472014" lon="-2.89359790265115"/>
      <trkpt lat="55.087637053802" lon="-2.89355233408869"/>
      <trkpt lat="55.0877040285538" lon="-2.89348484818868"/>
      <trkpt lat="55.0878118381216" lon="-2.8933619506573"/>
      <trkpt lat="55.0878517622506" lon="-2.89330793984655"/>
      <trkpt lat="55.0879431214719" lon="-2.89311259390267"/>
      <trkpt lat="55.0879935444694" lon="-2.89297433648975"/>
      <trkpt lat="55.0880433802425" lon="-2.89279369554822"/>
      <trkpt lat="55.0880825066452" lon="-2.89260338569803"/>
      <trkpt lat="55.0881114874697" lon="-2.89232668986175"/>
      <trkpt lat="55.0882592976575" lon="-2.89116906635664"/>
      <trkpt lat="55.0882747487289" lon="-2.89102214919051"/>
      <trkpt lat="55.0882692282689" lon="-2.89091713469542"/>
      <trkpt lat="55.0882498426743" lon="-2.8907301720703"/>
      <trkpt lat="55.0882196645591" lon="-2.89055718002885"/>
      <trkpt lat="55.0881856297583" lon="-2.89042014175383"/>
      <trkpt lat="55.0881337683411" lon="-2.89026384934474"/>
      <trkpt lat="55.0880857394754" lon="-2.89007483236126"/>
      <trkpt lat="55.0880508802738" lon="-2.89005054844256"/>
      <trkpt lat="55.0879711774716" lon="-2.89001583909363"/>
      <trkpt lat="55.0878786954042" lon="-2.88999660568568"/>
      <trkpt lat="55.0877152086225" lon="-2.88999452612575"/>
      <trkpt lat="55.08756738656" lon="-2.88980329676652"/>
      <trkpt lat="55.0875459443498" lon="-2.88978706157084"/>
      <trkpt lat="55.0875199294897" lon="-2.88978183274292"/>
      <trkpt lat="55.0873984748987" lon="-2.88980574755367"/>
      <trkpt lat="55.087255841146" lon="-2.88976499283009"/>
      <trkpt lat="55.0871672136074" lon="-2.88972233636996"/>
      <trkpt lat="55.0871488319575" lon="-2.88965604981013"/>
      <trkpt lat="55.0871245390201" lon="-2.88953809329695"/>
      <trkpt lat="55.0871058660885" lon="-2.88938874170464"/>
      <trkpt lat="55.0870987571852" lon="-2.88888571347021"/>
      <trkpt lat="55.0871064437955" lon="-2.88881703487566"/>
      <trkpt lat="55.0871060259362" lon="-2.88875114702349"/>
      <trkpt lat="55.0870966937376" lon="-2.88867576182525"/>
      <trkpt lat="55.0870606232008" lon="-2.88857149470467"/>
      <trkpt lat="55.0867818011254" lon="-2.88687806992496"/>
      <trkpt lat="55.0867421497985" lon="-2.88652468225037"/>
      <trkpt lat="55.0866701891095" lon="-2.88603120528947"/>
      <trkpt lat="55.0866856664476" lon="-2.88575576573582"/>
      <trkpt lat="55.0867096022525" lon="-2.88555271998298"/>
      <trkpt lat="55.0867230205848" lon="-2.88543701946575"/>
      <trkpt lat="55.0867921410299" lon="-2.88508603639357"/>
      <trkpt lat="55.0868668793157" lon="-2.88481513228556"/>
      <trkpt lat="55.0869079824276" lon="-2.88472200195984"/>
      <trkpt lat="55.086947117787" lon="-2.88465233748797"/>
      <trkpt lat="55.0869979167247" lon="-2.88458460966531"/>
      <trkpt lat="55.0872672508926" lon="-2.8841268191689"/>
      <trkpt lat="55.0873243858127" lon="-2.88405277045079"/>
      <trkpt lat="55.087404177954" lon="-2.88396372032146"/>
      <trkpt lat="55.0874882686438" lon="-2.88388884595062"/>
      <trkpt lat="55.0875903254417" lon="-2.88381423726662"/>
      <trkpt lat="55.0876715302493" lon="-2.88376590730217"/>
      <trkpt lat="55.087731050172" lon="-2.88374693841495"/>
      <trkpt lat="55.0878246137264" lon="-2.88372859136942"/>
      <trkpt lat="55.0878821343331" lon="-2.88372520924068"/>
      <trkpt lat="55.0880309894231" lon="-2.88377538010006"/>
      <trkpt lat="55.0880649851493" lon="-2.88379498945671"/>
      <trkpt lat="55.088126644015" lon="-2.88384026813641"/>
      <trkpt lat="55.0881926584808" lon="-2.88390437456676"/>
      <trkpt lat="55.0882550114545" lon="-2.883977828959"/>
      <trkpt lat="55.088352772439" lon="-2.88413654637921"/>
      <trkpt lat="55.0884450385538" lon="-2.88442070347518"/>
      <trkpt lat="55.0884581361904" lon="-2.8844726644142"/>
      <trkpt lat="55.088475475814" lon="-2.88455920721211"/>
      <trkpt lat="55.0884890281823" lon="-2.88467227886138"/>
      <trkpt lat="55.0884890169299" lon="-2.88467382810119"/>
      <trkpt lat="55.0884976569086" lon="-2.88496854274426"/>
      <trkpt lat="55.0885309781786" lon="-2.88532813414606"/>
      <trkpt lat="55.0885551953668" lon="-2.88545707174201"/>
      <trkpt lat="55.088577945936" lon="-2.88554063593789"/>
      <trkpt lat="55.0886088568995" lon="-2.88562592998266"/>
      <trkpt lat="55.0886522107183" lon="-2.88571782864006"/>
      <trkpt lat="55.0886779177481" lon="-2.885765288891"/>
      <trkpt lat="55.0888832092384" lon="-2.88607223218536"/>
      <trkpt lat="55.0889349862037" lon="-2.8861298278377"/>
      <trkpt lat="55.0890028528356" lon="-2.88618609972614"/>
      <trkpt lat="55.089113855726" lon="-2.88624035320691"/>
      <trkpt lat="55.0893329070587" lon="-2.88627335786028"/>
      <trkpt lat="55.089364516057" lon="-2.88625054579576"/>
      <trkpt lat="55.0894206183598" lon="-2.8861953339258"/>
      <trkpt lat="55.0894632424401" lon="-2.8861399524714"/>
      <trkpt lat="55.089494147386" lon="-2.88609051315005"/>
      <trkpt lat="55.0895489963455" lon="-2.88597262126368"/>
      <trkpt lat="55.0896816219369" lon="-2.88552432146208"/>
      <trkpt lat="55.0898249564955" lon="-2.88508568556977"/>
      <trkpt lat="55.0902381888396" lon="-2.88399959627968"/>
      <trkpt lat="55.0902738216786" lon="-2.88391731698488"/>
      <trkpt lat="55.0903594714928" lon="-2.88375152548663"/>
      <trkpt lat="55.090364952407" lon="-2.88373911508403"/>
      <trkpt lat="55.0905150781047" lon="-2.88349025885165"/>
      <trkpt lat="55.0906947015284" lon="-2.88312591263458"/>
      <trkpt lat="55.0907780766733" lon="-2.88302595203831"/>
      <trkpt lat="55.0910031315748" lon="-2.88285069521849"/>
      <trkpt lat="55.091111393015" lon="-2.88278732449819"/>
      <trkpt lat="55.0911350512618" lon="-2.88277801678021"/>
      <trkpt lat="55.0913943780701" lon="-2.8826759964922"/>
      <trkpt lat="55.0915429929958" lon="-2.88263547398551"/>
      <trkpt lat="55.0916800126148" lon="-2.88257105533516"/>
      <trkpt lat="55.0919110576271" lon="-2.88243674885609"/>
      <trkpt lat="55.0921516798147" lon="-2.88234489598881"/>
      <trkpt lat="55.0924137217993" lon="-2.88227224549706"/>
      <trkpt lat="55.092589852922" lon="-2.88226514173629"/>
      <trkpt lat="55.0927660626223" lon="-2.8822597193551"/>
      <trkpt lat="55.0929489269347" lon="-2.88231542067815"/>
      <trkpt lat="55.0930779536343" lon="-2.88237458786075"/>
      <trkpt lat="55.0930993406479" lon="-2.88239857159331"/>
      <trkpt lat="55.0932473218589" lon="-2.88255698917978"/>
      <trkpt lat="55.0932686751316" lon="-2.88258562451348"/>
      <trkpt lat="55.0933014673177" lon="-2.88264745444671"/>
      <trkpt lat="55.0933252305663" lon="-2.88271541594832"/>
      <trkpt lat="55.0933313365543" lon="-2.8827406131359"/>
      <trkpt lat="55.0933462645612" lon="-2.88280050015231"/>
      <trkpt lat="55.0933652534066" lon="-2.88290750278218"/>
      <trkpt lat="55.0933728829373" lon="-2.88297033004641"/>
      <trkpt lat="55.0933847338944" lon="-2.88331837807449"/>
      <trkpt lat="55.093401084244" lon="-2.88440783323192"/>
      <trkpt lat="55.093391963103" lon="-2.88467389887993"/>
      <trkpt lat="55.0934350840437" lon="-2.88553980075155"/>
      <trkpt lat="55.0934484757618" lon="-2.8856748454626"/>
      <trkpt lat="55.0934649497788" lon="-2.88575673009042"/>
      <trkpt lat="55.0935036277888" lon="-2.88587360129616"/>
      <trkpt lat="55.0936420402996" lon="-2.8861241957923"/>
      <trkpt lat="55.0937319067309" lon="-2.88624362088581"/>
      <trkpt lat="55.0937586594729" lon="-2.88627095523917"/>
      <trkpt lat="55.0940499749345" lon="-2.88649677034651"/>
      <trkpt lat="55.0942329048815" lon="-2.88654306283564"/>
      <trkpt lat="55.0943515376682" lon="-2.88654878783836"/>
      <trkpt lat="55.0943893308217" lon="-2.88654032232508"/>
      <trkpt lat="55.0945758667578" lon="-2.88647390669376"/>
      <trkpt lat="55.0946516711561" lon="-2.88642700417209"/>
      <trkpt lat="55.0948098635219" lon="-2.88629264990884"/>
      <trkpt lat="55.0949251456814" lon="-2.88614158208122"/>
      <trkpt lat="55.095047034117" lon="-2.88593432956314"/>
      <trkpt lat="55.095086228328" lon="-2.88585677152872"/>
      <trkpt lat="55.0952233755917" lon="-2.88554016373088"/>
      <trkpt lat="55.095268356764" lon="-2.88540795397492"/>
      <trkpt lat="55.0953363832001" lon="-2.88519485549466"/>
      <trkpt lat="55.0953834453892" lon="-2.88502341421676"/>
      <trkpt lat="55.0954224452813" lon="-2.88484882195364"/>
      <trkpt lat="55.0954477667824" lon="-2.88470209287426"/>
      <trkpt lat="55.0954639708766" lon="-2.88457389767704"/>
      <trkpt lat="55.0954737944479" lon="-2.88445822130688"/>
      <trkpt lat="55.0954795474689" lon="-2.88428444656971"/>
      <trkpt lat="55.0954758190089" lon="-2.88405555208585"/>
      <trkpt lat="55.0954451674225" lon="-2.8836991893638"/>
      <trkpt lat="55.0953254459191" lon="-2.88274060643381"/>
      <trkpt lat="55.0953198622928" lon="-2.88264332561321"/>
      <trkpt lat="55.0953166537678" lon="-2.88234247983544"/>
      <trkpt lat="55.095271073028" lon="-2.88181331181498"/>
      <trkpt lat="55.0952597657707" lon="-2.88151383966911"/>
      <trkpt lat="55.095246651833" lon="-2.8813396490108"/>
      <trkpt lat="55.0952243735468" lon="-2.8810538884186"/>
      <trkpt lat="55.0951926819222" lon="-2.8808401434236"/>
      <trkpt lat="55.0951709397605" lon="-2.88074095835579"/>
      <trkpt lat="55.095047630573" lon="-2.88027597828225"/>
      <trkpt lat="55.0949992364773" lon="-2.88013538105772"/>
      <trkpt lat="55.0949459496078" lon="-2.87992581461958"/>
      <trkpt lat="55.0948228541795" lon="-2.8791695045404"/>
      <trkpt lat="55.094802687787" lon="-2.87897629874442"/>
      <trkpt lat="55.0948003284083" lon="-2.87855622660899"/>
      <trkpt lat="55.0948131737602" lon="-2.87826982082334"/>
      <trkpt lat="55.0948692570194" lon="-2.87796704711502"/>
      <trkpt lat="55.0949119932271" lon="-2.87764679845707"/>
      <trkpt lat="55.0949438868641" lon="-2.8774593852005"/>
      <trkpt lat="55.0949948230673" lon="-2.87725998591224"/>
      <trkpt lat="55.0950269606422" lon="-2.87716353231903"/>
      <trkpt lat="55.0950653634147" lon="-2.87707031673474"/>
      <trkpt lat="55.0951582012236" lon="-2.87690309756749"/>
      <trkpt lat="55.0952562475316" lon="-2.87676105704443"/>
      <trkpt lat="55.095288875658" lon="-2.87673360591186"/>
      <trkpt lat="55.0953538414994" lon="-2.87669432941989"/>
      <trkpt lat="55.0955618287352" lon="-2.87662988782848"/>
      <trkpt lat="55.0958663309912" lon="-2.87652375576306"/>
      <trkpt lat="55.0960583187575" lon="-2.87644797938594"/>
      <trkpt lat="55.0964690318655" lon="-2.8761889969827"/>
      <trkpt lat="55.0965150892431" lon="-2.87615550582794"/>
      <trkpt lat="55.0965604280598" lon="-2.87610959738807"/>
      <trkpt lat="55.0967720587722" lon="-2.87578824368234"/>
      <trkpt lat="55.0968576518962" lon="-2.87564127175834"/>
      <trkpt lat="55.0969350379012" lon="-2.87549877090482"/>
      <trkpt lat="55.0973017202871" lon="-2.8747404657487"/>
      <trkpt lat="55.0974271715964" lon="-2.87453479705394"/>
      <trkpt lat="55.0975079916156" lon="-2.87442686451633"/>
      <trkpt lat="55.0976482847301" lon="-2.87428108057337"/>
      <trkpt lat="55.0979266710425" lon="-2.87405832884064"/>
      <trkpt lat="55.0987593118202" lon="-2.87336506301616"/>
      <trkpt lat="55.0990464987488" lon="-2.87302968885691"/>
      <trkpt lat="55.0990992364206" lon="-2.87295395766507"/>
      <trkpt lat="55.0991683200206" lon="-2.87284111222218"/>
      <trkpt lat="55.0995481334242" lon="-2.87212851083812"/>
      <trkpt lat="55.099691837902" lon="-2.87188238627979"/>
      <trkpt lat="55.0997653234305" lon="-2.87179469982893"/>
      <trkpt lat="55.1000287387228" lon="-2.87152934156191"/>
      <trkpt lat="55.1002808362499" lon="-2.87132640206248"/>
      <trkpt lat="55.1003150926861" lon="-2.87130983133884"/>
      <trkpt lat="55.1003520762195" lon="-2.87130133288151"/>
      <trkpt lat="55.1003888590059" lon="-2.87130833572749"/>
      <trkpt lat="55.1004228797771" lon="-2.87132470981875"/>
      <trkpt lat="55.1006451916476" lon="-2.87153021729162"/>
      <trkpt lat="55.1011304205318" lon="-2.87202973156089"/>
      <trkpt lat="55.1011757349916" lon="-2.87209972068071"/>
      <trkpt lat="55.101302712624" lon="-2.87232021668351"/>
      <trkpt lat="55.1014689180782" lon="-2.87256999635392"/>
      <trkpt lat="55.1015132688923" lon="-2.87264926875462"/>
      <trkpt lat="55.1015800866604" lon="-2.87274001547177"/>
      <trkpt lat="55.1016300616281" lon="-2.87278658832685"/>
      <trkpt lat="55.1016845947807" lon="-2.87282382900951"/>
      <trkpt lat="55.1018323980765" lon="-2.87288351840381"/>
      <trkpt lat="55.101878151808" lon="-2.87289226846377"/>
      <trkpt lat="55.101923220941" lon="-2.87288381725772"/>
      <trkpt lat="55.1020052171395" lon="-2.87284968106115"/>
      <trkpt lat="55.102078345046" lon="-2.87279945648341"/>
      <trkpt lat="55.1021524816031" lon="-2.8727337473199"/>
      <trkpt lat="55.1022377120236" lon="-2.87263687964815"/>
      <trkpt lat="55.1023511925842" lon="-2.87247162205313"/>
      <trkpt lat="55.1024580808384" lon="-2.87222313154967"/>
      <trkpt lat="55.1026174040598" lon="-2.87194140614106"/>
      <trkpt lat="55.1027341170394" lon="-2.87182635397938"/>
      <trkpt lat="55.102816313661" lon="-2.87176391896662"/>
      <trkpt lat="55.1029462756569" lon="-2.87169308960267"/>
      <trkpt lat="55.1031441882326" lon="-2.87165514047165"/>
      <trkpt lat="55.1033050611853" lon="-2.87165864092261"/>
      <trkpt lat="55.1033875857323" lon="-2.87167607197281"/>
      <trkpt lat="55.1035830745611" lon="-2.87173834904957"/>
      <trkpt lat="55.1039854146438" lon="-2.87176894373931"/>
      <trkpt lat="55.1041146461448" lon="-2.87180005739797"/>
      <trkpt lat="55.1041757038993" lon="-2.87180448640666"/>
      <trkpt lat="55.1042790897668" lon="-2.87179420248925"/>
      <trkpt lat="55.1049876667697" lon="-2.87160117566255"/>
      <trkpt lat="55.1056094066848" lon="-2.87136541625026"/>
      <trkpt lat="55.1057906795476" lon="-2.87128005891368"/>
      <trkpt lat="55.1060164017405" lon="-2.87113454198251"/>
      <trkpt lat="55.1062164681966" lon="-2.87092100416775"/>
      <trkpt lat="55.106264522488" lon="-2.87085937130941"/>
      <trkpt lat="55.1063400628727" lon="-2.87073565489248"/>
      <trkpt lat="55.1065377340779" lon="-2.8703543156221"/>
      <trkpt lat="55.1065990898479" lon="-2.87019100326446"/>
      <trkpt lat="55.1066113628066" lon="-2.87014389442962"/>
      <trkpt lat="55.1068504234271" lon="-2.86922628813514"/>
      <trkpt lat="55.1069591221048" lon="-2.86886187386054"/>
      <trkpt lat="55.1070148653602" lon="-2.86847744209649"/>
      <trkpt lat="55.1070617772051" lon="-2.8679456165252"/>
      <trkpt lat="55.1070385368406" lon="-2.86742467794924"/>
      <trkpt lat="55.1070531935975" lon="-2.86725879823827"/>
      <trkpt lat="55.1070224123174" lon="-2.8669133284134"/>
      <trkpt lat="55.1070026215017" lon="-2.86653824506565"/>
      <trkpt lat="55.1069767825874" lon="-2.86625556331672"/>
      <trkpt lat="55.1069160826084" lon="-2.86580916222215"/>
      <trkpt lat="55.1068415739983" lon="-2.86542191367047"/>
      <trkpt lat="55.1066694423309" lon="-2.86473945168223"/>
      <trkpt lat="55.1066539408166" lon="-2.86464516413102"/>
      <trkpt lat="55.106647365497" lon="-2.86454628554025"/>
      <trkpt lat="55.1066462259427" lon="-2.86445372971898"/>
      <trkpt lat="55.1066515508924" lon="-2.86433624090664"/>
      <trkpt lat="55.1066142299045" lon="-2.86402514258928"/>
      <trkpt lat="55.1067169567878" lon="-2.86361354724047"/>
      <trkpt lat="55.1067639874454" lon="-2.86356140979364"/>
      <trkpt lat="55.1068056941398" lon="-2.8635151732431"/>
      <trkpt lat="55.1069688443575" lon="-2.86335623680022"/>
      <trkpt lat="55.1071866258995" lon="-2.86314407671352"/>
      <trkpt lat="55.1073003944169" lon="-2.86307596496826"/>
      <trkpt lat="55.1073735951793" lon="-2.86301486148103"/>
      <trkpt lat="55.107444179145" lon="-2.8629427166808"/>
      <trkpt lat="55.1075657741293" lon="-2.86277138299648"/>
      <trkpt lat="55.1077385912679" lon="-2.86248354294349"/>
      <trkpt lat="55.1078379519729" lon="-2.86228032214478"/>
      <trkpt lat="55.1079103319965" lon="-2.8620811718926"/>
      <trkpt lat="55.1079997568517" lon="-2.86177124275403"/>
      <trkpt lat="55.1080536167936" lon="-2.86152309905746"/>
      <trkpt lat="55.1081643603681" lon="-2.86085304571295"/>
      <trkpt lat="55.1082114978422" lon="-2.86053897278428"/>
      <trkpt lat="55.1082681902169" lon="-2.86002930348955"/>
      <trkpt lat="55.108318478723" lon="-2.85939555571588"/>
      <trkpt lat="55.1083325701383" lon="-2.85879863902028"/>
      <trkpt lat="55.1083487429406" lon="-2.85854347738434"/>
      <trkpt lat="55.1083487657035" lon="-2.85854024727916"/>
      <trkpt lat="55.108387859136" lon="-2.85655982864826"/>
      <trkpt lat="55.10838841844" lon="-2.85532934109594"/>
      <trkpt lat="55.1083776923838" lon="-2.85416917973793"/>
      <trkpt lat="55.1083881758473" lon="-2.85280100581952"/>
      <trkpt lat="55.1083937106345" lon="-2.8525236452082"/>
      <trkpt lat="55.1083996477183" lon="-2.85244545200712"/>
      <trkpt lat="55.1084091787189" lon="-2.85236720518277"/>
      <trkpt lat="55.1084407263159" lon="-2.85222377414186"/>
      <trkpt lat="55.1084874468604" lon="-2.85209462269713"/>
      <trkpt lat="55.1085175046462" lon="-2.85203568186898"/>
      <trkpt lat="55.1085592834333" lon="-2.85197078775492"/>
      <trkpt lat="55.1086808001818" lon="-2.85182125513699"/>
      <trkpt lat="55.1087721457968" lon="-2.8517338929137"/>
      <trkpt lat="55.1088254376863" lon="-2.85169263483411"/>
      <trkpt lat="55.1089382205176" lon="-2.85162291723614"/>
      <trkpt lat="55.1101252312493" lon="-2.85112148600851"/>
      <trkpt lat="55.1102768696438" lon="-2.85103229669082"/>
      <trkpt lat="55.1104655748475" lon="-2.85089672151594"/>
      <trkpt lat="55.1105605368967" lon="-2.8508188637554"/>
      <trkpt lat="55.1106500641211" lon="-2.85073455870027"/>
      <trkpt lat="55.1107451230098" lon="-2.8506299483227"/>
      <trkpt lat="55.1108467667945" lon="-2.85049575118037"/>
      <trkpt lat="55.1109193911986" lon="-2.85038756098473"/>
      <trkpt lat="55.1109639629667" lon="-2.85030850247438"/>
      <trkpt lat="55.1110515492666" lon="-2.85011597137764"/>
      <trkpt lat="55.1111726994802" lon="-2.84976116860119"/>
      <trkpt lat="55.1112205224337" lon="-2.84960230233583"/>
      <trkpt lat="55.1114439808547" lon="-2.84873382876587"/>
      <trkpt lat="55.1115335026265" lon="-2.84840497406938"/>
      <trkpt lat="55.1115660432021" lon="-2.84824733136075"/>
      <trkpt lat="55.1115831608026" lon="-2.84811133341786"/>
      <trkpt lat="55.1116094601803" lon="-2.84768859334057"/>
      <trkpt lat="55.1116098699727" lon="-2.8475005429399"/>
      <trkpt lat="55.1116042003872" lon="-2.84728250551043"/>
      <trkpt lat="55.1115877395409" lon="-2.84706579179721"/>
      <trkpt lat="55.1115598090594" lon="-2.84681910745652"/>
      <trkpt lat="55.1114824937862" lon="-2.84577972014229"/>
      <trkpt lat="55.1114675593169" lon="-2.8454721765871"/>
      <trkpt lat="55.111491008981" lon="-2.84519995283818"/>
      <trkpt lat="55.1115859229523" lon="-2.84486952316369"/>
      <trkpt lat="55.1117108779588" lon="-2.84472804368877"/>
      <trkpt lat="55.1118649941658" lon="-2.8445400038513"/>
      <trkpt lat="55.111888478536" lon="-2.84452162808203"/>
      <trkpt lat="55.1119380226917" lon="-2.84450238007019"/>
      <trkpt lat="55.1119784762319" lon="-2.84449845042256"/>
      <trkpt lat="55.1120268710385" lon="-2.84451523991162"/>
      <trkpt lat="55.1122809118118" lon="-2.84455653143657"/>
      <trkpt lat="55.1123639803467" lon="-2.84462575344563"/>
      <trkpt lat="55.1124139014994" lon="-2.84468160988103"/>
      <trkpt lat="55.1125082795266" lon="-2.84481686061246"/>
      <trkpt lat="55.1126306917063" lon="-2.84504214934442"/>
      <trkpt lat="55.1128144967856" lon="-2.84536580524593"/>
      <trkpt lat="55.112879165425" lon="-2.84549732921975"/>
      <trkpt lat="55.1130304781593" lon="-2.84582973871159"/>
      <trkpt lat="55.1131595270931" lon="-2.84601743042028"/>
      <trkpt lat="55.1132602988557" lon="-2.84612451598056"/>
      <trkpt lat="55.1133506064385" lon="-2.84618601212451"/>
      <trkpt lat="55.1138694466626" lon="-2.8464008169338"/>
      <trkpt lat="55.1140525912981" lon="-2.84643131624998"/>
      <trkpt lat="55.1141296431802" lon="-2.84646112333055"/>
      <trkpt lat="55.1141996068129" lon="-2.84647682169899"/>
      <trkpt lat="55.1142831537576" lon="-2.84647690747802"/>
      <trkpt lat="55.1143569969663" lon="-2.84646437955781"/>
      <trkpt lat="55.1144461826893" lon="-2.84642865063123"/>
      <trkpt lat="55.1146315031096" lon="-2.84639186073768"/>
      <trkpt lat="55.1146315842242" lon="-2.84639182639456"/>
      <trkpt lat="55.1148030180271" lon="-2.84628573372457"/>
      <trkpt lat="55.1148862437524" lon="-2.84620282684591"/>
      <trkpt lat="55.1149544411469" lon="-2.84609762688669"/>
      <trkpt lat="55.1150468338398" lon="-2.84598828474366"/>
      <trkpt lat="55.115196250327" lon="-2.84581745539022"/>
      <trkpt lat="55.1153854532457" lon="-2.84562225703757"/>
      <trkpt lat="55.1155439922505" lon="-2.84543132270426"/>
      <trkpt lat="55.1158117799817" lon="-2.84504491763634"/>
      <trkpt lat="55.11584655459" lon="-2.84495322766903"/>
      <trkpt lat="55.1158811552351" lon="-2.84488648203025"/>
      <trkpt lat="55.1159257254934" lon="-2.84482007521098"/>
      <trkpt lat="55.1159610273775" lon="-2.84478165366724"/>
      <trkpt lat="55.1160431904972" lon="-2.8447222450969"/>
      <trkpt lat="55.1161520881081" lon="-2.84456451162704"/>
      <trkpt lat="55.1162656081218" lon="-2.84440079956472"/>
      <trkpt lat="55.1167307416378" lon="-2.84366745019198"/>
      <trkpt lat="55.1169748644508" lon="-2.84332447767813"/>
      <trkpt lat="55.1171156730031" lon="-2.84309863844781"/>
      <trkpt lat="55.1171713692279" lon="-2.84298217711552"/>
      <trkpt lat="55.1172604260426" lon="-2.84283513499162"/>
      <trkpt lat="55.1174475988815" lon="-2.84240007691774"/>
      <trkpt lat="55.1175059452171" lon="-2.84229000354187"/>
      <trkpt lat="55.1179311948732" lon="-2.84173610607907"/>
      <trkpt lat="55.1180337789521" lon="-2.8414512794842"/>
      <trkpt lat="55.1180705842738" lon="-2.84132510917559"/>
      <trkpt lat="55.1180816990465" lon="-2.84127673571336"/>
      <trkpt lat="55.118096990503" lon="-2.8411437786913"/>
      <trkpt lat="55.1180910277171" lon="-2.841096598408"/>
      <trkpt lat="55.1180709211407" lon="-2.84101615640863"/>
      <trkpt lat="55.1180479896822" lon="-2.84095452914294"/>
      <trkpt lat="55.1179174966307" lon="-2.840727629374"/>
      <trkpt lat="55.1176842216225" lon="-2.84028062329241"/>
      <trkpt lat="55.1174171707992" lon="-2.83991125100872"/>
      <trkpt lat="55.1173203015077" lon="-2.83975874913963"/>
      <trkpt lat="55.1169853381597" lon="-2.83933625081126"/>
      <trkpt lat="55.116862555215" lon="-2.83902007195502"/>
      <trkpt lat="55.1168452356707" lon="-2.83879555889926"/>
      <trkpt lat="55.1168482114395" lon="-2.83875477323033"/>
      <trkpt lat="55.1168792130381" lon="-2.83855790074252"/>
      <trkpt lat="55.116901539978" lon="-2.83845960818309"/>
      <trkpt lat="55.1169520756491" lon="-2.83829597935361"/>
      <trkpt lat="55.1170122001165" lon="-2.83817494971613"/>
      <trkpt lat="55.1170285080186" lon="-2.83815499728605"/>
      <trkpt lat="55.1171496155715" lon="-2.83804933434288"/>
      <trkpt lat="55.1172696974429" lon="-2.83797506406999"/>
      <trkpt lat="55.1173543471301" lon="-2.83794542327873"/>
      <trkpt lat="55.1174416051294" lon="-2.83792837817067"/>
      <trkpt lat="55.117543195409" lon="-2.83793050527689"/>
      <trkpt lat="55.1178735110036" lon="-2.83798447622929"/>
      <trkpt lat="55.1179720145713" lon="-2.83803049086836"/>
      <trkpt lat="55.1182503321062" lon="-2.83819933134259"/>
      <trkpt lat="55.1183717897517" lon="-2.83830387232104"/>
      <trkpt lat="55.1185467570429" lon="-2.83847843588482"/>
      <trkpt lat="55.1189310482713" lon="-2.83891296558597"/>
      <trkpt lat="55.1190395419245" lon="-2.83907360189344"/>
      <trkpt lat="55.1192178535838" lon="-2.83928418167569"/>
      <trkpt lat="55.1193388997093" lon="-2.83944831495832"/>
      <trkpt lat="55.1196208340105" lon="-2.83987437993696"/>
      <trkpt lat="55.1196829642915" lon="-2.83998388861515"/>
      <trkpt lat="55.1197406936805" lon="-2.84009330524358"/>
      <trkpt lat="55.120245245476" lon="-2.84119514023064"/>
      <trkpt lat="55.1204251517735" lon="-2.84169445180053"/>
      <trkpt lat="55.1205289885006" lon="-2.84187853268057"/>
      <trkpt lat="55.1207022616713" lon="-2.84203744370807"/>
      <trkpt lat="55.120783632549" lon="-2.84209241864068"/>
      <trkpt lat="55.1209027505064" lon="-2.84214508676686"/>
      <trkpt lat="55.1210275644904" lon="-2.84217101705669"/>
      <trkpt lat="55.1212725245409" lon="-2.84222190650801"/>
      <trkpt lat="55.1213966656568" lon="-2.8421977584204"/>
      <trkpt lat="55.1215164876905" lon="-2.84214856603768"/>
      <trkpt lat="55.1218081677284" lon="-2.84194306817563"/>
      <trkpt lat="55.1222708627736" lon="-2.84157335072415"/>
      <trkpt lat="55.1223224407178" lon="-2.84151948996971"/>
      <trkpt lat="55.1223695815782" lon="-2.84145777710608"/>
      <trkpt lat="55.1224976828805" lon="-2.84125038142031"/>
      <trkpt lat="55.122560140592" lon="-2.84106513469425"/>
      <trkpt lat="55.1225861030347" lon="-2.84094802983007"/>
      <trkpt lat="55.122597660166" lon="-2.8408354046386"/>
      <trkpt lat="55.122596665154" lon="-2.84071928545925"/>
      <trkpt lat="55.1225917184375" lon="-2.84065492605951"/>
      <trkpt lat="55.1225562976581" lon="-2.84045029663727"/>
      <trkpt lat="55.1225190324959" lon="-2.84023942409646"/>
      <trkpt lat="55.1224065537871" lon="-2.83974474130231"/>
      <trkpt lat="55.1219181081454" lon="-2.83786697878978"/>
      <trkpt lat="55.1218429979608" lon="-2.83741058513825"/>
      <trkpt lat="55.1218167621608" lon="-2.83730660810238"/>
      <trkpt lat="55.1217701267008" lon="-2.83716445441579"/>
      <trkpt lat="55.1216644007671" lon="-2.83673108175312"/>
      <trkpt lat="55.1214117610169" lon="-2.83596225604394"/>
      <trkpt lat="55.1213724909684" lon="-2.83579362677248"/>
      <trkpt lat="55.121335663958" lon="-2.83553093135768"/>
      <trkpt lat="55.1213332167189" lon="-2.83549481003901"/>
      <trkpt lat="55.1213521974669" lon="-2.83482255075466"/>
      <trkpt lat="55.12134428958" lon="-2.83466556572919"/>
      <trkpt lat="55.1213079089514" lon="-2.83433720578329"/>
      <trkpt lat="55.1213060953397" lon="-2.83406425385828"/>
      <trkpt lat="55.1213163902287" lon="-2.83388580015902"/>
      <trkpt lat="55.1213510019502" lon="-2.8335540075216"/>
      <trkpt lat="55.121441464279" lon="-2.83306823942151"/>
      <trkpt lat="55.1214506200446" lon="-2.83291173981275"/>
      <trkpt lat="55.1214621485493" lon="-2.8328022181934"/>
      <trkpt lat="55.1214799654822" lon="-2.83269282737151"/>
      <trkpt lat="55.1215031184436" lon="-2.83259130595195"/>
      <trkpt lat="55.1215913726032" lon="-2.8322968253288"/>
      <trkpt lat="55.1216618042568" lon="-2.83212582665206"/>
      <trkpt lat="55.1217700861015" lon="-2.83192419762923"/>
      <trkpt lat="55.12179006196" lon="-2.83189319779454"/>
      <trkpt lat="55.1221207884696" lon="-2.83149243851673"/>
      <trkpt lat="55.1221997162243" lon="-2.831379661101"/>
      <trkpt lat="55.1223206928312" lon="-2.83117363710017"/>
      <trkpt lat="55.1224413985178" lon="-2.83099423936088"/>
      <trkpt lat="55.122568692188" lon="-2.83077102035017"/>
      <trkpt lat="55.1226676194556" lon="-2.83063667765599"/>
      <trkpt lat="55.1229100807957" lon="-2.83026845836394"/>
      <trkpt lat="55.1232654922525" lon="-2.82967218523528"/>
      <trkpt lat="55.123437093567" lon="-2.829406046503"/>
      <trkpt lat="55.1235530958685" lon="-2.82927049896925"/>
      <trkpt lat="55.1236926951902" lon="-2.82908669873278"/>
      <trkpt lat="55.1239527435831" lon="-2.82877377251927"/>
      <trkpt lat="55.1240941153892" lon="-2.8285932372667"/>
      <trkpt lat="55.1243762420792" lon="-2.82820396328221"/>
      <trkpt lat="55.1246000712693" lon="-2.82793255628943"/>
      <trkpt lat="55.1247180672351" lon="-2.82775463329185"/>
      <trkpt lat="55.1248368378852" lon="-2.82760814437903"/>
      <trkpt lat="55.1248974350603" lon="-2.82754824204986"/>
      <trkpt lat="55.1254348684639" lon="-2.82713281339975"/>
      <trkpt lat="55.1255259244365" lon="-2.82709862388209"/>
      <trkpt lat="55.1255818708372" lon="-2.82706215421804"/>
      <trkpt lat="55.1256794966419" lon="-2.82697327873055"/>
      <trkpt lat="55.1259394566648" lon="-2.8268046186207"/>
      <trkpt lat="55.1260168866931" lon="-2.82677945500761"/>
      <trkpt lat="55.1261427184286" lon="-2.82678360685889"/>
      <trkpt lat="55.1261885813866" lon="-2.82677679702705"/>
      <trkpt lat="55.1263074029763" lon="-2.82674162745074"/>
      <trkpt lat="55.1268189742406" lon="-2.8267082396282"/>
      <trkpt lat="55.126959815725" lon="-2.82673778678669"/>
      <trkpt lat="55.1271642865928" lon="-2.82680317228944"/>
      <trkpt lat="55.1272367241012" lon="-2.82685173530038"/>
      <trkpt lat="55.1272714894032" lon="-2.82689163147428"/>
      <trkpt lat="55.1273016990834" lon="-2.82694087427654"/>
      <trkpt lat="55.1273682290713" lon="-2.82707879263592"/>
      <trkpt lat="55.127471263696" lon="-2.82725185943409"/>
      <trkpt lat="55.1275164884711" lon="-2.8273390400717"/>
      <trkpt lat="55.1277528698746" lon="-2.82786450316633"/>
      <trkpt lat="55.1278279195154" lon="-2.8280574254861"/>
      <trkpt lat="55.1279306433903" lon="-2.82827600584781"/>
      <trkpt lat="55.1282430610821" lon="-2.82884857144158"/>
      <trkpt lat="55.1284873903282" lon="-2.8292613349554"/>
      <trkpt lat="55.1285228174912" lon="-2.82933590245915"/>
      <trkpt lat="55.1285843622629" lon="-2.82941398673923"/>
      <trkpt lat="55.1286763998795" lon="-2.82948649640382"/>
      <trkpt lat="55.1287431478876" lon="-2.82957878333598"/>
      <trkpt lat="55.128851952843" lon="-2.8296954752269"/>
      <trkpt lat="55.1291502903495" lon="-2.83009217323463"/>
      <trkpt lat="55.129446326778" lon="-2.83043089901877"/>
      <trkpt lat="55.1295220183294" lon="-2.83054225445656"/>
      <trkpt lat="55.1295701591792" lon="-2.83059652842158"/>
      <trkpt lat="55.1297772444088" lon="-2.83079220750021"/>
      <trkpt lat="55.1300109812416" lon="-2.8310448225304"/>
      <trkpt lat="55.1301607223968" lon="-2.8312314254863"/>
      <trkpt lat="55.1304445880638" lon="-2.83151017358578"/>
      <trkpt lat="55.1305096020023" lon="-2.83159312063932"/>
      <trkpt lat="55.1306847232764" lon="-2.83186495690441"/>
      <trkpt lat="55.1307459239174" lon="-2.83199321421808"/>
      <trkpt lat="55.1310780005856" lon="-2.8324471609198"/>
      <trkpt lat="55.131167351526" lon="-2.83251807511541"/>
      <trkpt lat="55.1314481690525" lon="-2.83271672991315"/>
      <trkpt lat="55.1317158748723" lon="-2.83286196436724"/>
      <trkpt lat="55.1318789347374" lon="-2.83292652676431"/>
      <trkpt lat="55.1320154047947" lon="-2.83295135367268"/>
      <trkpt lat="55.1322135390157" lon="-2.83301031112054"/>
      <trkpt lat="55.1322772808976" lon="-2.833016424164"/>
      <trkpt lat="55.1326487309938" lon="-2.832980193712"/>
      <trkpt lat="55.1327850063581" lon="-2.83288888637952"/>
      <trkpt lat="55.1329088142316" lon="-2.83278167348912"/>
      <trkpt lat="55.1329388137911" lon="-2.83274311360398"/>
      <trkpt lat="55.1330123851477" lon="-2.83262541331509"/>
      <trkpt lat="55.1331428222318" lon="-2.83246815885047"/>
      <trkpt lat="55.1335126245173" lon="-2.83187050320215"/>
      <trkpt lat="55.1339184633613" lon="-2.83113857197049"/>
      <trkpt lat="55.1341197838646" lon="-2.83073021506239"/>
      <trkpt lat="55.134233058973" lon="-2.83046758415504"/>
      <trkpt lat="55.1342995491886" lon="-2.83033394981582"/>
      <trkpt lat="55.1345193660151" lon="-2.82997938000467"/>
      <trkpt lat="55.1346671703809" lon="-2.82979104643735"/>
      <trkpt lat="55.1348108824541" lon="-2.82953059209968"/>
      <trkpt lat="55.1349054665201" lon="-2.82937412994017"/>
      <trkpt lat="55.1351278571625" lon="-2.82903680356759"/>
      <trkpt lat="55.1354630938848" lon="-2.82849941303133"/>
      <trkpt lat="55.1356634685047" lon="-2.8281098885978"/>
      <trkpt lat="55.1357070417177" lon="-2.82804328187782"/>
      <trkpt lat="55.1357795172598" lon="-2.82795386433359"/>
      <trkpt lat="55.1361128707834" lon="-2.82744150815624"/>
      <trkpt lat="55.1361781176848" lon="-2.8273582776748"/>
      <trkpt lat="55.1364023119211" lon="-2.82701928387262"/>
      <trkpt lat="55.136529153613" lon="-2.82687447111725"/>
      <trkpt lat="55.1366150369835" lon="-2.82679476831525"/>
      <trkpt lat="55.1367107702094" lon="-2.82671979582921"/>
      <trkpt lat="55.1370237887365" lon="-2.82627774181314"/>
      <trkpt lat="55.13715784803" lon="-2.82612828625227"/>
      <trkpt lat="55.1372165934315" lon="-2.82607621580642"/>
      <trkpt lat="55.1373204642246" lon="-2.82599364867344"/>
      <trkpt lat="55.1375090909765" lon="-2.82587829872755"/>
      <trkpt lat="55.1383140425764" lon="-2.82550277863202"/>
      <trkpt lat="55.1381855964042" lon="-2.82443814355707"/>
      <trkpt lat="55.1381305924906" lon="-2.82406995225449"/>
      <trkpt lat="55.138000363848" lon="-2.82365313373386"/>
      <trkpt lat="55.1379137606821" lon="-2.82330783353989"/>
      <trkpt lat="55.1379129906222" lon="-2.82328893590812"/>
      <trkpt lat="55.1379237385312" lon="-2.82316059740038"/>
      <trkpt lat="55.1379561195982" lon="-2.82302158093907"/>
      <trkpt lat="55.1381227859739" lon="-2.82269882663171"/>
      <trkpt lat="55.1382023610878" lon="-2.82248861106813"/>
      <trkpt lat="55.1382198509903" lon="-2.82242624192325"/>
      <trkpt lat="55.138239983203" lon="-2.82223847060136"/>
      <trkpt lat="55.1382266611973" lon="-2.82194951831227"/>
      <trkpt lat="55.1382192742726" lon="-2.82184589630092"/>
      <trkpt lat="55.1381250154823" lon="-2.82130268554044"/>
      <trkpt lat="55.1381238851154" lon="-2.82120384976968"/>
      <trkpt lat="55.1381318108585" lon="-2.82109420533403"/>
      <trkpt lat="55.1381599079184" lon="-2.8209238007641"/>
      <trkpt lat="55.1384607075262" lon="-2.82002487376939"/>
      <trkpt lat="55.1384975756409" lon="-2.81988607520816"/>
      <trkpt lat="55.1384994865483" lon="-2.81973543611692"/>
      <trkpt lat="55.1384843428477" lon="-2.8195830245659"/>
      <trkpt lat="55.1384504187098" lon="-2.81941755334076"/>
      <trkpt lat="55.1383984249332" lon="-2.8192674912475"/>
      <trkpt lat="55.1382855375434" lon="-2.81920878751404"/>
      <trkpt lat="55.1380756665971" lon="-2.81902406201737"/>
      <trkpt lat="55.1378840834677" lon="-2.81891188317529"/>
      <trkpt lat="55.1376456742056" lon="-2.81868273329848"/>
      <trkpt lat="55.1376002645657" lon="-2.81862217963376"/>
      <trkpt lat="55.1375398605047" lon="-2.81852045000442"/>
      <trkpt lat="55.1374594061832" lon="-2.81832751654577"/>
      <trkpt lat="55.1373994580283" lon="-2.81814431646017"/>
      <trkpt lat="55.137400550779" lon="-2.81812770984436"/>
      <trkpt lat="55.137409461628" lon="-2.8179922956955"/>
      <trkpt lat="55.1374215808831" lon="-2.81792671168208"/>
      <trkpt lat="55.1374400453965" lon="-2.81786591469481"/>
      <trkpt lat="55.1374918865519" lon="-2.81777126872338"/>
      <trkpt lat="55.1376520606162" lon="-2.81759735737922"/>
      <trkpt lat="55.1377119115144" lon="-2.81751386579851"/>
      <trkpt lat="55.1377710378141" lon="-2.81741781633012"/>
      <trkpt lat="55.137801058599" lon="-2.81736191059671"/>
      <trkpt lat="55.1378504779082" lon="-2.8172264713269"/>
      <trkpt lat="55.1378820792378" lon="-2.81706868143896"/>
      <trkpt lat="55.1378964161458" lon="-2.81694028621979"/>
      <trkpt lat="55.1379034125999" lon="-2.81670051162527"/>
      <trkpt lat="55.1378668369816" lon="-2.81612564492146"/>
      <trkpt lat="55.1378168392403" lon="-2.81581085714809"/>
      <trkpt lat="55.1377432815336" lon="-2.81551291981395"/>
      <trkpt lat="55.137719428469" lon="-2.81545280936543"/>
      <trkpt lat="55.1376671563067" lon="-2.81534349010012"/>
      <trkpt lat="55.1376182894504" lon="-2.81526243514352"/>
      <trkpt lat="55.137554130296" lon="-2.81518430147516"/>
      <trkpt lat="55.1374710149641" lon="-2.81511988032837"/>
      <trkpt lat="55.1374156754191" lon="-2.81505291991209"/>
      <trkpt lat="55.137321523059" lon="-2.81489256649053"/>
      <trkpt lat="55.1372638716535" lon="-2.81478158803571"/>
      <trkpt lat="55.1372002678747" lon="-2.81462030546934"/>
      <trkpt lat="55.1371417545198" lon="-2.81440817703048"/>
      <trkpt lat="55.1371415018443" lon="-2.81440726051883"/>
      <trkpt lat="55.1370998168349" lon="-2.81417904426532"/>
      <trkpt lat="55.1370753405833" lon="-2.8139431601589"/>
      <trkpt lat="55.1370559980875" lon="-2.81388003920679"/>
      <trkpt lat="55.1370109096854" lon="-2.81377087004714"/>
      <trkpt lat="55.1369851966749" lon="-2.8137201653155"/>
      <trkpt lat="55.1369042641635" lon="-2.81359772286218"/>
      <trkpt lat="55.1368649608744" lon="-2.81356407170054"/>
      <trkpt lat="55.1368326986901" lon="-2.81355242234542"/>
      <trkpt lat="55.1368326106282" lon="-2.8135524221218"/>
      <trkpt lat="55.1367768982941" lon="-2.81355439096205"/>
      <trkpt lat="55.1363827063491" lon="-2.81351338907156"/>
      <trkpt lat="55.1363451275115" lon="-2.813490637519"/>
      <trkpt lat="55.1363272883463" lon="-2.81347152211221"/>
      <trkpt lat="55.1362482569601" lon="-2.81333346958755"/>
      <trkpt lat="55.1362279431804" lon="-2.81328119600133"/>
      <trkpt lat="55.1362148456608" lon="-2.81322454079162"/>
      <trkpt lat="55.1361994562439" lon="-2.81309399202846"/>
      <trkpt lat="55.1361854836079" lon="-2.81289919668153"/>
      <trkpt lat="55.1361818500796" lon="-2.8127705686733"/>
      <trkpt lat="55.1361847748329" lon="-2.81273609753038"/>
      <trkpt lat="55.1362112264542" lon="-2.81268955921934"/>
      <trkpt lat="55.1363318613342" lon="-2.81251638089302"/>
      <trkpt lat="55.1364980978123" lon="-2.81224053403618"/>
      <trkpt lat="55.1365264091079" lon="-2.81218459149461"/>
      <trkpt lat="55.1365959810339" lon="-2.81198993902245"/>
      <trkpt lat="55.1366153037684" lon="-2.81192126800396"/>
      <trkpt lat="55.1366386785145" lon="-2.81178374584908"/>
      <trkpt lat="55.1366523709862" lon="-2.81134636607855"/>
      <trkpt lat="55.1366689660253" lon="-2.81114753230531"/>
      <trkpt lat="55.1366887459501" lon="-2.81100993816254"/>
      <trkpt lat="55.1367898558193" lon="-2.81053035773901"/>
      <trkpt lat="55.1368832422413" lon="-2.81027979427347"/>
      <trkpt lat="55.13702441692" lon="-2.80998932956847"/>
      <trkpt lat="55.1370666737414" lon="-2.80984895457363"/>
      <trkpt lat="55.1370778901195" lon="-2.80978335199184"/>
      <trkpt lat="55.1370802792099" lon="-2.80974105578052"/>
      <trkpt lat="55.1370921418428" lon="-2.80953105217283"/>
      <trkpt lat="55.1371086421232" lon="-2.8093463122672"/>
      <trkpt lat="55.1370995395204" lon="-2.80909354095476"/>
      <trkpt lat="55.1370693493272" lon="-2.80890475013193"/>
      <trkpt lat="55.1369355433001" lon="-2.80808479203652"/>
      <trkpt lat="55.1369274765961" lon="-2.80794650089612"/>
      <trkpt lat="55.1369324099349" lon="-2.807744326069"/>
      <trkpt lat="55.1369457956694" lon="-2.80762224703084"/>
      <trkpt lat="55.1369832328582" lon="-2.80739550861222"/>
      <trkpt lat="55.1370402621403" lon="-2.8071943839144"/>
      <trkpt lat="55.1372266023453" lon="-2.80674315297803"/>
      <trkpt lat="55.137270043073" lon="-2.80655895341135"/>
      <trkpt lat="55.1372962098249" lon="-2.80640583378161"/>
      <trkpt lat="55.1373093769572" lon="-2.80631660036604"/>
      <trkpt lat="55.1373385332322" lon="-2.80598311974458"/>
      <trkpt lat="55.1373348631516" lon="-2.80572269737439"/>
      <trkpt lat="55.1373393373414" lon="-2.80558944397533"/>
      <trkpt lat="55.1373578344347" lon="-2.80537331275922"/>
      <trkpt lat="55.1374398020255" lon="-2.80479619431488"/>
      <trkpt lat="55.1375198453232" lon="-2.80433544098466"/>
      <trkpt lat="55.1375202040223" lon="-2.80433337447969"/>
      <trkpt lat="55.1375203499191" lon="-2.80433250839696"/>
      <trkpt lat="55.137554793766" lon="-2.80412868863176"/>
      <trkpt lat="55.1375961453459" lon="-2.80398828751105"/>
      <trkpt lat="55.1376326948434" lon="-2.80389486568491"/>
      <trkpt lat="55.1376882222611" lon="-2.80378462529323"/>
      <trkpt lat="55.137794141505" lon="-2.80366130051459"/>
      <trkpt lat="55.1380995062757" lon="-2.80341329603166"/>
      <trkpt lat="55.1382157169256" lon="-2.80324154450004"/>
      <trkpt lat="55.1382795957312" lon="-2.80309059970044"/>
      <trkpt lat="55.1383071410755" lon="-2.80300022915561"/>
      <trkpt lat="55.1383444984288" lon="-2.80281745303129"/>
      <trkpt lat="55.1383572674411" lon="-2.80275497887695"/>
      <trkpt lat="55.1383690082969" lon="-2.80273864965752"/>
      <trkpt lat="55.1384806623342" lon="-2.80258337019976"/>
      <trkpt lat="55.1386931405723" lon="-2.80237578165508"/>
      <trkpt lat="55.1387453923552" lon="-2.80235329114676"/>
      <trkpt lat="55.1387689015892" lon="-2.80233022357933"/>
      <trkpt lat="55.1387843364673" lon="-2.80230544091059"/>
      <trkpt lat="55.1388082750559" lon="-2.80223064698886"/>
      <trkpt lat="55.1388615904362" lon="-2.80191018214939"/>
      <trkpt lat="55.1388641188876" lon="-2.80179887244608"/>
      <trkpt lat="55.1388547026264" lon="-2.80172806482099"/>
      <trkpt lat="55.1388459679508" lon="-2.80169025233567"/>
      <trkpt lat="55.1387746078652" lon="-2.80146286595154"/>
      <trkpt lat="55.138499792822" lon="-2.80076721357411"/>
      <trkpt lat="55.1384621386755" lon="-2.80060491711705"/>
      <trkpt lat="55.1383931439365" lon="-2.80016741263783"/>
      <trkpt lat="55.1383824031897" lon="-2.80002440917484"/>
      <trkpt lat="55.1383867573138" lon="-2.79990848170258"/>
      <trkpt lat="55.1384209973109" lon="-2.79961893565539"/>
      <trkpt lat="55.1384336093656" lon="-2.79947639937828"/>
      <trkpt lat="55.138437932449" lon="-2.7993651268577"/>
      <trkpt lat="55.1384660827771" lon="-2.7991821615286"/>
      <trkpt lat="55.138503801574" lon="-2.79906056340414"/>
      <trkpt lat="55.1385368063937" lon="-2.79892604073883"/>
      <trkpt lat="55.1387087055155" lon="-2.79822538814071"/>
      <trkpt lat="55.1387515538405" lon="-2.79799252939153"/>
      <trkpt lat="55.1387927435648" lon="-2.79760119968019"/>
      <trkpt lat="55.1387996977505" lon="-2.79749942030796"/>
      <trkpt lat="55.1388083447703" lon="-2.79713874030144"/>
      <trkpt lat="55.1388205955462" lon="-2.79705116409714"/>
      <trkpt lat="55.1388660722134" lon="-2.79684189695167"/>
      <trkpt lat="55.1389771243354" lon="-2.79648170402609"/>
      <trkpt lat="55.1390803915293" lon="-2.79617176521227"/>
      <trkpt lat="55.1392451974518" lon="-2.79567711827817"/>
      <trkpt lat="55.1392466089413" lon="-2.79567288268302"/>
      <trkpt lat="55.1392712618468" lon="-2.79561219615735"/>
      <trkpt lat="55.1393312714021" lon="-2.79550202932517"/>
      <trkpt lat="55.1396342644454" lon="-2.79506416411781"/>
      <trkpt lat="55.139653526129" lon="-2.79500336938974"/>
      <trkpt lat="55.1396904067808" lon="-2.79485820551426"/>
      <trkpt lat="55.1397497353479" lon="-2.79443889789405"/>
      <trkpt lat="55.1397706913017" lon="-2.79425578019002"/>
      <trkpt lat="55.1397898902815" lon="-2.79408051642962"/>
      <trkpt lat="55.139786714911" lon="-2.79401617074865"/>
      <trkpt lat="55.1397764497677" lon="-2.79392335961739"/>
      <trkpt lat="55.1397659982354" lon="-2.79387296742808"/>
      <trkpt lat="55.1397474823067" lon="-2.79381931061163"/>
      <trkpt lat="55.1396073691806" lon="-2.79353883430102"/>
      <trkpt lat="55.1396021130454" lon="-2.79351829288261"/>
      <trkpt lat="55.1395953149218" lon="-2.79345853310523"/>
      <trkpt lat="55.1396056037366" lon="-2.79339600652601"/>
      <trkpt lat="55.1396411135869" lon="-2.79332298708304"/>
      <trkpt lat="55.1397350602521" lon="-2.79324336698499"/>
      <trkpt lat="55.139911917481" lon="-2.79313706726895"/>
      <trkpt lat="55.1401231520064" lon="-2.79299380883546"/>
      <trkpt lat="55.1401864469644" lon="-2.79293065288486"/>
      <trkpt lat="55.1402381248089" lon="-2.79285795272813"/>
      <trkpt lat="55.1402681132538" lon="-2.79280525795697"/>
      <trkpt lat="55.1402669782453" lon="-2.79256517606241"/>
      <trkpt lat="55.1402744073148" lon="-2.79238967597451"/>
      <trkpt lat="55.1402698635561" lon="-2.7922593374927"/>
      <trkpt lat="55.1402417415799" lon="-2.79202505844901"/>
      <trkpt lat="55.1401815974662" lon="-2.79174151170271"/>
      <trkpt lat="55.1401227400189" lon="-2.79153637409416"/>
      <trkpt lat="55.1400421216151" lon="-2.79134813586114"/>
      <trkpt lat="55.1399194285111" lon="-2.79115117798078"/>
      <trkpt lat="55.1398823136752" lon="-2.79105628282343"/>
      <trkpt lat="55.1398603762805" lon="-2.79097591487294"/>
      <trkpt lat="55.1398447684389" lon="-2.79088933624324"/>
      <trkpt lat="55.1398414807213" lon="-2.79084219101201"/>
      <trkpt lat="55.1398665672428" lon="-2.79071399182325"/>
      <trkpt lat="55.1398920531571" lon="-2.79066275988933"/>
      <trkpt lat="55.1399137622933" lon="-2.79063964924791"/>
      <trkpt lat="55.1399381056708" lon="-2.7906260327906"/>
      <trkpt lat="55.1399623686112" lon="-2.79062495974925"/>
      <trkpt lat="55.1400662901732" lon="-2.79066931144476"/>
      <trkpt lat="55.1401246732228" lon="-2.79068456460216"/>
      <trkpt lat="55.1402924782532" lon="-2.79071297635469"/>
      <trkpt lat="55.1405639354868" lon="-2.79070269747979"/>
      <trkpt lat="55.140744480225" lon="-2.79070626959853"/>
      <trkpt lat="55.1408454049877" lon="-2.79067217888927"/>
      <trkpt lat="55.1411934560904" lon="-2.79062577406853"/>
      <trkpt lat="55.1412411337139" lon="-2.79061572339218"/>
      <trkpt lat="55.1412861972176" lon="-2.79059307396842"/>
      <trkpt lat="55.1413494800314" lon="-2.79053159388568"/>
      <trkpt lat="55.1415391500256" lon="-2.7902498768594"/>
      <trkpt lat="55.1416330409309" lon="-2.79003986325407"/>
      <trkpt lat="55.1416559141758" lon="-2.78997602986624"/>
      <trkpt lat="55.1417233624314" lon="-2.78970120673348"/>
      <trkpt lat="55.1417577498033" lon="-2.78938498501178"/>
      <trkpt lat="55.1417705040792" lon="-2.78894131567743"/>
      <trkpt lat="55.141789503298" lon="-2.78850398011216"/>
      <trkpt lat="55.1417882750644" lon="-2.7884161288725"/>
      <trkpt lat="55.1417773784203" lon="-2.78829510318407"/>
      <trkpt lat="55.1417288914924" lon="-2.78801333428216"/>
      <trkpt lat="55.1417177521556" lon="-2.78792994395655"/>
      <trkpt lat="55.1416873428508" lon="-2.78761722862319"/>
      <trkpt lat="55.1416784053153" lon="-2.78747114936061"/>
      <trkpt lat="55.1416673014538" lon="-2.78710384323667"/>
      <trkpt lat="55.1416536489251" lon="-2.78643523862688"/>
      <trkpt lat="55.1416146987716" lon="-2.78592769168805"/>
      <trkpt lat="55.1416246019008" lon="-2.78564552157399"/>
      <trkpt lat="55.1416546485588" lon="-2.78544381311918"/>
      <trkpt lat="55.1417344721638" lon="-2.78505940904507"/>
      <trkpt lat="55.1417757999163" lon="-2.78491910377063"/>
      <trkpt lat="55.1417949458265" lon="-2.78487550196652"/>
      <trkpt lat="55.141943810458" lon="-2.78463680335738"/>
      <trkpt lat="55.1420321884309" lon="-2.78451354327612"/>
      <trkpt lat="55.1421079735234" lon="-2.78440784604151"/>
      <trkpt lat="55.1424183879515" lon="-2.78420685115025"/>
      <trkpt lat="55.1425878906436" lon="-2.78411135279383"/>
      <trkpt lat="55.1426130710625" lon="-2.78410719058188"/>
      <trkpt lat="55.1428124862102" lon="-2.78412365051378"/>
      <trkpt lat="55.1428941146562" lon="-2.78414245584102"/>
      <trkpt lat="55.1429541449184" lon="-2.78416717553358"/>
      <trkpt lat="55.1430151018936" lon="-2.78420135628331"/>
      <trkpt lat="55.143042967155" lon="-2.78422293169899"/>
      <trkpt lat="55.1430732054785" lon="-2.78424634532101"/>
      <trkpt lat="55.1431794386597" lon="-2.78435048918913"/>
      <trkpt lat="55.1432080815315" lon="-2.7843667020799"/>
      <trkpt lat="55.1433595384222" lon="-2.78443719777487"/>
      <trkpt lat="55.1434270452171" lon="-2.78435515739262"/>
      <trkpt lat="55.1434790539431" lon="-2.78429195256275"/>
      <trkpt lat="55.1435906084875" lon="-2.78406706741638"/>
      <trkpt lat="55.1437348941904" lon="-2.78377619509197"/>
      <trkpt lat="55.1441292527486" lon="-2.78323326671208"/>
      <trkpt lat="55.1443293871249" lon="-2.78323149723532"/>
      <trkpt lat="55.1443521445917" lon="-2.78323129687827"/>
      <trkpt lat="55.1443651480834" lon="-2.78322544720354"/>
      <trkpt lat="55.1445125131524" lon="-2.78315915517977"/>
      <trkpt lat="55.1449093308906" lon="-2.78289049059699"/>
      <trkpt lat="55.1449223227321" lon="-2.78288169409695"/>
      <trkpt lat="55.1451396506159" lon="-2.78261287735869"/>
      <trkpt lat="55.1453793618645" lon="-2.78236972108707"/>
      <trkpt lat="55.1456627431479" lon="-2.78201485179247"/>
      <trkpt lat="55.1457272098191" lon="-2.7819341206749"/>
      <trkpt lat="55.1457781046319" lon="-2.78184249418966"/>
      <trkpt lat="55.1458051142657" lon="-2.78178146837715"/>
      <trkpt lat="55.1458090970468" lon="-2.78177246997055"/>
      <trkpt lat="55.1458302688087" lon="-2.78170704037608"/>
      <trkpt lat="55.1458505642036" lon="-2.781624258322"/>
      <trkpt lat="55.1459106132521" lon="-2.78122532049148"/>
      <trkpt lat="55.1459441157354" lon="-2.7810440953515"/>
      <trkpt lat="55.1460136329125" lon="-2.78070963309223"/>
      <trkpt lat="55.1460505670082" lon="-2.78055343922862"/>
      <trkpt lat="55.1461508017125" lon="-2.78020560502305"/>
      <trkpt lat="55.1462393756002" lon="-2.77998133856122"/>
      <trkpt lat="55.1462794194712" lon="-2.77990049349409"/>
      <trkpt lat="55.1463120869884" lon="-2.77984938674163"/>
      <trkpt lat="55.1463555526126" lon="-2.77979538564847"/>
      <trkpt lat="55.1464007565419" lon="-2.77975073172924"/>
      <trkpt lat="55.1464395610948" lon="-2.77972328834538"/>
      <trkpt lat="55.1464693282444" lon="-2.77970500549281"/>
      <trkpt lat="55.1464694102577" lon="-2.77970496786889"/>
      <trkpt lat="55.1465648564754" lon="-2.7796707548981"/>
      <trkpt lat="55.1466261971693" lon="-2.77963120237647"/>
      <trkpt lat="55.1466795136154" lon="-2.77958204952418"/>
      <trkpt lat="55.1467275202183" lon="-2.77952024427894"/>
      <trkpt lat="55.1467683432945" lon="-2.77945817010614"/>
      <trkpt lat="55.1467966486217" lon="-2.7794007672656"/>
      <trkpt lat="55.1468404554692" lon="-2.77929334473671"/>
      <trkpt lat="55.1468843721524" lon="-2.77916871864671"/>
      <trkpt lat="55.1469140073835" lon="-2.7790295831667"/>
      <trkpt lat="55.1469254781813" lon="-2.77892152959542"/>
      <trkpt lat="55.1469502082841" lon="-2.77856587388798"/>
      <trkpt lat="55.1469634045651" lon="-2.77846884915894"/>
      <trkpt lat="55.1469856936802" lon="-2.77835479597638"/>
      <trkpt lat="55.1470159961529" lon="-2.77825176554686"/>
      <trkpt lat="55.1470844543517" lon="-2.7780820788548"/>
      <trkpt lat="55.1472498743527" lon="-2.77779500561665"/>
      <trkpt lat="55.1474336679855" lon="-2.77744399285949"/>
      <trkpt lat="55.1475362300034" lon="-2.77713848621466"/>
      <trkpt lat="55.147658423772" lon="-2.77671253153581"/>
      <trkpt lat="55.1478381444947" lon="-2.77587190780571"/>
      <trkpt lat="55.1479793357314" lon="-2.77542432172509"/>
      <trkpt lat="55.1481070829735" lon="-2.77512718655836"/>
      <trkpt lat="55.1481726236341" lon="-2.77499184538276"/>
      <trkpt lat="55.1482080634468" lon="-2.77492823685268"/>
      <trkpt lat="55.1483845143898" lon="-2.77474187550989"/>
      <trkpt lat="55.1484429215375" lon="-2.77473977261399"/>
      <trkpt lat="55.1486805841319" lon="-2.77480246865836"/>
      <trkpt lat="55.1488797417767" lon="-2.77471848823509"/>
      <trkpt lat="55.1490522043607" lon="-2.7750183498455"/>
      <trkpt lat="55.1492084160684" lon="-2.77503392772794"/>
      <trkpt lat="55.1492437465653" lon="-2.77498752195239"/>
      <trkpt lat="55.1492655630058" lon="-2.77494719305936"/>
      <trkpt lat="55.149291131967" lon="-2.77488183951031"/>
      <trkpt lat="55.1493122809306" lon="-2.77480527383468"/>
      <trkpt lat="55.1493910746245" lon="-2.77428243215182"/>
      <trkpt lat="55.1494164781213" lon="-2.77411386212723"/>
      <trkpt lat="55.1494914932621" lon="-2.77361787949937"/>
      <trkpt lat="55.1495723284345" lon="-2.77296711355812"/>
      <trkpt lat="55.1496211863641" lon="-2.7725737684403"/>
      <trkpt lat="55.1496834018739" lon="-2.77212617653495"/>
      <trkpt lat="55.1496843919157" lon="-2.77196981052184"/>
      <trkpt lat="55.149684464145" lon="-2.77195840147878"/>
      <trkpt lat="55.1496826012587" lon="-2.77193882715169"/>
      <trkpt lat="55.149656442539" lon="-2.77166390342601"/>
      <trkpt lat="55.1496557415099" lon="-2.77165653869546"/>
      <trkpt lat="55.149655128363" lon="-2.7716520423917"/>
      <trkpt lat="55.1496359950953" lon="-2.77151177749574"/>
      <trkpt lat="55.1496319415635" lon="-2.77144274242319"/>
      <trkpt lat="55.1496341746406" lon="-2.77137370163651"/>
      <trkpt lat="55.1497280681903" lon="-2.77116733480302"/>
      <trkpt lat="55.1498387049287" lon="-2.77092417148777"/>
      <trkpt lat="55.1498401520175" lon="-2.77092099060302"/>
      <trkpt lat="55.1498414157293" lon="-2.77091256068443"/>
      <trkpt lat="55.1498954878215" lon="-2.77055179296798"/>
      <trkpt lat="55.1499116805835" lon="-2.77040617101703"/>
      <trkpt lat="55.1499123548072" lon="-2.77029945063139"/>
      <trkpt lat="55.1499340369542" lon="-2.76999558371617"/>
      <trkpt lat="55.1499696856135" lon="-2.76975615243111"/>
      <trkpt lat="55.1499834664239" lon="-2.76970777414187"/>
      <trkpt lat="55.1500182238851" lon="-2.76962370420218"/>
      <trkpt lat="55.1500491310945" lon="-2.7695662096609"/>
      <trkpt lat="55.1500790098073" lon="-2.7695291375526"/>
      <trkpt lat="55.1501250862003" lon="-2.76948772022294"/>
      <trkpt lat="55.1501737796845" lon="-2.76945877271254"/>
      <trkpt lat="55.1502178624386" lon="-2.76944862532186"/>
      <trkpt lat="55.1504281580591" lon="-2.76944956990896"/>
      <trkpt lat="55.1505053460417" lon="-2.76946050096196"/>
      <trkpt lat="55.1505458072514" lon="-2.76945494091332"/>
      <trkpt lat="55.1505770407573" lon="-2.76944026696751"/>
      <trkpt lat="55.1506161756855" lon="-2.76942188196739"/>
      <trkpt lat="55.1506730916107" lon="-2.76937109786215"/>
      <trkpt lat="55.1507030005368" lon="-2.76932936843494"/>
      <trkpt lat="55.1507593933183" lon="-2.76921906147205"/>
      <trkpt lat="55.1508281711368" lon="-2.76898525990797"/>
      <trkpt lat="55.1508623009234" lon="-2.76886923883447"/>
      <trkpt lat="55.1509090302684" lon="-2.76871038710612"/>
      <trkpt lat="55.1509332408713" lon="-2.76853095250287"/>
      <trkpt lat="55.1510589561653" lon="-2.76759920671456"/>
      <trkpt lat="55.1510829524207" lon="-2.76721205415776"/>
      <trkpt lat="55.1510793397192" lon="-2.76707225705728"/>
      <trkpt lat="55.1510691334211" lon="-2.76698110873091"/>
      <trkpt lat="55.1510615027632" lon="-2.76690877058863"/>
      <trkpt lat="55.1510450388143" lon="-2.7668127147852"/>
      <trkpt lat="55.1509820912682" lon="-2.76653696958989"/>
      <trkpt lat="55.1509724979589" lon="-2.76646131924359"/>
      <trkpt lat="55.1509615492703" lon="-2.76637498376012"/>
      <trkpt lat="55.1509620922745" lon="-2.76628857059145"/>
      <trkpt lat="55.150968941535" lon="-2.76619930326552"/>
      <trkpt lat="55.150981062936" lon="-2.76612889609293"/>
      <trkpt lat="55.1509862867694" lon="-2.76610982605393"/>
      <trkpt lat="55.1509930151915" lon="-2.76608526618621"/>
      <trkpt lat="55.1510266045162" lon="-2.76602937242601"/>
      <trkpt lat="55.1510446681243" lon="-2.766014064975"/>
      <trkpt lat="55.1510698779544" lon="-2.76600510362695"/>
      <trkpt lat="55.1510878521065" lon="-2.76600389477949"/>
      <trkpt lat="55.1511577754719" lon="-2.76602723013509"/>
      <trkpt lat="55.1512078400377" lon="-2.76606583865665"/>
      <trkpt lat="55.1513024926637" lon="-2.76617115652655"/>
      <trkpt lat="55.1513097759453" lon="-2.76624765126612"/>
      <trkpt lat="55.1513296420709" lon="-2.76645629687267"/>
      <trkpt lat="55.1513303425574" lon="-2.76646365552804"/>
      <trkpt lat="55.1513319880174" lon="-2.76648093525363"/>
      <trkpt lat="55.1513567051554" lon="-2.76655036759681"/>
      <trkpt lat="55.1514750544748" lon="-2.76658718179891"/>
      <trkpt lat="55.151619867892" lon="-2.7665727528951"/>
      <trkpt lat="55.1516851001705" lon="-2.76651336081203"/>
      <trkpt lat="55.1518511667862" lon="-2.76636216194832"/>
      <trkpt lat="55.1519009745691" lon="-2.76631291778198"/>
      <trkpt lat="55.1519861276245" lon="-2.76620005105349"/>
      <trkpt lat="55.1520738103622" lon="-2.76611375314506"/>
      <trkpt lat="55.1521668990663" lon="-2.76602458333092"/>
      <trkpt lat="55.1525110862789" lon="-2.76573308770235"/>
      <trkpt lat="55.1525265840298" lon="-2.76571139079846"/>
      <trkpt lat="55.1525774365348" lon="-2.76562451509459"/>
      <trkpt lat="55.1526447536922" lon="-2.76549072937292"/>
      <trkpt lat="55.1526931379868" lon="-2.76536770933084"/>
      <trkpt lat="55.1527358394593" lon="-2.76521174597589"/>
      <trkpt lat="55.1527538190739" lon="-2.76514607519706"/>
      <trkpt lat="55.1527805868746" lon="-2.76488200451575"/>
      <trkpt lat="55.1528870153039" lon="-2.76383202525154"/>
      <trkpt lat="55.1528934835375" lon="-2.76380703988222"/>
      <trkpt lat="55.1530297091418" lon="-2.76328086358024"/>
      <trkpt lat="55.153090730452" lon="-2.76300424375288"/>
      <trkpt lat="55.1531031409211" lon="-2.7629521141727"/>
      <trkpt lat="55.1532763695017" lon="-2.76222443192926"/>
      <trkpt lat="55.1532974791184" lon="-2.7621357540681"/>
      <trkpt lat="55.1533114717936" lon="-2.7620528265526"/>
      <trkpt lat="55.153321911041" lon="-2.76196362174927"/>
      <trkpt lat="55.1533264844533" lon="-2.76180676522602"/>
      <trkpt lat="55.153372579484" lon="-2.76142579433447"/>
      <trkpt lat="55.1533747928159" lon="-2.76140750157313"/>
      <trkpt lat="55.1533942213955" lon="-2.76137122862614"/>
      <trkpt lat="55.1535703046368" lon="-2.7610424792447"/>
      <trkpt lat="55.1537043985708" lon="-2.76085988439076"/>
      <trkpt lat="55.153891374782" lon="-2.76056676197008"/>
      <trkpt lat="55.1539738473684" lon="-2.76045072085542"/>
      <trkpt lat="55.1540245009614" lon="-2.76039514302497"/>
      <trkpt lat="55.1540750649028" lon="-2.76035379656108"/>
      <trkpt lat="55.1541274294575" lon="-2.760326456996"/>
      <trkpt lat="55.1542084460505" lon="-2.76029979290305"/>
      <trkpt lat="55.1543055430616" lon="-2.76028753777573"/>
      <trkpt lat="55.1543366040221" lon="-2.76031001399073"/>
      <trkpt lat="55.1545014868422" lon="-2.7604293226745"/>
      <trkpt lat="55.1546546416904" lon="-2.76043223800127"/>
      <trkpt lat="55.1547107739683" lon="-2.76043330649502"/>
      <trkpt lat="55.1548407588603" lon="-2.76020352703503"/>
      <trkpt lat="55.1547984731559" lon="-2.75977056624889"/>
      <trkpt lat="55.1547585950849" lon="-2.75936227902006"/>
      <trkpt lat="55.1547570711747" lon="-2.75934667485508"/>
      <trkpt lat="55.1547770309348" lon="-2.75875225246933"/>
      <trkpt lat="55.1547762719052" lon="-2.75860400290885"/>
      <trkpt lat="55.1547762199396" lon="-2.75859386587729"/>
      <trkpt lat="55.1547798905544" lon="-2.75843698615532"/>
      <trkpt lat="55.1547984004608" lon="-2.75820508408271"/>
      <trkpt lat="55.1548412920828" lon="-2.75787593084044"/>
      <trkpt lat="55.1549163160857" lon="-2.75730017354624"/>
      <trkpt lat="55.1550089468224" lon="-2.7569943704681"/>
      <trkpt lat="55.1550193153203" lon="-2.75694666093985"/>
      <trkpt lat="55.1550524094689" lon="-2.75679438162604"/>
      <trkpt lat="55.1551149916047" lon="-2.75656796959687"/>
      <trkpt lat="55.1551652023793" lon="-2.75643862425981"/>
      <trkpt lat="55.1551989132936" lon="-2.75636240581094"/>
      <trkpt lat="55.1552752699826" lon="-2.75621789789986"/>
      <trkpt lat="55.1553226687068" lon="-2.75610738975409"/>
      <trkpt lat="55.1554788167362" lon="-2.7557133738444"/>
      <trkpt lat="55.1555294162403" lon="-2.75552127967651"/>
      <trkpt lat="55.1555831946797" lon="-2.75525083241819"/>
      <trkpt lat="55.1555927216756" lon="-2.75516302694085"/>
      <trkpt lat="55.1556020572713" lon="-2.75497622025652"/>
      <trkpt lat="55.1556040009046" lon="-2.75493732210588"/>
      <trkpt lat="55.1556173433587" lon="-2.75481361659201"/>
      <trkpt lat="55.1556334290954" lon="-2.75468207069586"/>
      <trkpt lat="55.155665944784" lon="-2.75450852447306"/>
      <trkpt lat="55.1557029525918" lon="-2.7543349325415"/>
      <trkpt lat="55.1558298369899" lon="-2.75402355178673"/>
      <trkpt lat="55.1559012539861" lon="-2.75395114583937"/>
      <trkpt lat="55.1559490157261" lon="-2.7539269457577"/>
      <trkpt lat="55.1560047827207" lon="-2.7539154466929"/>
      <trkpt lat="55.1560560434284" lon="-2.75392107193197"/>
      <trkpt lat="55.1561124282766" lon="-2.75395513150487"/>
      <trkpt lat="55.1561568142779" lon="-2.75405849918475"/>
      <trkpt lat="55.1563311674999" lon="-2.75446454385086"/>
      <trkpt lat="55.1565010968876" lon="-2.7543107971587"/>
      <trkpt lat="55.1565104989176" lon="-2.75426560927356"/>
      <trkpt lat="55.1565612770978" lon="-2.75402157218034"/>
      <trkpt lat="55.1566392019318" lon="-2.75379794624476"/>
      <trkpt lat="55.156677518331" lon="-2.75368798673673"/>
      <trkpt lat="55.1566385046713" lon="-2.75358142851359"/>
      <trkpt lat="55.1566005716726" lon="-2.75347782088115"/>
      <trkpt lat="55.1565807015748" lon="-2.75337867367907"/>
      <trkpt lat="55.1565569975479" lon="-2.75326039283887"/>
      <trkpt lat="55.1565513198882" lon="-2.75309544342106"/>
      <trkpt lat="55.1565486189051" lon="-2.75301697162543"/>
      <trkpt lat="55.1565754681979" lon="-2.75295655048536"/>
      <trkpt lat="55.1566260538478" lon="-2.75284271299443"/>
      <trkpt lat="55.1566899792444" lon="-2.75268851456767"/>
      <trkpt lat="55.1567073023725" lon="-2.75258426004645"/>
      <trkpt lat="55.1567217006065" lon="-2.75249760727339"/>
      <trkpt lat="55.1567237751946" lon="-2.75241798377041"/>
      <trkpt lat="55.1567275848707" lon="-2.75227179532008"/>
      <trkpt lat="55.1567053981295" lon="-2.75219391676926"/>
      <trkpt lat="55.1566628900515" lon="-2.75204470633695"/>
      <trkpt lat="55.1566430841512" lon="-2.75197518263397"/>
      <trkpt lat="55.1566132545301" lon="-2.75194891966751"/>
      <trkpt lat="55.1565010189342" lon="-2.75185010159713"/>
      <trkpt lat="55.1564026500442" lon="-2.75163164488884"/>
      <trkpt lat="55.1564038640987" lon="-2.75159489307798"/>
      <trkpt lat="55.156409278359" lon="-2.75143094886604"/>
      <trkpt lat="55.1564826068637" lon="-2.75119372491965"/>
      <trkpt lat="55.1565249870282" lon="-2.75102190979885"/>
      <trkpt lat="55.1566478528065" lon="-2.75061779099822"/>
      <trkpt lat="55.1567289004345" lon="-2.75045446464891"/>
      <trkpt lat="55.1568039732746" lon="-2.75047847550292"/>
      <trkpt lat="55.1568436616414" lon="-2.7504911687595"/>
      <trkpt lat="55.1569352725362" lon="-2.75064040163557"/>
      <trkpt lat="55.1569719816439" lon="-2.75070074968266"/>
      <trkpt lat="55.1571081515583" lon="-2.75092461022237"/>
      <trkpt lat="55.1571390194735" lon="-2.75097535578688"/>
      <trkpt lat="55.1571676182023" lon="-2.75093493255279"/>
      <trkpt lat="55.1572299082558" lon="-2.7508468871358"/>
      <trkpt lat="55.1572858283764" lon="-2.75076784614397"/>
      <trkpt lat="55.157355217618" lon="-2.75060119261362"/>
      <trkpt lat="55.1574091015086" lon="-2.7503118377621"/>
      <trkpt lat="55.1574131806271" lon="-2.7502730687835"/>
      <trkpt lat="55.1574626446285" lon="-2.74980291277954"/>
      <trkpt lat="55.1574730271968" lon="-2.74970422168499"/>
      <trkpt lat="55.1573191220826" lon="-2.74915204398862"/>
      <trkpt lat="55.1572862129547" lon="-2.74895202515708"/>
      <trkpt lat="55.1572992172403" lon="-2.74886747967303"/>
      <trkpt lat="55.1573114764474" lon="-2.74878777742431"/>
      <trkpt lat="55.1574219024169" lon="-2.74866743638467"/>
      <trkpt lat="55.1574880420224" lon="-2.74869374553575"/>
      <trkpt lat="55.1575294407942" lon="-2.74871021231678"/>
      <trkpt lat="55.1578400056586" lon="-2.74891375551346"/>
      <trkpt lat="55.1580490241687" lon="-2.74882981220014"/>
      <trkpt lat="55.1581357184504" lon="-2.74875612726451"/>
      <trkpt lat="55.1582141600561" lon="-2.74856297975323"/>
      <trkpt lat="55.1582387705362" lon="-2.74850534087545"/>
      <trkpt lat="55.1582616773927" lon="-2.74843201184864"/>
      <trkpt lat="55.1582887309837" lon="-2.74828344993559"/>
      <trkpt lat="55.1582207792458" lon="-2.74716678756708"/>
      <trkpt lat="55.1582141769532" lon="-2.74705829381706"/>
      <trkpt lat="55.1581904063332" lon="-2.74666770810155"/>
      <trkpt lat="55.1581817345849" lon="-2.74652523081313"/>
      <trkpt lat="55.1581876526495" lon="-2.74648737081955"/>
      <trkpt lat="55.1582012665454" lon="-2.74640028373359"/>
      <trkpt lat="55.158223806943" lon="-2.74625608883175"/>
      <trkpt lat="55.1583749135946" lon="-2.74594666927493"/>
      <trkpt lat="55.1584566107094" lon="-2.74586803619137"/>
      <trkpt lat="55.158570104003" lon="-2.74575880075244"/>
      <trkpt lat="55.1587313796111" lon="-2.74564685951611"/>
      <trkpt lat="55.1587903234674" lon="-2.7456059473655"/>
      <trkpt lat="55.1589545011294" lon="-2.74559532640089"/>
      <trkpt lat="55.1590914773539" lon="-2.74558646547086"/>
      <trkpt lat="55.159166146393" lon="-2.7455689661063"/>
      <trkpt lat="55.1591976132182" lon="-2.74556489530283"/>
      <trkpt lat="55.1593775043729" lon="-2.74554314792458"/>
      <trkpt lat="55.1595754557371" lon="-2.74550608035336"/>
      <trkpt lat="55.1598046598768" lon="-2.7454852544801"/>
      <trkpt lat="55.1599343547296" lon="-2.74544522984634"/>
      <trkpt lat="55.1599527431634" lon="-2.74543398705104"/>
      <trkpt lat="55.1600290343724" lon="-2.74538734041003"/>
      <trkpt lat="55.1601139384013" lon="-2.74531205873889"/>
      <trkpt lat="55.1601989417286" lon="-2.745235224796"/>
      <trkpt lat="55.1602749220327" lon="-2.74515032758461"/>
      <trkpt lat="55.1602731613128" lon="-2.74485045982659"/>
      <trkpt lat="55.1602195843483" lon="-2.74465017475437"/>
      <trkpt lat="55.1600673343965" lon="-2.74441181772196"/>
      <trkpt lat="55.1600005497352" lon="-2.74431494222897"/>
      <trkpt lat="55.1598737055198" lon="-2.74418226701597"/>
      <trkpt lat="55.1597150815913" lon="-2.74411965558966"/>
      <trkpt lat="55.1597261874815" lon="-2.74391902681856"/>
      <trkpt lat="55.1598117313156" lon="-2.74373854717575"/>
      <trkpt lat="55.1599272176409" lon="-2.74367159451278"/>
      <trkpt lat="55.1600389728643" lon="-2.74361246656042"/>
      <trkpt lat="55.1603256294487" lon="-2.7434656210105"/>
      <trkpt lat="55.1604246939506" lon="-2.74342502075302"/>
      <trkpt lat="55.1606423711523" lon="-2.74324634282134"/>
      <trkpt lat="55.1607687729919" lon="-2.7431425858196"/>
      <trkpt lat="55.1609203212872" lon="-2.7430544309535"/>
      <trkpt lat="55.1610036004619" lon="-2.74295077139127"/>
      <trkpt lat="55.1610335666068" lon="-2.74289801175069"/>
      <trkpt lat="55.1610846334203" lon="-2.7427734348547"/>
      <trkpt lat="55.161114046257" lon="-2.74266411270448"/>
      <trkpt lat="55.1611540022328" lon="-2.74246077800814"/>
      <trkpt lat="55.1611776610066" lon="-2.74226347940447"/>
      <trkpt lat="55.161194649665" lon="-2.74183376787573"/>
      <trkpt lat="55.1611644343969" lon="-2.74163223351547"/>
      <trkpt lat="55.1611900187907" lon="-2.74111791841312"/>
      <trkpt lat="55.1613035369146" lon="-2.74076841714611"/>
      <trkpt lat="55.1613805830933" lon="-2.74065531785231"/>
      <trkpt lat="55.1614625806609" lon="-2.74061439309622"/>
      <trkpt lat="55.1615280792192" lon="-2.74064239521942"/>
      <trkpt lat="55.1615666676947" lon="-2.74079685023027"/>
      <trkpt lat="55.161610895107" lon="-2.74105830477762"/>
      <trkpt lat="55.1616844476737" lon="-2.74122440886811"/>
      <trkpt lat="55.1619069776026" lon="-2.74142938696328"/>
      <trkpt lat="55.161986652916" lon="-2.74147486584984"/>
      <trkpt lat="55.1621514938518" lon="-2.74141671423039"/>
      <trkpt lat="55.1622654039357" lon="-2.74115042563427"/>
      <trkpt lat="55.1623018104393" lon="-2.74107267700991"/>
      <trkpt lat="55.1624128179434" lon="-2.74070746113183"/>
      <trkpt lat="55.1624740492342" lon="-2.74053583039993"/>
      <trkpt lat="55.1625097104573" lon="-2.74044060999955"/>
      <trkpt lat="55.1625370559627" lon="-2.74036759569377"/>
      <trkpt lat="55.1626040039352" lon="-2.74022241865644"/>
      <trkpt lat="55.1626626809261" lon="-2.74009517747782"/>
      <trkpt lat="55.1627148033702" lon="-2.73994395186347"/>
      <trkpt lat="55.1627634146545" lon="-2.7397940844453"/>
      <trkpt lat="55.1627894311223" lon="-2.73965182201692"/>
      <trkpt lat="55.1627935382442" lon="-2.73956713169681"/>
      <trkpt lat="55.1627878602666" lon="-2.73946647155072"/>
      <trkpt lat="55.1627583285064" lon="-2.73929962708818"/>
      <trkpt lat="55.1627416556274" lon="-2.73912326421911"/>
      <trkpt lat="55.1627303845511" lon="-2.73900404541785"/>
      <trkpt lat="55.1627247066628" lon="-2.73860676727229"/>
      <trkpt lat="55.1627607529481" lon="-2.73829276498986"/>
      <trkpt lat="55.1627712712846" lon="-2.73820113617578"/>
      <trkpt lat="55.1627683373906" lon="-2.73794367674314"/>
      <trkpt lat="55.1627892192976" lon="-2.73775886993639"/>
      <trkpt lat="55.1628404036989" lon="-2.73761383598705"/>
      <trkpt lat="55.1629751998195" lon="-2.73745779186457"/>
      <trkpt lat="55.1631596412351" lon="-2.73727755719925"/>
      <trkpt lat="55.1632928259031" lon="-2.73711360616963"/>
      <trkpt lat="55.1633116939574" lon="-2.73709038025235"/>
      <trkpt lat="55.1634370822647" lon="-2.73716801460823"/>
      <trkpt lat="55.1635411103181" lon="-2.73704906060161"/>
      <trkpt lat="55.1635491675489" lon="-2.73690490832785"/>
      <trkpt lat="55.163526001835" lon="-2.73657423208716"/>
      <trkpt lat="55.1635213218919" lon="-2.73650743646422"/>
      <trkpt lat="55.1635069890369" lon="-2.73630285965502"/>
      <trkpt lat="55.1635188539735" lon="-2.73627877267398"/>
      <trkpt lat="55.1635942992644" lon="-2.73612561432521"/>
      <trkpt lat="55.1637462999276" lon="-2.73581289495626"/>
      <trkpt lat="55.1638646224389" lon="-2.73570675228474"/>
      <trkpt lat="55.1639509390427" lon="-2.7356942359862"/>
      <trkpt lat="55.1640291093683" lon="-2.73570667613149"/>
      <trkpt lat="55.1640625067362" lon="-2.73572066167608"/>
      <trkpt lat="55.1641115478093" lon="-2.73574119679494"/>
      <trkpt lat="55.1642524820709" lon="-2.73602606510062"/>
      <trkpt lat="55.1642588757717" lon="-2.73603898822223"/>
      <trkpt lat="55.1644007569855" lon="-2.73591438337729"/>
      <trkpt lat="55.1644477777358" lon="-2.7358634806616"/>
      <trkpt lat="55.1644641359365" lon="-2.73583233378799"/>
      <trkpt lat="55.1644833487876" lon="-2.73577470737754"/>
      <trkpt lat="55.1645018338843" lon="-2.73573359141323"/>
      <trkpt lat="55.1645862421313" lon="-2.73554584710067"/>
      <trkpt lat="55.1645729968132" lon="-2.73535884827231"/>
      <trkpt lat="55.1645026231814" lon="-2.73510471953103"/>
      <trkpt lat="55.1644973851623" lon="-2.7350858027817"/>
      <trkpt lat="55.1645322365405" lon="-2.734967248225"/>
      <trkpt lat="55.1646538532026" lon="-2.73497104356791"/>
      <trkpt lat="55.1647748328745" lon="-2.73497481936557"/>
      <trkpt lat="55.1648917266574" lon="-2.7349565224321"/>
      <trkpt lat="55.1649437962884" lon="-2.73496226982869"/>
      <trkpt lat="55.164956522247" lon="-2.73496673905335"/>
      <trkpt lat="55.1651841323198" lon="-2.73504667530358"/>
      <trkpt lat="55.1654633191058" lon="-2.73509426530207"/>
      <trkpt lat="55.1655208925875" lon="-2.73508108783526"/>
      <trkpt lat="55.1655515549787" lon="-2.73506133391777"/>
      <trkpt lat="55.165615817985" lon="-2.73499651037126"/>
      <trkpt lat="55.1656486913075" lon="-2.73494836165952"/>
      <trkpt lat="55.1656792618458" lon="-2.73490358619173"/>
      <trkpt lat="55.165720456741" lon="-2.73460251081005"/>
      <trkpt lat="55.165735301301" lon="-2.73449402416596"/>
      <trkpt lat="55.1657450434987" lon="-2.73442282025415"/>
      <trkpt lat="55.1657463241696" lon="-2.73421028463523"/>
      <trkpt lat="55.1657466420007" lon="-2.73415752898891"/>
      <trkpt lat="55.1658131676359" lon="-2.73400033700247"/>
      <trkpt lat="55.165907187668" lon="-2.73398098054988"/>
      <trkpt lat="55.1660723003299" lon="-2.73394698843983"/>
      <trkpt lat="55.1661126133148" lon="-2.7339274263959"/>
      <trkpt lat="55.1661470818226" lon="-2.73391069858906"/>
      <trkpt lat="55.1666599333409" lon="-2.73381947597629"/>
      <trkpt lat="55.1666832463708" lon="-2.73381532854108"/>
      <trkpt lat="55.166703643309" lon="-2.73377867430396"/>
      <trkpt lat="55.1667110960507" lon="-2.73376528149111"/>
      <trkpt lat="55.1670420655656" lon="-2.73317050620733"/>
      <trkpt lat="55.1672874757338" lon="-2.73256125597994"/>
      <trkpt lat="55.1674132818761" lon="-2.73210667680606"/>
      <trkpt lat="55.1675616970076" lon="-2.73164163498064"/>
      <trkpt lat="55.1677489352454" lon="-2.73097940194614"/>
      <trkpt lat="55.1679673021202" lon="-2.73038374081081"/>
      <trkpt lat="55.1681242801062" lon="-2.72998796002355"/>
      <trkpt lat="55.1682560732728" lon="-2.72958213859022"/>
      <trkpt lat="55.1683071362976" lon="-2.72945596754538"/>
      <trkpt lat="55.1683521283148" lon="-2.72929344592385"/>
      <trkpt lat="55.1683801180037" lon="-2.72911973936566"/>
      <trkpt lat="55.1684107059781" lon="-2.72866197592665"/>
      <trkpt lat="55.1684382380574" lon="-2.72841435441823"/>
      <trkpt lat="55.1684784258696" lon="-2.72816864616173"/>
      <trkpt lat="55.1685127017418" lon="-2.72799505285366"/>
      <trkpt lat="55.1685862494892" lon="-2.7277138406999"/>
      <trkpt lat="55.1686775390451" lon="-2.72731982349171"/>
      <trkpt lat="55.1686935424038" lon="-2.72659489553839"/>
      <trkpt lat="55.1686862816624" lon="-2.72600454551983"/>
      <trkpt lat="55.168697988835" lon="-2.72494352779735"/>
      <trkpt lat="55.1687075225405" lon="-2.7248510254668"/>
      <trkpt lat="55.1687346830013" lon="-2.72466474523708"/>
      <trkpt lat="55.1687587744214" lon="-2.72454118383803"/>
      <trkpt lat="55.1687909003188" lon="-2.72444132661811"/>
      <trkpt lat="55.1688172954367" lon="-2.72438368824877"/>
      <trkpt lat="55.1688544875228" lon="-2.72432314045638"/>
      <trkpt lat="55.1689033759922" lon="-2.72425969792331"/>
      <trkpt lat="55.1689762689549" lon="-2.72393600932381"/>
      <trkpt lat="55.1691195448366" lon="-2.72342371144313"/>
      <trkpt lat="55.1691560799735" lon="-2.72332237811722"/>
      <trkpt lat="55.1691970605949" lon="-2.72322889118444"/>
      <trkpt lat="55.1692560721687" lon="-2.72312472894256"/>
      <trkpt lat="55.1692885338707" lon="-2.7230329021156"/>
      <trkpt lat="55.1694251102898" lon="-2.72264655172517"/>
      <trkpt lat="55.169427022253" lon="-2.72264114359337"/>
      <trkpt lat="55.1694631067034" lon="-2.7224644673933"/>
      <trkpt lat="55.1694962765472" lon="-2.72217305926323"/>
      <trkpt lat="55.1695228022229" lon="-2.72163818821653"/>
      <trkpt lat="55.1695821901497" lon="-2.72116681612081"/>
      <trkpt lat="55.1696305344833" lon="-2.72089134100218"/>
      <trkpt lat="55.1697046308655" lon="-2.72066655176639"/>
      <trkpt lat="55.1697493366271" lon="-2.72056536184123"/>
      <trkpt lat="55.1697948261153" lon="-2.72046884523105"/>
      <trkpt lat="55.1698573159371" lon="-2.72038363675898"/>
      <trkpt lat="55.1699024516531" lon="-2.72034678460886"/>
      <trkpt lat="55.1699430122946" lon="-2.72032395843181"/>
      <trkpt lat="55.1701149562993" lon="-2.72027839120555"/>
      <trkpt lat="55.1701744636933" lon="-2.72024179786466"/>
      <trkpt lat="55.1702321556988" lon="-2.72020827693675"/>
      <trkpt lat="55.1702908863271" lon="-2.72015121829356"/>
      <trkpt lat="55.1703533292778" lon="-2.72007390402891"/>
      <trkpt lat="55.1704114645755" lon="-2.71998072019821"/>
      <trkpt lat="55.1704787690717" lon="-2.71984071404232"/>
      <trkpt lat="55.1708633913136" lon="-2.71831221668315"/>
      <trkpt lat="55.170990467248" lon="-2.71788534208994"/>
      <trkpt lat="55.1711139060866" lon="-2.71747067943573"/>
      <trkpt lat="55.1711274326741" lon="-2.71742524052282"/>
      <trkpt lat="55.1711726948998" lon="-2.7172141563558"/>
      <trkpt lat="55.1711864984389" lon="-2.7168532610835"/>
      <trkpt lat="55.1712133233023" lon="-2.71672184123061"/>
      <trkpt lat="55.1712408251134" lon="-2.71662822958486"/>
      <trkpt lat="55.1712657213833" lon="-2.71656233699142"/>
      <trkpt lat="55.171279152615" lon="-2.71652678807362"/>
      <trkpt lat="55.1713146287192" lon="-2.71645208938693"/>
      <trkpt lat="55.1714579521389" lon="-2.71623175952631"/>
      <trkpt lat="55.1714979561291" lon="-2.7161507972792"/>
      <trkpt lat="55.1715327631255" lon="-2.71603686383007"/>
      <trkpt lat="55.1715903101136" lon="-2.7157223134563"/>
      <trkpt lat="55.1716074567177" lon="-2.71555615563721"/>
      <trkpt lat="55.1716210274093" lon="-2.71538695856628"/>
      <trkpt lat="55.1716598369974" lon="-2.71474393041929"/>
      <trkpt lat="55.1716738329186" lon="-2.71467039776283"/>
      <trkpt lat="55.1717078699948" lon="-2.71453444269483"/>
      <trkpt lat="55.1717544269664" lon="-2.71440803217906"/>
      <trkpt lat="55.1718008367097" lon="-2.71430686053614"/>
      <trkpt lat="55.1719392051428" lon="-2.71407315297652"/>
      <trkpt lat="55.1720105220377" lon="-2.71395269596234"/>
      <trkpt lat="55.1720840811085" lon="-2.71381731835034"/>
      <trkpt lat="55.1721032296873" lon="-2.71376898835878"/>
      <trkpt lat="55.1721224790978" lon="-2.71370344538532"/>
      <trkpt lat="55.1721381924659" lon="-2.71362838950301"/>
      <trkpt lat="55.1721449660005" lon="-2.71354527687844"/>
      <trkpt lat="55.1721473422228" lon="-2.71344642362688"/>
      <trkpt lat="55.1721339072068" lon="-2.71328605905161"/>
      <trkpt lat="55.1720866068184" lon="-2.713079526229"/>
      <trkpt lat="55.1718838962402" lon="-2.71208837575723"/>
      <trkpt lat="55.1718573159847" lon="-2.71187134301424"/>
      <trkpt lat="55.1718523857963" lon="-2.71179268174782"/>
      <trkpt lat="55.1718535958972" lon="-2.71173937174955"/>
      <trkpt lat="55.171891626006" lon="-2.71138045434903"/>
      <trkpt lat="55.1719401406634" lon="-2.71107207481347"/>
      <trkpt lat="55.1720671661115" lon="-2.71041028346518"/>
      <trkpt lat="55.1721984976575" lon="-2.70976422809112"/>
      <trkpt lat="55.1722508833468" lon="-2.70925333273048"/>
      <trkpt lat="55.1722712831335" lon="-2.70852672823596"/>
      <trkpt lat="55.1722692528983" lon="-2.70841213259135"/>
      <trkpt lat="55.1721879835886" lon="-2.70817523117247"/>
      <trkpt lat="55.172133131463" lon="-2.70802979765722"/>
      <trkpt lat="55.1720751458409" lon="-2.70795964553633"/>
      <trkpt lat="55.1720485083714" lon="-2.70790584155022"/>
      <trkpt lat="55.172011376068" lon="-2.70778738881155"/>
      <trkpt lat="55.1720036191003" lon="-2.70773081420299"/>
      <trkpt lat="55.1720030500898" lon="-2.70767423667165"/>
      <trkpt lat="55.1720197653479" lon="-2.70758029716269"/>
      <trkpt lat="55.1721631017508" lon="-2.7073552722352"/>
      <trkpt lat="55.1723530560218" lon="-2.70714660446635"/>
      <trkpt lat="55.1723937685197" lon="-2.70700941500871"/>
      <trkpt lat="55.1724088665677" lon="-2.7069585385473"/>
      <trkpt lat="55.1724346045872" lon="-2.70687180984424"/>
      <trkpt lat="55.1724353150484" lon="-2.70674936688385"/>
      <trkpt lat="55.1724290086825" lon="-2.70668662553511"/>
      <trkpt lat="55.1724191773166" lon="-2.70658882693297"/>
      <trkpt lat="55.1724247891616" lon="-2.70649090592565"/>
      <trkpt lat="55.1724351689541" lon="-2.70630976435672"/>
      <trkpt lat="55.1723985805983" lon="-2.70621253988484"/>
      <trkpt lat="55.1723823952981" lon="-2.70616952980078"/>
      <trkpt lat="55.1723697003127" lon="-2.70613579724608"/>
      <trkpt lat="55.172291432279" lon="-2.70595489909433"/>
      <trkpt lat="55.1722650067936" lon="-2.70589382463968"/>
      <trkpt lat="55.1722526244463" lon="-2.70576967661815"/>
      <trkpt lat="55.1722505734762" lon="-2.70574910823398"/>
      <trkpt lat="55.1722507915112" lon="-2.70574652790694"/>
      <trkpt lat="55.1722611817848" lon="-2.7056237337181"/>
      <trkpt lat="55.1722914889584" lon="-2.70550958076801"/>
      <trkpt lat="55.1723574340674" lon="-2.70535164078113"/>
      <trkpt lat="55.1724118298936" lon="-2.70522135881908"/>
      <trkpt lat="55.1724941452929" lon="-2.70512446059368"/>
      <trkpt lat="55.1726063000047" lon="-2.70499243582634"/>
      <trkpt lat="55.1728194520448" lon="-2.70481083031726"/>
      <trkpt lat="55.1729568675953" lon="-2.70466102471318"/>
      <trkpt lat="55.1729969717776" lon="-2.70457694419404"/>
      <trkpt lat="55.1730399612599" lon="-2.7044442410596"/>
      <trkpt lat="55.1730677717604" lon="-2.70429560756066"/>
      <trkpt lat="55.1730783435679" lon="-2.7041764435519"/>
      <trkpt lat="55.1730806467212" lon="-2.70393312191553"/>
      <trkpt lat="55.1730939209871" lon="-2.70372533602517"/>
      <trkpt lat="55.173094474281" lon="-2.70371666833694"/>
      <trkpt lat="55.1731064791976" lon="-2.7036604411808"/>
      <trkpt lat="55.173131167082" lon="-2.70358553765214"/>
      <trkpt lat="55.1731675498373" lon="-2.70350760267453"/>
      <trkpt lat="55.1732074632251" lon="-2.70344086270326"/>
      <trkpt lat="55.1732436651674" lon="-2.70339438107079"/>
      <trkpt lat="55.1733249981321" lon="-2.70332668879711"/>
      <trkpt lat="55.1733682316777" lon="-2.70330712626821"/>
      <trkpt lat="55.1734680204651" lon="-2.70329464346086"/>
      <trkpt lat="55.1737353192842" lon="-2.70322556373551"/>
      <trkpt lat="55.1740023995501" lon="-2.70303880914251"/>
      <trkpt lat="55.1741321748775" lon="-2.7029673060878"/>
      <trkpt lat="55.1742341139492" lon="-2.70289362954427"/>
      <trkpt lat="55.174335341987" lon="-2.70280285317912"/>
      <trkpt lat="55.174406747691" lon="-2.70272721609422"/>
      <trkpt lat="55.1745262144432" lon="-2.70257384417334"/>
      <trkpt lat="55.174740694158" lon="-2.70231702766869"/>
      <trkpt lat="55.1749544659508" lon="-2.7020271850034"/>
      <trkpt lat="55.1749916382255" lon="-2.70196816117052"/>
      <trkpt lat="55.1750578897962" lon="-2.70185152221275"/>
      <trkpt lat="55.1751436924371" lon="-2.70166043849711"/>
      <trkpt lat="55.175160722943" lon="-2.70162251078072"/>
      <trkpt lat="55.1753154399772" lon="-2.70113537051616"/>
      <trkpt lat="55.1753463774749" lon="-2.70106678396217"/>
      <trkpt lat="55.1753880856423" lon="-2.70100007110122"/>
      <trkpt lat="55.1754260658093" lon="-2.70095672168774"/>
      <trkpt lat="55.1754441029898" lon="-2.70094448222723"/>
      <trkpt lat="55.1755357789756" lon="-2.70095243474194"/>
      <trkpt lat="55.1755553145495" lon="-2.70099509356977"/>
      <trkpt lat="55.1755872363162" lon="-2.70106479986984"/>
      <trkpt lat="55.1756117751272" lon="-2.70107985153965"/>
      <trkpt lat="55.1756319960987" lon="-2.70109225400884"/>
      <trkpt lat="55.1756508684986" lon="-2.701091030962"/>
      <trkpt lat="55.1756914435217" lon="-2.70106507505547"/>
      <trkpt lat="55.17580416888" lon="-2.70089149499675"/>
      <trkpt lat="55.1758275075867" lon="-2.70085555805902"/>
      <trkpt lat="55.1758719038902" lon="-2.70078719248853"/>
      <trkpt lat="55.1759035149929" lon="-2.70075784280213"/>
      <trkpt lat="55.1759434782535" lon="-2.70073590301674"/>
      <trkpt lat="55.1759837209533" lon="-2.70071381107937"/>
      <trkpt lat="55.1760304766562" lon="-2.70070673386026"/>
      <trkpt lat="55.17608705005" lon="-2.70071083392036"/>
      <trkpt lat="55.1762896542269" lon="-2.70064370509989"/>
      <trkpt lat="55.1763852489518" lon="-2.70057948856056"/>
      <trkpt lat="55.1764668040742" lon="-2.70047256252247"/>
      <trkpt lat="55.1764696982159" lon="-2.70046620240974"/>
      <trkpt lat="55.1765594418941" lon="-2.70026898865825"/>
      <trkpt lat="55.1766014613569" lon="-2.70017664891542"/>
      <trkpt lat="55.1766749332298" lon="-2.70005391595309"/>
      <trkpt lat="55.1768913406993" lon="-2.69977341434707"/>
      <trkpt lat="55.1769518216638" lon="-2.69972269045497"/>
      <trkpt lat="55.1769977500087" lon="-2.69970304083202"/>
      <trkpt lat="55.1770696552818" lon="-2.6996965332988"/>
      <trkpt lat="55.1772552069505" lon="-2.69978302754444"/>
      <trkpt lat="55.1773448704309" lon="-2.69981282290203"/>
      <trkpt lat="55.1774705723893" lon="-2.69984014111362"/>
      <trkpt lat="55.1776520936439" lon="-2.69983076442931"/>
      <trkpt lat="55.1777904603097" lon="-2.69984264066625"/>
      <trkpt lat="55.1778677743699" lon="-2.69983299189878"/>
      <trkpt lat="55.1779280478874" lon="-2.69981838249719"/>
      <trkpt lat="55.1779650026933" lon="-2.69979702230604"/>
      <trkpt lat="55.1780327944964" lon="-2.69974008003809"/>
      <trkpt lat="55.1780934659358" lon="-2.69965634444471"/>
      <trkpt lat="55.17814980769" lon="-2.69954430983881"/>
      <trkpt lat="55.1782055568856" lon="-2.69937879421201"/>
      <trkpt lat="55.1783775870153" lon="-2.69916042290355"/>
      <trkpt lat="55.1788026940589" lon="-2.69883021851593"/>
      <trkpt lat="55.1790384359334" lon="-2.69862395910617"/>
      <trkpt lat="55.1791310832841" lon="-2.69860357171782"/>
      <trkpt lat="55.179198640825" lon="-2.69857186812438"/>
      <trkpt lat="55.1792536510779" lon="-2.69853515563079"/>
      <trkpt lat="55.1793070535986" lon="-2.69848106676222"/>
      <trkpt lat="55.1793649566494" lon="-2.69840983549843"/>
      <trkpt lat="55.1794193190202" lon="-2.69832922105419"/>
      <trkpt lat="55.1794992030157" lon="-2.69818457787564"/>
      <trkpt lat="55.1796885948768" lon="-2.6979145801687"/>
      <trkpt lat="55.179927954178" lon="-2.69770371345438"/>
      <trkpt lat="55.1801633548164" lon="-2.69754132830139"/>
      <trkpt lat="55.1802434369708" lon="-2.69751917629025"/>
      <trkpt lat="55.1802435233093" lon="-2.6975191636661"/>
      <trkpt lat="55.1803656963119" lon="-2.6975197467455"/>
      <trkpt lat="55.180435625931" lon="-2.69754453238684"/>
      <trkpt lat="55.1804929168963" lon="-2.69758010193881"/>
      <trkpt lat="55.1807179485284" lon="-2.69767505368902"/>
      <trkpt lat="55.1807476447138" lon="-2.69766612095666"/>
      <trkpt lat="55.1807801350547" lon="-2.69764001701806"/>
      <trkpt lat="55.180820951758" lon="-2.69757172135685"/>
      <trkpt lat="55.180894924465" lon="-2.69737673240245"/>
      <trkpt lat="55.1810874320374" lon="-2.69686025570867"/>
      <trkpt lat="55.1811587981136" lon="-2.69663375719695"/>
      <trkpt lat="55.1812222147791" lon="-2.69655640238817"/>
      <trkpt lat="55.1813242299021" lon="-2.69646871426627"/>
      <trkpt lat="55.1813620826421" lon="-2.69644736484595"/>
      <trkpt lat="55.1814097801112" lon="-2.69643252970549"/>
      <trkpt lat="55.181501447904" lon="-2.69642623160407"/>
      <trkpt lat="55.1816638265034" lon="-2.69648085423717"/>
      <trkpt lat="55.1818994216895" lon="-2.69645673895699"/>
      <trkpt lat="55.1820433857877" lon="-2.69641678171561"/>
      <trkpt lat="55.1822542063645" lon="-2.69632632846094"/>
      <trkpt lat="55.1823001970515" lon="-2.69629566830198"/>
      <trkpt lat="55.1823534822633" lon="-2.6962463599305"/>
      <trkpt lat="55.1824258453145" lon="-2.69615970613335"/>
      <trkpt lat="55.1825710649205" lon="-2.69591571081313"/>
      <trkpt lat="55.1826006257848" lon="-2.69577328214292"/>
      <trkpt lat="55.1826473068883" lon="-2.6956216978829"/>
      <trkpt lat="55.1827000952675" lon="-2.69550181425492"/>
      <trkpt lat="55.1827644551399" lon="-2.69540077552587"/>
      <trkpt lat="55.1828124662457" lon="-2.69534671260719"/>
      <trkpt lat="55.1829081306067" lon="-2.69526978544278"/>
      <trkpt lat="55.1835080246501" lon="-2.69470701712474"/>
      <trkpt lat="55.1841881861986" lon="-2.69424623604168"/>
      <trkpt lat="55.1843374107463" lon="-2.69407130751039"/>
      <trkpt lat="55.1844674186298" lon="-2.6938160227022"/>
      <trkpt lat="55.1852759167163" lon="-2.69353484368979"/>
      <trkpt lat="55.1854797367954" lon="-2.69341122654811"/>
      <trkpt lat="55.1855769190232" lon="-2.69338300294877"/>
      <trkpt lat="55.1856274897892" lon="-2.6933525451661"/>
      <trkpt lat="55.1856663208342" lon="-2.69331709180561"/>
      <trkpt lat="55.1857423737261" lon="-2.69321313864058"/>
      <trkpt lat="55.1857642088517" lon="-2.69316483057876"/>
      <trkpt lat="55.185779801075" lon="-2.69310851442036"/>
      <trkpt lat="55.1857882422912" lon="-2.69304585799934"/>
      <trkpt lat="55.1857887961556" lon="-2.69294849149572"/>
      <trkpt lat="55.1857952356899" lon="-2.6929219282222"/>
      <trkpt lat="55.1858170346179" lon="-2.69287996416169"/>
      <trkpt lat="55.1858405422034" lon="-2.69285356832394"/>
      <trkpt lat="55.1858612459902" lon="-2.69284615836612"/>
      <trkpt lat="55.1858872869672" lon="-2.69284816358549"/>
      <trkpt lat="55.1859437978562" lon="-2.69287892763273"/>
      <trkpt lat="55.1859868780172" lon="-2.69288602027662"/>
      <trkpt lat="55.1860416899634" lon="-2.69288386363704"/>
      <trkpt lat="55.1860830726618" lon="-2.69287357575592"/>
      <trkpt lat="55.1861254244087" lon="-2.69285074365675"/>
      <trkpt lat="55.1862291800141" lon="-2.69277238971676"/>
      <trkpt lat="55.1862762649487" lon="-2.69272296419207"/>
      <trkpt lat="55.1863441612352" lon="-2.69263155666932"/>
      <trkpt lat="55.1864930206705" lon="-2.69236233670701"/>
      <trkpt lat="55.1864977822037" lon="-2.69215678609624"/>
      <trkpt lat="55.1865170921736" lon="-2.69207852036"/>
      <trkpt lat="55.1865316331326" lon="-2.69204898883213"/>
      <trkpt lat="55.1865760142907" lon="-2.69200107004786"/>
      <trkpt lat="55.1866822411795" lon="-2.69196199114335"/>
      <trkpt lat="55.1867670350978" lon="-2.69190065810984"/>
      <trkpt lat="55.1868022716505" lon="-2.69186514004179"/>
      <trkpt lat="55.1868357570722" lon="-2.69182182206252"/>
      <trkpt lat="55.186896610595" lon="-2.69172070777496"/>
      <trkpt lat="55.1870432065097" lon="-2.69153328161715"/>
      <trkpt lat="55.1871967147651" lon="-2.69141020193371"/>
      <trkpt lat="55.1872491250522" lon="-2.69135620443026"/>
      <trkpt lat="55.187357905471" lon="-2.69118379005664"/>
      <trkpt lat="55.1875914012145" lon="-2.6910543232678"/>
      <trkpt lat="55.1877944897538" lon="-2.69088509227981"/>
    </trkseg>
  </trk>
</gpx>
